<?xml version="1.0" encoding="UTF-8"?>
<gpx creator="Garmin Connect" version="1.1" schemaLocation="http://www.topografix.com/GPX/1/1 http://www.topografix.com/GPX/1/1/gpx.xsd http://www.garmin.com/xmlschemas/GpxExtensions/v3 http://www.garmin.com/xmlschemas/GpxExtensionsv3.xsd http://www.garmin.com/xmlschemas/TrackPointExtension/v1 http://www.garmin.com/xmlschemas/TrackPointExtensionv1.xsd http://www.garmin.com/xmlschemas/PowerExtension/v1 http://www.garmin.com/xmlschemas/PowerExtensionv1.xsd http://www.topografix.com/GPX/gpx_style/0/2 http://www.topografix.com/GPX/gpx_style/0/2/gpx_style.xsd" xmlns="http://www.topografix.com/GPX/1/1" xmlns:xsi="http://www.w3.org/2001/XMLSchema-instance" xsi:schemaLocation="http://www.topografix.com/GPX/1/1 http://www.topografix.com/GPX/1/1/gpx.xsd http://www.garmin.com/xmlschemas/GpxExtensions/v3 http://www.garmin.com/xmlschemas/GpxExtensionsv3.xsd http://www.garmin.com/xmlschemas/TrackPointExtension/v1 http://www.garmin.com/xmlschemas/TrackPointExtensionv1.xsd http://www.garmin.com/xmlschemas/PowerExtension/v1 http://www.garmin.com/xmlschemas/PowerExtensionv1.xsd http://www.topografix.com/GPX/gpx_style/0/2 http://www.topografix.com/GPX/gpx_style/0/2/gpx_style.xsd" xmlns:gpxtpx="http://www.garmin.com/xmlschemas/TrackPointExtension/v1" xmlns:gpxx="http://www.garmin.com/xmlschemas/GpxExtensions/v3" xmlns:gpxpx="http://www.garmin.com/xmlschemas/PowerExtension/v1" xmlns:gpx_style="http://www.topografix.com/GPX/gpx_style/0/2">
  <metadata>
    <name>AncaresTrail2026-30km_OFICIAL-2026</name>
    <author>
      <name>gpx.studio</name>
      <link href="https://gpx.studio"/>
    </author>
    <link href="connect.garmin.com">
      <text>Garmin Connect</text>
    </link>
  </metadata>
  <trk>
    <name>AncaresTrail2026-30km_OFICIAL-2026</name>
    <type>trail_running</type>
    <trkseg>
      <trkpt lat="42.82620387788461" lon="-6.745115949151511">
        <ele>930.8271823815246</ele>
      </trkpt>
      <trkpt lat="42.82582279366426" lon="-6.744790513927886">
        <ele>930.9298074510621</ele>
      </trkpt>
      <trkpt lat="42.8254417094439" lon="-6.74446507870426">
        <ele>930.4188833613055</ele>
      </trkpt>
      <trkpt lat="42.8253721831153" lon="-6.744405705171878">
        <ele>930.2709757380718</ele>
      </trkpt>
      <trkpt lat="42.8253721831153" lon="-6.744405705171878">
        <ele>937.3144434813429</ele>
      </trkpt>
      <trkpt lat="42.82536475919187" lon="-6.744397133588791">
        <ele>937.4000244140625</ele>
      </trkpt>
      <trkpt lat="42.825348330661654" lon="-6.744385985657573">
        <ele>937.4000244140625</ele>
      </trkpt>
      <trkpt lat="42.825331315398216" lon="-6.744376430287957">
        <ele>937.4000244140625</ele>
      </trkpt>
      <trkpt lat="42.825315641239285" lon="-6.74436922185123">
        <ele>937.2000122070312</ele>
      </trkpt>
      <trkpt lat="42.825293093919754" lon="-6.744355978444219">
        <ele>937.2000122070312</ele>
      </trkpt>
      <trkpt lat="42.82527398318052" lon="-6.744341310113668">
        <ele>937</ele>
      </trkpt>
      <trkpt lat="42.82525126822293" lon="-6.744318008422852">
        <ele>937</ele>
      </trkpt>
      <trkpt lat="42.82522461377084" lon="-6.744297556579113">
        <ele>937</ele>
      </trkpt>
      <trkpt lat="42.825208101421595" lon="-6.74426956102252">
        <ele>937</ele>
      </trkpt>
      <trkpt lat="42.82518865540624" lon="-6.744235027581453">
        <ele>937</ele>
      </trkpt>
      <trkpt lat="42.82517155632377" lon="-6.744202505797148">
        <ele>936.7999877929688</ele>
      </trkpt>
      <trkpt lat="42.82515454106033" lon="-6.7441796232014894">
        <ele>936.7999877929688</ele>
      </trkpt>
      <trkpt lat="42.825135765597224" lon="-6.744146095588803">
        <ele>936.5999755859375</ele>
      </trkpt>
      <trkpt lat="42.825119169428945" lon="-6.744111310690641">
        <ele>936.5999755859375</ele>
      </trkpt>
      <trkpt lat="42.82510366290808" lon="-6.744084823876619">
        <ele>936.4000244140625</ele>
      </trkpt>
      <trkpt lat="42.82508530654013" lon="-6.744048949331045">
        <ele>936.4000244140625</ele>
      </trkpt>
      <trkpt lat="42.825069883838296" lon="-6.744024138897657">
        <ele>936.5999755859375</ele>
      </trkpt>
      <trkpt lat="42.82504943199456" lon="-6.744002094492316">
        <ele>936.4000244140625</ele>
      </trkpt>
      <trkpt lat="42.82502747140825" lon="-6.743969824165106">
        <ele>936.2000122070312</ele>
      </trkpt>
      <trkpt lat="42.82500668428838" lon="-6.743945935741067">
        <ele>936</ele>
      </trkpt>
      <trkpt lat="42.824986232444644" lon="-6.74392850138247">
        <ele>935.7999877929688</ele>
      </trkpt>
      <trkpt lat="42.82496175728738" lon="-6.743898494169116">
        <ele>935.5999755859375</ele>
      </trkpt>
      <trkpt lat="42.824942311272025" lon="-6.7438798025250435">
        <ele>935.4000244140625</ele>
      </trkpt>
      <trkpt lat="42.82492596656084" lon="-6.743856417015195">
        <ele>935.4000244140625</ele>
      </trkpt>
      <trkpt lat="42.82490643672645" lon="-6.743833031505346">
        <ele>935.4000244140625</ele>
      </trkpt>
      <trkpt lat="42.824891014024615" lon="-6.7438126634806395">
        <ele>935.5999755859375</ele>
      </trkpt>
      <trkpt lat="42.82487701624632" lon="-6.743790954351425">
        <ele>935.7999877929688</ele>
      </trkpt>
      <trkpt lat="42.82486100681126" lon="-6.743763377889991">
        <ele>935.7999877929688</ele>
      </trkpt>
      <trkpt lat="42.824846589937806" lon="-6.743749296292663">
        <ele>936</ele>
      </trkpt>
      <trkpt lat="42.824828401207924" lon="-6.7437325324863195">
        <ele>936.2000122070312</ele>
      </trkpt>
      <trkpt lat="42.824807865545154" lon="-6.743708224967122">
        <ele>936.2000122070312</ele>
      </trkpt>
      <trkpt lat="42.82478607259691" lon="-6.743694813922048">
        <ele>936.4000244140625</ele>
      </trkpt>
      <trkpt lat="42.82476210035384" lon="-6.743678553029895">
        <ele>936.4000244140625</ele>
      </trkpt>
      <trkpt lat="42.82474156469107" lon="-6.743666902184486">
        <ele>936.5999755859375</ele>
      </trkpt>
      <trkpt lat="42.82471641898155" lon="-6.7436624597758055">
        <ele>936.5999755859375</ele>
      </trkpt>
      <trkpt lat="42.824690686538815" lon="-6.743647288531065">
        <ele>936.7999877929688</ele>
      </trkpt>
      <trkpt lat="42.82467098906636" lon="-6.743631782010198">
        <ele>936.7999877929688</ele>
      </trkpt>
      <trkpt lat="42.82465958967805" lon="-6.743616024032235">
        <ele>937.2000122070312</ele>
      </trkpt>
      <trkpt lat="42.82464349642396" lon="-6.743600517511368">
        <ele>937.2000122070312</ele>
      </trkpt>
      <trkpt lat="42.82462379895151" lon="-6.743574868887663">
        <ele>937.2000122070312</ele>
      </trkpt>
      <trkpt lat="42.82461122609675" lon="-6.743559278547764">
        <ele>937.4000244140625</ele>
      </trkpt>
      <trkpt lat="42.82459454610944" lon="-6.743537820875645">
        <ele>937.2000122070312</ele>
      </trkpt>
      <trkpt lat="42.82457157969475" lon="-6.743506975471973">
        <ele>937</ele>
      </trkpt>
      <trkpt lat="42.82455397769809" lon="-6.74348384141922">
        <ele>936.5999755859375</ele>
      </trkpt>
      <trkpt lat="42.82453268766403" lon="-6.743457857519388">
        <ele>936.4000244140625</ele>
      </trkpt>
      <trkpt lat="42.824509385973215" lon="-6.743430783972144">
        <ele>936.2000122070312</ele>
      </trkpt>
      <trkpt lat="42.82449010759592" lon="-6.743417456746101">
        <ele>936.2000122070312</ele>
      </trkpt>
      <trkpt lat="42.824469320476055" lon="-6.743402956053615">
        <ele>936.2000122070312</ele>
      </trkpt>
      <trkpt lat="42.824449287727475" lon="-6.743382001295686">
        <ele>936.4000244140625</ele>
      </trkpt>
      <trkpt lat="42.824430176988244" lon="-6.7433638125658035">
        <ele>936.5999755859375</ele>
      </trkpt>
      <trkpt lat="42.82441274262965" lon="-6.743348473683">
        <ele>936.7999877929688</ele>
      </trkpt>
      <trkpt lat="42.824390195310116" lon="-6.743318298831582">
        <ele>937</ele>
      </trkpt>
      <trkpt lat="42.82437728717923" lon="-6.743295164778829">
        <ele>937</ele>
      </trkpt>
      <trkpt lat="42.824356919154525" lon="-6.743277311325073">
        <ele>937.2000122070312</ele>
      </trkpt>
      <trkpt lat="42.824335964396596" lon="-6.743252081796527">
        <ele>937.4000244140625</ele>
      </trkpt>
      <trkpt lat="42.82432305626571" lon="-6.743228025734425">
        <ele>937.5999755859375</ele>
      </trkpt>
      <trkpt lat="42.82430428080261" lon="-6.743205897510052">
        <ele>937.7999877929688</ele>
      </trkpt>
      <trkpt lat="42.824285589158535" lon="-6.743178321048617">
        <ele>938</ele>
      </trkpt>
      <trkpt lat="42.824272345751524" lon="-6.743158707395196">
        <ele>938</ele>
      </trkpt>
      <trkpt lat="42.82425306737423" lon="-6.7431385070085526">
        <ele>938</ele>
      </trkpt>
      <trkpt lat="42.82423311844468" lon="-6.743106236681342">
        <ele>938</ele>
      </trkpt>
      <trkpt lat="42.82421358861029" lon="-6.743089305236936">
        <ele>938</ele>
      </trkpt>
      <trkpt lat="42.82419581897557" lon="-6.743069104850292">
        <ele>938</ele>
      </trkpt>
      <trkpt lat="42.82417838461697" lon="-6.743043204769492">
        <ele>938</ele>
      </trkpt>
      <trkpt lat="42.82416698522866" lon="-6.743025351315737">
        <ele>938</ele>
      </trkpt>
      <trkpt lat="42.82415080815554" lon="-6.7430036421865225">
        <ele>938.2000122070312</ele>
      </trkpt>
      <trkpt lat="42.82412859611213" lon="-6.74297665245831">
        <ele>938.2000122070312</ele>
      </trkpt>
      <trkpt lat="42.824115604162216" lon="-6.7429594695568085">
        <ele>938.4000244140625</ele>
      </trkpt>
      <trkpt lat="42.82409900799394" lon="-6.742935413494706">
        <ele>938.4000244140625</ele>
      </trkpt>
      <trkpt lat="42.82407931052148" lon="-6.742904148995876">
        <ele>938.4000244140625</ele>
      </trkpt>
      <trkpt lat="42.82406514510512" lon="-6.742883026599884">
        <ele>938.5999755859375</ele>
      </trkpt>
      <trkpt lat="42.82404846511781" lon="-6.7428608145564795">
        <ele>938.5999755859375</ele>
      </trkpt>
      <trkpt lat="42.8240283485502" lon="-6.742827873677015">
        <ele>938.5999755859375</ele>
      </trkpt>
      <trkpt lat="42.82400865107775" lon="-6.742812534794211">
        <ele>938.7999877929688</ele>
      </trkpt>
      <trkpt lat="42.82399591058493" lon="-6.742792669683695">
        <ele>939</ele>
      </trkpt>
      <trkpt lat="42.823977805674076" lon="-6.7427692003548145">
        <ele>939</ele>
      </trkpt>
      <trkpt lat="42.82396322116256" lon="-6.7427583038806915">
        <ele>939.4000244140625</ele>
      </trkpt>
      <trkpt lat="42.82394612208009" lon="-6.742743635550141">
        <ele>939.5999755859375</ele>
      </trkpt>
      <trkpt lat="42.82393053174019" lon="-6.742719914764166">
        <ele>939.7999877929688</ele>
      </trkpt>
      <trkpt lat="42.82391753979027" lon="-6.742701223120093">
        <ele>940</ele>
      </trkpt>
      <trkpt lat="42.823899602517486" lon="-6.742678759619594">
        <ele>940.2000122070312</ele>
      </trkpt>
      <trkpt lat="42.82388267107308" lon="-6.742651266977191">
        <ele>940.2000122070312</ele>
      </trkpt>
      <trkpt lat="42.82386842183769" lon="-6.742631737142801">
        <ele>940.2000122070312</ele>
      </trkpt>
      <trkpt lat="42.823854591697454" lon="-6.742602065205574">
        <ele>940.2000122070312</ele>
      </trkpt>
      <trkpt lat="42.823841851204634" lon="-6.742574069648981">
        <ele>940.2000122070312</ele>
      </trkpt>
      <trkpt lat="42.82382835634053" lon="-6.742550348863006">
        <ele>940.4000244140625</ele>
      </trkpt>
      <trkpt lat="42.82381050288677" lon="-6.742527214810252">
        <ele>940.4000244140625</ele>
      </trkpt>
      <trkpt lat="42.82380002550781" lon="-6.742508187890053">
        <ele>940.5999755859375</ele>
      </trkpt>
      <trkpt lat="42.823788207024336" lon="-6.742486814036965">
        <ele>940.7999877929688</ele>
      </trkpt>
      <trkpt lat="42.82377169467509" lon="-6.742458315566182">
        <ele>941</ele>
      </trkpt>
      <trkpt lat="42.82376239076257" lon="-6.742434427142143">
        <ele>941</ele>
      </trkpt>
      <trkpt lat="42.82375476323068" lon="-6.742411041632295">
        <ele>941.2000122070312</ele>
      </trkpt>
      <trkpt lat="42.82374244183302" lon="-6.742387153208256">
        <ele>941.2000122070312</ele>
      </trkpt>
      <trkpt lat="42.82373037189245" lon="-6.742358319461346">
        <ele>941.2000122070312</ele>
      </trkpt>
      <trkpt lat="42.823715955019" lon="-6.7423368617892265">
        <ele>941.2000122070312</ele>
      </trkpt>
      <trkpt lat="42.823698688298464" lon="-6.742306770756841">
        <ele>941.2000122070312</ele>
      </trkpt>
      <trkpt lat="42.8236863669008" lon="-6.742275422438979">
        <ele>941.2000122070312</ele>
      </trkpt>
      <trkpt lat="42.82367563806474" lon="-6.742252288386226">
        <ele>941.2000122070312</ele>
      </trkpt>
      <trkpt lat="42.82366717234254" lon="-6.742218844592571">
        <ele>941.2000122070312</ele>
      </trkpt>
      <trkpt lat="42.82365937717259" lon="-6.742185819894075">
        <ele>941.2000122070312</ele>
      </trkpt>
      <trkpt lat="42.82363926060498" lon="-6.74215916544199">
        <ele>941.2000122070312</ele>
      </trkpt>
      <trkpt lat="42.82362325116992" lon="-6.742137875407934">
        <ele>941.2000122070312</ele>
      </trkpt>
      <trkpt lat="42.82359978184104" lon="-6.742117507383227">
        <ele>941.2000122070312</ele>
      </trkpt>
      <trkpt lat="42.82357530668378" lon="-6.742105940356851">
        <ele>941</ele>
      </trkpt>
      <trkpt lat="42.82355150207877" lon="-6.74209026619792">
        <ele>941</ele>
      </trkpt>
      <trkpt lat="42.82353959977627" lon="-6.74209076911211">
        <ele>941</ele>
      </trkpt>
      <trkpt lat="42.82351638190448" lon="-6.742080040276051">
        <ele>941.4000244140625</ele>
      </trkpt>
      <trkpt lat="42.82350255176425" lon="-6.7420650366693735">
        <ele>941.7999877929688</ele>
      </trkpt>
      <trkpt lat="42.823491068556905" lon="-6.742059672251344">
        <ele>942.2000122070312</ele>
      </trkpt>
      <trkpt lat="42.823472963646054" lon="-6.7420500330626965">
        <ele>942.5999755859375</ele>
      </trkpt>
      <trkpt lat="42.82344446517527" lon="-6.7420311737805605">
        <ele>942.7999877929688</ele>
      </trkpt>
      <trkpt lat="42.82343432307243" lon="-6.742025474086404">
        <ele>943</ele>
      </trkpt>
      <trkpt lat="42.82341378740966" lon="-6.742019774392247">
        <ele>943.2000122070312</ele>
      </trkpt>
      <trkpt lat="42.8233893122524" lon="-6.742014829069376">
        <ele>943.2000122070312</ele>
      </trkpt>
      <trkpt lat="42.82338344492018" lon="-6.742024132981896">
        <ele>943.4000244140625</ele>
      </trkpt>
      <trkpt lat="42.82336559146643" lon="-6.7420311737805605">
        <ele>943.5999755859375</ele>
      </trkpt>
      <trkpt lat="42.823337092995644" lon="-6.742032011970878">
        <ele>943.7999877929688</ele>
      </trkpt>
      <trkpt lat="42.823327872902155" lon="-6.742028743028641">
        <ele>944.2000122070312</ele>
      </trkpt>
      <trkpt lat="42.82330758869648" lon="-6.742021953687072">
        <ele>944.5999755859375</ele>
      </trkpt>
      <trkpt lat="42.82328554429114" lon="-6.742008291184902">
        <ele>945</ele>
      </trkpt>
      <trkpt lat="42.823271965608" lon="-6.742002088576555">
        <ele>945.4000244140625</ele>
      </trkpt>
      <trkpt lat="42.82325327396393" lon="-6.741991024464369">
        <ele>945.7999877929688</ele>
      </trkpt>
      <trkpt lat="42.82323332503438" lon="-6.741981217637658">
        <ele>946</ele>
      </trkpt>
      <trkpt lat="42.82321413047612" lon="-6.741971243172884">
        <ele>946.4000244140625</ele>
      </trkpt>
      <trkpt lat="42.823198372498155" lon="-6.7419646214693785">
        <ele>946.5999755859375</ele>
      </trkpt>
      <trkpt lat="42.82318018376827" lon="-6.7419537249952555">
        <ele>947</ele>
      </trkpt>
      <trkpt lat="42.82316283322871" lon="-6.741941990330815">
        <ele>947.4000244140625</ele>
      </trkpt>
      <trkpt lat="42.82314187847078" lon="-6.741934698075056">
        <ele>947.7999877929688</ele>
      </trkpt>
      <trkpt lat="42.82312083989382" lon="-6.741920784115791">
        <ele>948.2000122070312</ele>
      </trkpt>
      <trkpt lat="42.82310583628714" lon="-6.741918018087745">
        <ele>948.5999755859375</ele>
      </trkpt>
      <trkpt lat="42.823087479919195" lon="-6.7419154196977615">
        <ele>948.7999877929688</ele>
      </trkpt>
      <trkpt lat="42.8230666089803" lon="-6.7419045232236385">
        <ele>949.2000122070312</ele>
      </trkpt>
      <trkpt lat="42.82304950989783" lon="-6.741899996995926">
        <ele>949.4000244140625</ele>
      </trkpt>
      <trkpt lat="42.82303215935826" lon="-6.741895554587245">
        <ele>949.7999877929688</ele>
      </trkpt>
      <trkpt lat="42.82301212660968" lon="-6.741887340322137">
        <ele>950</ele>
      </trkpt>
      <trkpt lat="42.822993602603674" lon="-6.741888094693422">
        <ele>950.4000244140625</ele>
      </trkpt>
      <trkpt lat="42.82298077829182" lon="-6.741889603435993">
        <ele>950.5999755859375</ele>
      </trkpt>
      <trkpt lat="42.82296652905643" lon="-6.741888849064708">
        <ele>951</ele>
      </trkpt>
      <trkpt lat="42.82295546494424" lon="-6.741882394999266">
        <ele>951.4000244140625</ele>
      </trkpt>
      <trkpt lat="42.8229474183172" lon="-6.741878958418965">
        <ele>951.7999877929688</ele>
      </trkpt>
      <trkpt lat="42.82293719239533" lon="-6.741878874599934">
        <ele>952.2000122070312</ele>
      </trkpt>
      <trkpt lat="42.82291959039867" lon="-6.741878287866712">
        <ele>952.5999755859375</ele>
      </trkpt>
      <trkpt lat="42.82289922237396" lon="-6.741876611486077">
        <ele>953</ele>
      </trkpt>
      <trkpt lat="42.82288589514792" lon="-6.741873845458031">
        <ele>953.4000244140625</ele>
      </trkpt>
      <trkpt lat="42.822871562093496" lon="-6.741868564859033">
        <ele>953.7999877929688</ele>
      </trkpt>
      <trkpt lat="42.82285907305777" lon="-6.74186110496521">
        <ele>954.2000122070312</ele>
      </trkpt>
      <trkpt lat="42.82284423708916" lon="-6.741854902356863">
        <ele>954.4000244140625</ele>
      </trkpt>
      <trkpt lat="42.822831496596336" lon="-6.741856159642339">
        <ele>954.7999877929688</ele>
      </trkpt>
      <trkpt lat="42.82281640917063" lon="-6.741852471604943">
        <ele>955</ele>
      </trkpt>
      <trkpt lat="42.82279855571687" lon="-6.741841156035662">
        <ele>955.2000122070312</ele>
      </trkpt>
      <trkpt lat="42.8227848932147" lon="-6.741838976740837">
        <ele>955.4000244140625</ele>
      </trkpt>
      <trkpt lat="42.8227695543319" lon="-6.741843000054359">
        <ele>955.5999755859375</ele>
      </trkpt>
      <trkpt lat="42.82275069504976" lon="-6.741863870993257">
        <ele>956</ele>
      </trkpt>
      <trkpt lat="42.82274759374559" lon="-6.741887088865042">
        <ele>956.4000244140625</ele>
      </trkpt>
      <trkpt lat="42.82274960540235" lon="-6.741912569850683">
        <ele>956.7999877929688</ele>
      </trkpt>
      <trkpt lat="42.82275798730552" lon="-6.741938637569547">
        <ele>957</ele>
      </trkpt>
      <trkpt lat="42.82277064397931" lon="-6.741956993937492">
        <ele>957.2000122070312</ele>
      </trkpt>
      <trkpt lat="42.82278045080602" lon="-6.741973422467709">
        <ele>957.4000244140625</ele>
      </trkpt>
      <trkpt lat="42.82279470004141" lon="-6.742000747472048">
        <ele>957.2000122070312</ele>
      </trkpt>
      <trkpt lat="42.82280484214425" lon="-6.742015918716788">
        <ele>957.2000122070312</ele>
      </trkpt>
      <trkpt lat="42.8228160738945" lon="-6.74203310161829">
        <ele>957.2000122070312</ele>
      </trkpt>
      <trkpt lat="42.82283359207213" lon="-6.742060007527471">
        <ele>957.4000244140625</ele>
      </trkpt>
      <trkpt lat="42.82284599728882" lon="-6.742076771333814">
        <ele>957.4000244140625</ele>
      </trkpt>
      <trkpt lat="42.822861168533564" lon="-6.742099151015282">
        <ele>957.5999755859375</ele>
      </trkpt>
      <trkpt lat="42.822878351435065" lon="-6.742124632000923">
        <ele>957.7999877929688</ele>
      </trkpt>
      <trkpt lat="42.82289016991854" lon="-6.742138462141156">
        <ele>958</ele>
      </trkpt>
      <trkpt lat="42.822904167696834" lon="-6.742154220119119">
        <ele>958.2000122070312</ele>
      </trkpt>
      <trkpt lat="42.82291925512254" lon="-6.742178108543158">
        <ele>958.4000244140625</ele>
      </trkpt>
      <trkpt lat="42.822927637025714" lon="-6.742197638377547">
        <ele>958.7999877929688</ele>
      </trkpt>
      <trkpt lat="42.82293828204274" lon="-6.742218676954508">
        <ele>959</ele>
      </trkpt>
      <trkpt lat="42.82294792123139" lon="-6.742240721359849">
        <ele>959.2000122070312</ele>
      </trkpt>
      <trkpt lat="42.82295915298164" lon="-6.7422617599368095">
        <ele>959.4000244140625</ele>
      </trkpt>
      <trkpt lat="42.822967702522874" lon="-6.74227693118155">
        <ele>959.5999755859375</ele>
      </trkpt>
      <trkpt lat="42.822973150759935" lon="-6.742296377196908">
        <ele>959.7999877929688</ele>
      </trkpt>
      <trkpt lat="42.822981867939234" lon="-6.742321606725454">
        <ele>960.2000122070312</ele>
      </trkpt>
      <trkpt lat="42.822990166023374" lon="-6.742340717464685">
        <ele>960.4000244140625</ele>
      </trkpt>
      <trkpt lat="42.82299569807947" lon="-6.74236292950809">
        <ele>960.5999755859375</ele>
      </trkpt>
      <trkpt lat="42.82300231978297" lon="-6.7423889972269535">
        <ele>960.7999877929688</ele>
      </trkpt>
      <trkpt lat="42.823008354753256" lon="-6.742407102137804">
        <ele>961</ele>
      </trkpt>
      <trkpt lat="42.82301506027579" lon="-6.742426296696067">
        <ele>961.2000122070312</ele>
      </trkpt>
      <trkpt lat="42.823023023083806" lon="-6.742454878985882">
        <ele>961.4000244140625</ele>
      </trkpt>
      <trkpt lat="42.823024867102504" lon="-6.742476420477033">
        <ele>961.5999755859375</ele>
      </trkpt>
      <trkpt lat="42.82303048297763" lon="-6.742496034130454">
        <ele>961.7999877929688</ele>
      </trkpt>
      <trkpt lat="42.823035679757595" lon="-6.742517910897732">
        <ele>962</ele>
      </trkpt>
      <trkpt lat="42.82304431311786" lon="-6.742538195103407">
        <ele>962.4000244140625</ele>
      </trkpt>
      <trkpt lat="42.823049342259765" lon="-6.742555210366845">
        <ele>962.5999755859375</ele>
      </trkpt>
      <trkpt lat="42.82305018045008" lon="-6.742575326934457">
        <ele>963</ele>
      </trkpt>
      <trkpt lat="42.82305881381035" lon="-6.742601310834289">
        <ele>963.2000122070312</ele>
      </trkpt>
      <trkpt lat="42.82306225039065" lon="-6.742618074640632">
        <ele>963.5999755859375</ele>
      </trkpt>
      <trkpt lat="42.82306761480868" lon="-6.742636850103736">
        <ele>963.7999877929688</ele>
      </trkpt>
      <trkpt lat="42.82306778244674" lon="-6.742661828175187">
        <ele>964</ele>
      </trkpt>
      <trkpt lat="42.82306669279933" lon="-6.742680938914418">
        <ele>964.4000244140625</ele>
      </trkpt>
      <trkpt lat="42.82306996174157" lon="-6.742698708549142">
        <ele>964.5999755859375</ele>
      </trkpt>
      <trkpt lat="42.823073733597994" lon="-6.742715975269675">
        <ele>965</ele>
      </trkpt>
      <trkpt lat="42.823075326159596" lon="-6.742737349122763">
        <ele>965.2000122070312</ele>
      </trkpt>
      <trkpt lat="42.82307784073055" lon="-6.742756040766835">
        <ele>965.5999755859375</ele>
      </trkpt>
      <trkpt lat="42.82308228313923" lon="-6.74276945181191">
        <ele>965.7999877929688</ele>
      </trkpt>
      <trkpt lat="42.823084965348244" lon="-6.74279049038887">
        <ele>966</ele>
      </trkpt>
      <trkpt lat="42.82309175468981" lon="-6.742812031880021">
        <ele>966.4000244140625</ele>
      </trkpt>
      <trkpt lat="42.823097705841064" lon="-6.742826532572508">
        <ele>966.5999755859375</ele>
      </trkpt>
      <trkpt lat="42.82310390844941" lon="-6.74284472130239">
        <ele>967</ele>
      </trkpt>
      <trkpt lat="42.82311061397195" lon="-6.7428643349558115">
        <ele>967.2000122070312</ele>
      </trkpt>
      <trkpt lat="42.823115391656756" lon="-6.742887385189533">
        <ele>967.5999755859375</ele>
      </trkpt>
      <trkpt lat="42.823119163513184" lon="-6.742905238643289">
        <ele>968</ele>
      </trkpt>
      <trkpt lat="42.82312595285475" lon="-6.742923092097044">
        <ele>968.4000244140625</ele>
      </trkpt>
      <trkpt lat="42.82313860952854" lon="-6.742945304140449">
        <ele>968.7999877929688</ele>
      </trkpt>
      <trkpt lat="42.823141710832715" lon="-6.7429618164896965">
        <ele>969.2000122070312</ele>
      </trkpt>
      <trkpt lat="42.823146153241396" lon="-6.742978245019913">
        <ele>969.5999755859375</ele>
      </trkpt>
      <trkpt lat="42.823152523487806" lon="-6.742999451234937">
        <ele>970</ele>
      </trkpt>
      <trkpt lat="42.82316098921001" lon="-6.743020908907056">
        <ele>970.2000122070312</ele>
      </trkpt>
      <trkpt lat="42.82316392287612" lon="-6.743040103465319">
        <ele>970.5999755859375</ele>
      </trkpt>
      <trkpt lat="42.82317213714123" lon="-6.743056531995535">
        <ele>970.7999877929688</ele>
      </trkpt>
      <trkpt lat="42.82317616045475" lon="-6.743073547258973">
        <ele>971.2000122070312</ele>
      </trkpt>
      <trkpt lat="42.82318194396794" lon="-6.743095256388187">
        <ele>971.5999755859375</ele>
      </trkpt>
      <trkpt lat="42.823185129091144" lon="-6.743111852556467">
        <ele>972</ele>
      </trkpt>
      <trkpt lat="42.823189655318856" lon="-6.743128197267652">
        <ele>972.5999755859375</ele>
      </trkpt>
      <trkpt lat="42.823194433003664" lon="-6.743144541978836">
        <ele>973</ele>
      </trkpt>
      <trkpt lat="42.823197869583964" lon="-6.743167927488685">
        <ele>973.5999755859375</ele>
      </trkpt>
      <trkpt lat="42.823199378326535" lon="-6.743185697123408">
        <ele>973.7999877929688</ele>
      </trkpt>
      <trkpt lat="42.82320390455425" lon="-6.743200281634927">
        <ele>974</ele>
      </trkpt>
      <trkpt lat="42.82320549711585" lon="-6.743215452879667">
        <ele>974.4000244140625</ele>
      </trkpt>
      <trkpt lat="42.82321237027645" lon="-6.74323414452374">
        <ele>974.5999755859375</ele>
      </trkpt>
      <trkpt lat="42.823212621733546" lon="-6.743247807025909">
        <ele>974.5999755859375</ele>
      </trkpt>
      <trkpt lat="42.82321379519999" lon="-6.7432622238993645">
        <ele>975</ele>
      </trkpt>
      <trkpt lat="42.823216980323195" lon="-6.743277898058295">
        <ele>975.4000244140625</ele>
      </trkpt>
      <trkpt lat="42.82322410494089" lon="-6.743305139243603">
        <ele>975.7999877929688</ele>
      </trkpt>
      <trkpt lat="42.823226284235716" lon="-6.743322908878326">
        <ele>976.2000122070312</ele>
      </trkpt>
      <trkpt lat="42.82323273830116" lon="-6.74334017559886">
        <ele>976.5999755859375</ele>
      </trkpt>
      <trkpt lat="42.823235085234046" lon="-6.743357861414552">
        <ele>977</ele>
      </trkpt>
      <trkpt lat="42.823239443823695" lon="-6.743377223610878">
        <ele>977.4000244140625</ele>
      </trkpt>
      <trkpt lat="42.82324464060366" lon="-6.743391053751111">
        <ele>977.5999755859375</ele>
      </trkpt>
      <trkpt lat="42.82324891537428" lon="-6.743401950225234">
        <ele>977.7999877929688</ele>
      </trkpt>
      <trkpt lat="42.823254615068436" lon="-6.743413852527738">
        <ele>978</ele>
      </trkpt>
      <trkpt lat="42.823261488229036" lon="-6.743432711809874">
        <ele>978.4000244140625</ele>
      </trkpt>
      <trkpt lat="42.823266852647066" lon="-6.743442350998521">
        <ele>978.7999877929688</ele>
      </trkpt>
      <trkpt lat="42.823273641988635" lon="-6.743453415110707">
        <ele>979.2000122070312</ele>
      </trkpt>
      <trkpt lat="42.82327833585441" lon="-6.743466574698687">
        <ele>979.7999877929688</ele>
      </trkpt>
      <trkpt lat="42.82328453846276" lon="-6.743483589962125">
        <ele>980.2000122070312</ele>
      </trkpt>
      <trkpt lat="42.823289735242724" lon="-6.7435019463300705">
        <ele>980.5999755859375</ele>
      </trkpt>
      <trkpt lat="42.82329476438463" lon="-6.743514351546764">
        <ele>981</ele>
      </trkpt>
      <trkpt lat="42.823302894830704" lon="-6.7435266729444265">
        <ele>981.4000244140625</ele>
      </trkpt>
      <trkpt lat="42.82330792397261" lon="-6.7435437720268965">
        <ele>981.7999877929688</ele>
      </trkpt>
      <trkpt lat="42.823313288390636" lon="-6.743562547490001">
        <ele>982</ele>
      </trkpt>
      <trkpt lat="42.8233153000474" lon="-6.74357914365828">
        <ele>982.4000244140625</ele>
      </trkpt>
      <trkpt lat="42.823321502655745" lon="-6.743590710684657">
        <ele>982.5999755859375</ele>
      </trkpt>
      <trkpt lat="42.82332661561668" lon="-6.743602864444256">
        <ele>982.7999877929688</ele>
      </trkpt>
      <trkpt lat="42.823334662243724" lon="-6.743625663220882">
        <ele>983.2000122070312</ele>
      </trkpt>
      <trkpt lat="42.8233377635479" lon="-6.743643349036574">
        <ele>983.4000244140625</ele>
      </trkpt>
      <trkpt lat="42.823344049975276" lon="-6.743655921891332">
        <ele>983.7999877929688</ele>
      </trkpt>
      <trkpt lat="42.82334706746042" lon="-6.743672685697675">
        <ele>984.2000122070312</ele>
      </trkpt>
      <trkpt lat="42.823348827660084" lon="-6.7436957359313965">
        <ele>984.5999755859375</ele>
      </trkpt>
      <trkpt lat="42.8233496658504" lon="-6.743711661547422">
        <ele>985</ele>
      </trkpt>
      <trkpt lat="42.823351845145226" lon="-6.743725826963782">
        <ele>985.2000122070312</ele>
      </trkpt>
      <trkpt lat="42.823353772982955" lon="-6.743739992380142">
        <ele>985.4000244140625</ele>
      </trkpt>
      <trkpt lat="42.823355281725526" lon="-6.7437658086419106">
        <ele>985.5999755859375</ele>
      </trkpt>
      <trkpt lat="42.82335360534489" lon="-6.743784416466951">
        <ele>986</ele>
      </trkpt>
      <trkpt lat="42.823357628658414" lon="-6.743798917159438">
        <ele>986.2000122070312</ele>
      </trkpt>
      <trkpt lat="42.8233602270484" lon="-6.743814926594496">
        <ele>986.5999755859375</ele>
      </trkpt>
      <trkpt lat="42.82336190342903" lon="-6.743829343467951">
        <ele>987</ele>
      </trkpt>
      <trkpt lat="42.82336374744773" lon="-6.743852896615863">
        <ele>987.4000244140625</ele>
      </trkpt>
      <trkpt lat="42.82336911186576" lon="-6.743869325146079">
        <ele>987.7999877929688</ele>
      </trkpt>
      <trkpt lat="42.82337347045541" lon="-6.74388499930501">
        <ele>988</ele>
      </trkpt>
      <trkpt lat="42.82337749376893" lon="-6.743899583816528">
        <ele>988.4000244140625</ele>
      </trkpt>
      <trkpt lat="42.82338294200599" lon="-6.743924058973789">
        <ele>988.7999877929688</ele>
      </trkpt>
      <trkpt lat="42.8233824390918" lon="-6.743941158056259">
        <ele>989</ele>
      </trkpt>
      <trkpt lat="42.82338537275791" lon="-6.743955239653587">
        <ele>989.4000244140625</ele>
      </trkpt>
      <trkpt lat="42.8233911562711" lon="-6.743967812508345">
        <ele>989.7999877929688</ele>
      </trkpt>
      <trkpt lat="42.82339861616492" lon="-6.743989018723369">
        <ele>990.2000122070312</ele>
      </trkpt>
      <trkpt lat="42.82340037636459" lon="-6.744006620720029">
        <ele>990.5999755859375</ele>
      </trkpt>
      <trkpt lat="42.823407500982285" lon="-6.744024306535721">
        <ele>990.7999877929688</ele>
      </trkpt>
      <trkpt lat="42.823412362486124" lon="-6.744039477780461">
        <ele>991.2000122070312</ele>
      </trkpt>
      <trkpt lat="42.823419235646725" lon="-6.744060767814517">
        <ele>991.5999755859375</ele>
      </trkpt>
      <trkpt lat="42.82342476770282" lon="-6.7440747655928135">
        <ele>991.7999877929688</ele>
      </trkpt>
      <trkpt lat="42.82343130558729" lon="-6.744087925180793">
        <ele>992</ele>
      </trkpt>
      <trkpt lat="42.823434825986624" lon="-6.744104437530041">
        <ele>992.4000244140625</ele>
      </trkpt>
      <trkpt lat="42.82344044186175" lon="-6.744123296812177">
        <ele>992.7999877929688</ele>
      </trkpt>
      <trkpt lat="42.8234498295933" lon="-6.744136791676283">
        <ele>993</ele>
      </trkpt>
      <trkpt lat="42.82345678657293" lon="-6.744149783626199">
        <ele>993.2000122070312</ele>
      </trkpt>
      <trkpt lat="42.82345913350582" lon="-6.744172498583794">
        <ele>993.5999755859375</ele>
      </trkpt>
      <trkpt lat="42.823464246466756" lon="-6.7441916931420565">
        <ele>993.7999877929688</ele>
      </trkpt>
      <trkpt lat="42.82347145490348" lon="-6.744203846901655">
        <ele>994</ele>
      </trkpt>
      <trkpt lat="42.8234791662544" lon="-6.744218599051237">
        <ele>994.2000122070312</ele>
      </trkpt>
      <trkpt lat="42.82348268665373" lon="-6.744236368685961">
        <ele>994.5999755859375</ele>
      </trkpt>
      <trkpt lat="42.82348587177694" lon="-6.744253803044558">
        <ele>994.7999877929688</ele>
      </trkpt>
      <trkpt lat="42.823489056900144" lon="-6.744265705347061">
        <ele>995.2000122070312</ele>
      </trkpt>
      <trkpt lat="42.8234931640327" lon="-6.744278529658914">
        <ele>995.5999755859375</ele>
      </trkpt>
      <trkpt lat="42.8235000371933" lon="-6.744296215474606">
        <ele>996</ele>
      </trkpt>
      <trkpt lat="42.8235034737736" lon="-6.7443150747567415">
        <ele>996.4000244140625</ele>
      </trkpt>
      <trkpt lat="42.82350808382034" lon="-6.744330329820514">
        <ele>996.7999877929688</ele>
      </trkpt>
      <trkpt lat="42.82351411879063" lon="-6.744347428902984">
        <ele>997</ele>
      </trkpt>
      <trkpt lat="42.82352006994188" lon="-6.744367713108659">
        <ele>997.2000122070312</ele>
      </trkpt>
      <trkpt lat="42.82352467998862" lon="-6.744387410581112">
        <ele>997.5999755859375</ele>
      </trkpt>
      <trkpt lat="42.82352861948311" lon="-6.744403168559074">
        <ele>997.7999877929688</ele>
      </trkpt>
      <trkpt lat="42.82353239133954" lon="-6.744420602917671">
        <ele>998.2000122070312</ele>
      </trkpt>
      <trkpt lat="42.8235380910337" lon="-6.744442144408822">
        <ele>998.4000244140625</ele>
      </trkpt>
      <trkpt lat="42.82353834249079" lon="-6.744458405300975">
        <ele>998.7999877929688</ele>
      </trkpt>
      <trkpt lat="42.82354420982301" lon="-6.744476007297635">
        <ele>999</ele>
      </trkpt>
      <trkpt lat="42.82354881986976" lon="-6.744491932913661">
        <ele>999.2000122070312</ele>
      </trkpt>
      <trkpt lat="42.82355586066842" lon="-6.744512720033526">
        <ele>999.4000244140625</ele>
      </trkpt>
      <trkpt lat="42.82356172800064" lon="-6.7445294838398695">
        <ele>999.7999877929688</ele>
      </trkpt>
      <trkpt lat="42.823566840961576" lon="-6.744543649256229">
        <ele>1000</ele>
      </trkpt>
      <trkpt lat="42.82357136718929" lon="-6.744554545730352">
        <ele>1000.2000122070312</ele>
      </trkpt>
      <trkpt lat="42.82358268275857" lon="-6.744574746116996">
        <ele>1000.4000244140625</ele>
      </trkpt>
      <trkpt lat="42.82358477823436" lon="-6.744588911533356">
        <ele>1000.5999755859375</ele>
      </trkpt>
      <trkpt lat="42.82358955591917" lon="-6.744600646197796">
        <ele>1001</ele>
      </trkpt>
      <trkpt lat="42.82359542325139" lon="-6.744613470509648">
        <ele>1001.2000122070312</ele>
      </trkpt>
      <trkpt lat="42.823602966964245" lon="-6.744634173810482">
        <ele>1001.5999755859375</ele>
      </trkpt>
      <trkpt lat="42.82360455952585" lon="-6.744651775807142">
        <ele>1001.7999877929688</ele>
      </trkpt>
      <trkpt lat="42.82360766083002" lon="-6.7446677852422">
        <ele>1002.2000122070312</ele>
      </trkpt>
      <trkpt lat="42.82360958866775" lon="-6.744682705029845">
        <ele>1002.5999755859375</ele>
      </trkpt>
      <trkpt lat="42.82360875047743" lon="-6.7447038274258375">
        <ele>1003</ele>
      </trkpt>
      <trkpt lat="42.82361042685807" lon="-6.744722435250878">
        <ele>1003.4000244140625</ele>
      </trkpt>
      <trkpt lat="42.82360807992518" lon="-6.74473668448627">
        <ele>1003.7999877929688</ele>
      </trkpt>
      <trkpt lat="42.8236123546958" lon="-6.744746072217822">
        <ele>1004.2000122070312</ele>
      </trkpt>
      <trkpt lat="42.82361386343837" lon="-6.744761411100626">
        <ele>1004.4000244140625</ele>
      </trkpt>
      <trkpt lat="42.82361478544772" lon="-6.744780018925667">
        <ele>1004.5999755859375</ele>
      </trkpt>
      <trkpt lat="42.823621490970254" lon="-6.744796363636851">
        <ele>1004.7999877929688</ele>
      </trkpt>
      <trkpt lat="42.823626855388284" lon="-6.7448139656335115">
        <ele>1005</ele>
      </trkpt>
      <trkpt lat="42.82363196834922" lon="-6.744823437184095">
        <ele>1005.2000122070312</ele>
      </trkpt>
      <trkpt lat="42.823633812367916" lon="-6.744836680591106">
        <ele>1005.5999755859375</ele>
      </trkpt>
      <trkpt lat="42.82363548874855" lon="-6.744847577065229">
        <ele>1006</ele>
      </trkpt>
      <trkpt lat="42.82363733276725" lon="-6.7448625806719065">
        <ele>1006.4000244140625</ele>
      </trkpt>
      <trkpt lat="42.82363758422434" lon="-6.744874147698283">
        <ele>1006.5999755859375</ele>
      </trkpt>
      <trkpt lat="42.82363850623369" lon="-6.744884289801121">
        <ele>1007</ele>
      </trkpt>
      <trkpt lat="42.823640098795295" lon="-6.744896192103624">
        <ele>1007.2000122070312</ele>
      </trkpt>
      <trkpt lat="42.823641020804644" lon="-6.7449096869677305">
        <ele>1007.4000244140625</ele>
      </trkpt>
      <trkpt lat="42.82364227809012" lon="-6.744926953688264">
        <ele>1007.5999755859375</ele>
      </trkpt>
      <trkpt lat="42.8236432839185" lon="-6.744946232065558">
        <ele>1008</ele>
      </trkpt>
      <trkpt lat="42.823644541203976" lon="-6.744963498786092">
        <ele>1008.2000122070312</ele>
      </trkpt>
      <trkpt lat="42.82364613376558" lon="-6.744977412745357">
        <ele>1008.4000244140625</ele>
      </trkpt>
      <trkpt lat="42.82364378683269" lon="-6.744989482685924">
        <ele>1008.7999877929688</ele>
      </trkpt>
      <trkpt lat="42.82364781014621" lon="-6.745001804083586">
        <ele>1009</ele>
      </trkpt>
      <trkpt lat="42.82365065999329" lon="-6.7450174782425165">
        <ele>1009.4000244140625</ele>
      </trkpt>
      <trkpt lat="42.82365635968745" lon="-6.745034661144018">
        <ele>1009.5999755859375</ele>
      </trkpt>
      <trkpt lat="42.82366247847676" lon="-6.745053268969059">
        <ele>1009.7999877929688</ele>
      </trkpt>
      <trkpt lat="42.823665998876095" lon="-6.745067434385419">
        <ele>1010.2000122070312</ele>
      </trkpt>
      <trkpt lat="42.82366834580898" lon="-6.745078414678574">
        <ele>1010.4000244140625</ele>
      </trkpt>
      <trkpt lat="42.8236707765609" lon="-6.745090400800109">
        <ele>1010.7999877929688</ele>
      </trkpt>
      <trkpt lat="42.82367404550314" lon="-6.74510657787323">
        <ele>1011.4000244140625</ele>
      </trkpt>
      <trkpt lat="42.823679661378264" lon="-6.745119905099273">
        <ele>1011.7999877929688</ele>
      </trkpt>
      <trkpt lat="42.82368427142501" lon="-6.74513247795403">
        <ele>1012.2000122070312</ele>
      </trkpt>
      <trkpt lat="42.82368837855756" lon="-6.745144631713629">
        <ele>1012.4000244140625</ele>
      </trkpt>
      <trkpt lat="42.82369106076658" lon="-6.74515594728291">
        <ele>1012.5999755859375</ele>
      </trkpt>
      <trkpt lat="42.82369315624237" lon="-6.745171034708619">
        <ele>1012.5999755859375</ele>
      </trkpt>
      <trkpt lat="42.823697766289115" lon="-6.74518478102982">
        <ele>1012.5999755859375</ele>
      </trkpt>
      <trkpt lat="42.82370430417359" lon="-6.745201209560037">
        <ele>1012.7999877929688</ele>
      </trkpt>
      <trkpt lat="42.82370916567743" lon="-6.745218560099602">
        <ele>1013</ele>
      </trkpt>
      <trkpt lat="42.823715955019" lon="-6.74523264169693">
        <ele>1013.2000122070312</ele>
      </trkpt>
      <trkpt lat="42.82372106797993" lon="-6.745245046913624">
        <ele>1013.5999755859375</ele>
      </trkpt>
      <trkpt lat="42.823724588379264" lon="-6.7452566139400005">
        <ele>1013.7999877929688</ele>
      </trkpt>
      <trkpt lat="42.82372743822634" lon="-6.745273796841502">
        <ele>1014.2000122070312</ele>
      </trkpt>
      <trkpt lat="42.82373263500631" lon="-6.745290225371718">
        <ele>1014.5999755859375</ele>
      </trkpt>
      <trkpt lat="42.823736825957894" lon="-6.74530983902514">
        <ele>1015.2000122070312</ele>
      </trkpt>
      <trkpt lat="42.82373699359596" lon="-6.745328111574054">
        <ele>1015.5999755859375</ele>
      </trkpt>
      <trkpt lat="42.823738837614655" lon="-6.745344288647175">
        <ele>1016</ele>
      </trkpt>
      <trkpt lat="42.823740262538195" lon="-6.7453579511493444">
        <ele>1016</ele>
      </trkpt>
      <trkpt lat="42.8237381670624" lon="-6.745371026918292">
        <ele>1016.2000122070312</ele>
      </trkpt>
      <trkpt lat="42.82373481430113" lon="-6.745386533439159">
        <ele>1016.4000244140625</ele>
      </trkpt>
      <trkpt lat="42.82373615540564" lon="-6.745404805988073">
        <ele>1016.4000244140625</ele>
      </trkpt>
      <trkpt lat="42.82373665831983" lon="-6.745420647785068">
        <ele>1016.7999877929688</ele>
      </trkpt>
      <trkpt lat="42.823738334700465" lon="-6.745436489582062">
        <ele>1017.2000122070312</ele>
      </trkpt>
      <trkpt lat="42.823742274194956" lon="-6.745452499017119">
        <ele>1017.4000244140625</ele>
      </trkpt>
      <trkpt lat="42.82374596223235" lon="-6.745467837899923">
        <ele>1017.7999877929688</ele>
      </trkpt>
      <trkpt lat="42.823747638612986" lon="-6.745481668040156">
        <ele>1017.7999877929688</ele>
      </trkpt>
      <trkpt lat="42.82375023700297" lon="-6.745496084913611">
        <ele>1017.5999755859375</ele>
      </trkpt>
      <trkpt lat="42.82375308685005" lon="-6.745511004701257">
        <ele>1017.5999755859375</ele>
      </trkpt>
      <trkpt lat="42.823755852878094" lon="-6.74552584066987">
        <ele>1017.5999755859375</ele>
      </trkpt>
      <trkpt lat="42.82375761307776" lon="-6.74554193392396">
        <ele>1017.7999877929688</ele>
      </trkpt>
      <trkpt lat="42.82375761307776" lon="-6.745560877025127">
        <ele>1018</ele>
      </trkpt>
      <trkpt lat="42.82375627197325" lon="-6.7455799877643585">
        <ele>1018.4000244140625</ele>
      </trkpt>
      <trkpt lat="42.82375660724938" lon="-6.74560010433197">
        <ele>1018.5999755859375</ele>
      </trkpt>
      <trkpt lat="42.823757864534855" lon="-6.745617957785726">
        <ele>1018.7999877929688</ele>
      </trkpt>
      <trkpt lat="42.82375845126808" lon="-6.745634386315942">
        <ele>1019</ele>
      </trkpt>
      <trkpt lat="42.823759289458394" lon="-6.745649222284555">
        <ele>1019</ele>
      </trkpt>
      <trkpt lat="42.8237590380013" lon="-6.745665147900581">
        <ele>1019.4000244140625</ele>
      </trkpt>
      <trkpt lat="42.82375752925873" lon="-6.745682749897242">
        <ele>1019.4000244140625</ele>
      </trkpt>
      <trkpt lat="42.823756858706474" lon="-6.745699681341648">
        <ele>1019.5999755859375</ele>
      </trkpt>
      <trkpt lat="42.823757361620665" lon="-6.745718289166689">
        <ele>1019.7999877929688</ele>
      </trkpt>
      <trkpt lat="42.82375870272517" lon="-6.745731616392732">
        <ele>1019.7999877929688</ele>
      </trkpt>
      <trkpt lat="42.82376012764871" lon="-6.7457472905516624">
        <ele>1020</ele>
      </trkpt>
      <trkpt lat="42.82376054674387" lon="-6.745760031044483">
        <ele>1020.2000122070312</ele>
      </trkpt>
      <trkpt lat="42.823759876191616" lon="-6.745775286108255">
        <ele>1020.4000244140625</ele>
      </trkpt>
      <trkpt lat="42.823758367449045" lon="-6.745790457352996">
        <ele>1020.5999755859375</ele>
      </trkpt>
      <trkpt lat="42.82376021146774" lon="-6.7458092328161">
        <ele>1021.2000122070312</ele>
      </trkpt>
      <trkpt lat="42.82376046292484" lon="-6.745827002450824">
        <ele>1021.5999755859375</ele>
      </trkpt>
      <trkpt lat="42.82376314513385" lon="-6.745836976915598">
        <ele>1022</ele>
      </trkpt>
      <trkpt lat="42.8237624745816" lon="-6.7458506394177675">
        <ele>1022.2000122070312</ele>
      </trkpt>
      <trkpt lat="42.82376415096223" lon="-6.745862374082208">
        <ele>1022.5999755859375</ele>
      </trkpt>
      <trkpt lat="42.82376104965806" lon="-6.745873941108584">
        <ele>1022.7999877929688</ele>
      </trkpt>
      <trkpt lat="42.82376054674387" lon="-6.745895650237799">
        <ele>1023</ele>
      </trkpt>
      <trkpt lat="42.82375912182033" lon="-6.745917443186045">
        <ele>1023.2000122070312</ele>
      </trkpt>
      <trkpt lat="42.82376021146774" lon="-6.7459378112107515">
        <ele>1023.5999755859375</ele>
      </trkpt>
      <trkpt lat="42.82376088202" lon="-6.745959771797061">
        <ele>1023.7999877929688</ele>
      </trkpt>
      <trkpt lat="42.82376197166741" lon="-6.745980391278863">
        <ele>1024.199951171875</ele>
      </trkpt>
      <trkpt lat="42.82376197166741" lon="-6.745998412370682">
        <ele>1024.5999755859375</ele>
      </trkpt>
      <trkpt lat="42.823760295286775" lon="-6.746015008538961">
        <ele>1024.800048828125</ele>
      </trkpt>
      <trkpt lat="42.823759289458394" lon="-6.746032694354653">
        <ele>1025</ele>
      </trkpt>
      <trkpt lat="42.82375819981098" lon="-6.746051721274853">
        <ele>1025.199951171875</ele>
      </trkpt>
      <trkpt lat="42.82375962473452" lon="-6.746068652719259">
        <ele>1025.199951171875</ele>
      </trkpt>
      <trkpt lat="42.82376012764871" lon="-6.746086925268173">
        <ele>1025.4000244140625</ele>
      </trkpt>
      <trkpt lat="42.82375962473452" lon="-6.746104443445802">
        <ele>1025.4000244140625</ele>
      </trkpt>
      <trkpt lat="42.823758367449045" lon="-6.746120369061828">
        <ele>1025.4000244140625</ele>
      </trkpt>
      <trkpt lat="42.82375794835389" lon="-6.7461401503533125">
        <ele>1025.5999755859375</ele>
      </trkpt>
      <trkpt lat="42.8237571939826" lon="-6.7461584229022264">
        <ele>1025.5999755859375</ele>
      </trkpt>
      <trkpt lat="42.82375467941165" lon="-6.746176108717918">
        <ele>1025.5999755859375</ele>
      </trkpt>
      <trkpt lat="42.8237521648407" lon="-6.74619379453361">
        <ele>1025.5999755859375</ele>
      </trkpt>
      <trkpt lat="42.82374973408878" lon="-6.746208630502224">
        <ele>1025.5999755859375</ele>
      </trkpt>
      <trkpt lat="42.8237484768033" lon="-6.746227070689201">
        <ele>1025.800048828125</ele>
      </trkpt>
      <trkpt lat="42.82374621368945" lon="-6.746244924142957">
        <ele>1026</ele>
      </trkpt>
      <trkpt lat="42.823744202032685" lon="-6.746263867244124">
        <ele>1026.199951171875</ele>
      </trkpt>
      <trkpt lat="42.82374260947108" lon="-6.746281636878848">
        <ele>1026.4000244140625</ele>
      </trkpt>
      <trkpt lat="42.82374093309045" lon="-6.746299909427762">
        <ele>1026.5999755859375</ele>
      </trkpt>
      <trkpt lat="42.82373808324337" lon="-6.746320025995374">
        <ele>1027</ele>
      </trkpt>
      <trkpt lat="42.82373607158661" lon="-6.746340477839112">
        <ele>1027.199951171875</ele>
      </trkpt>
      <trkpt lat="42.8237331379205" lon="-6.746361684054136">
        <ele>1027.5999755859375</ele>
      </trkpt>
      <trkpt lat="42.823729952797294" lon="-6.746380543336272">
        <ele>1027.800048828125</ele>
      </trkpt>
      <trkpt lat="42.8237278573215" lon="-6.746396468952298">
        <ele>1028</ele>
      </trkpt>
      <trkpt lat="42.82372676767409" lon="-6.74641071818769">
        <ele>1028.199951171875</ele>
      </trkpt>
      <trkpt lat="42.82372475601733" lon="-6.746426392346621">
        <ele>1028.4000244140625</ele>
      </trkpt>
      <trkpt lat="42.82372207380831" lon="-6.7464411444962025">
        <ele>1028.5999755859375</ele>
      </trkpt>
      <trkpt lat="42.82371897250414" lon="-6.746460171416402">
        <ele>1028.800048828125</ele>
      </trkpt>
      <trkpt lat="42.82371620647609" lon="-6.7464773543179035">
        <ele>1029</ele>
      </trkpt>
      <trkpt lat="42.82371310517192" lon="-6.746496548876166">
        <ele>1029</ele>
      </trkpt>
      <trkpt lat="42.823711428791285" lon="-6.746515491977334">
        <ele>1029</ele>
      </trkpt>
      <trkpt lat="42.82370832748711" lon="-6.7465341836214066">
        <ele>1029</ele>
      </trkpt>
      <trkpt lat="42.823707070201635" lon="-6.746550025418401">
        <ele>1029.199951171875</ele>
      </trkpt>
      <trkpt lat="42.82370824366808" lon="-6.7465633526444435">
        <ele>1029.4000244140625</ele>
      </trkpt>
      <trkpt lat="42.8237088304013" lon="-6.7465804517269135">
        <ele>1029.5999755859375</ele>
      </trkpt>
      <trkpt lat="42.823710506781936" lon="-6.746594700962305">
        <ele>1029.800048828125</ele>
      </trkpt>
      <trkpt lat="42.823711931705475" lon="-6.746612470597029">
        <ele>1030.199951171875</ele>
      </trkpt>
      <trkpt lat="42.82371260225773" lon="-6.7466281447559595">
        <ele>1030.4000244140625</ele>
      </trkpt>
      <trkpt lat="42.82371209934354" lon="-6.746646082028747">
        <ele>1030.5999755859375</ele>
      </trkpt>
      <trkpt lat="42.82371134497225" lon="-6.746665192767978">
        <ele>1030.800048828125</ele>
      </trkpt>
      <trkpt lat="42.82371310517192" lon="-6.746684890240431">
        <ele>1031</ele>
      </trkpt>
      <trkpt lat="42.82371545210481" lon="-6.7467038333415985">
        <ele>1031.199951171875</ele>
      </trkpt>
      <trkpt lat="42.82371670939028" lon="-6.7467215191572905">
        <ele>1031.4000244140625</ele>
      </trkpt>
      <trkpt lat="42.82371947541833" lon="-6.74674054607749">
        <ele>1031.4000244140625</ele>
      </trkpt>
      <trkpt lat="42.82372190617025" lon="-6.746755801141262">
        <ele>1031.5999755859375</ele>
      </trkpt>
      <trkpt lat="42.82372341491282" lon="-6.746770050376654">
        <ele>1031.800048828125</ele>
      </trkpt>
      <trkpt lat="42.82372584566474" lon="-6.746787903830409">
        <ele>1032</ele>
      </trkpt>
      <trkpt lat="42.823728108778596" lon="-6.746803829446435">
        <ele>1032.4000244140625</ele>
      </trkpt>
      <trkpt lat="42.82373221591115" lon="-6.746822856366634">
        <ele>1032.5999755859375</ele>
      </trkpt>
      <trkpt lat="42.82373598776758" lon="-6.746839955449104">
        <ele>1033</ele>
      </trkpt>
      <trkpt lat="42.82373825088143" lon="-6.746857054531574">
        <ele>1033.199951171875</ele>
      </trkpt>
      <trkpt lat="42.82374059781432" lon="-6.746868705376983">
        <ele>1033.5999755859375</ele>
      </trkpt>
      <trkpt lat="42.82374361529946" lon="-6.746881948783994">
        <ele>1033.800048828125</ele>
      </trkpt>
      <trkpt lat="42.823747051879764" lon="-6.746901646256447">
        <ele>1034</ele>
      </trkpt>
      <trkpt lat="42.82375015318394" lon="-6.7469188291579485">
        <ele>1034.4000244140625</ele>
      </trkpt>
      <trkpt lat="42.82375367358327" lon="-6.74693793989718">
        <ele>1034.800048828125</ele>
      </trkpt>
      <trkpt lat="42.823755936697125" lon="-6.746952943503857">
        <ele>1035.199951171875</ele>
      </trkpt>
      <trkpt lat="42.82375861890614" lon="-6.746969958767295">
        <ele>1035.5999755859375</ele>
      </trkpt>
      <trkpt lat="42.82376213930547" lon="-6.746982866898179">
        <ele>1035.800048828125</ele>
      </trkpt>
      <trkpt lat="42.82376649789512" lon="-6.746996445581317">
        <ele>1036</ele>
      </trkpt>
      <trkpt lat="42.82377035357058" lon="-6.747011616826057">
        <ele>1036.4000244140625</ele>
      </trkpt>
      <trkpt lat="42.82377563416958" lon="-6.7470277938991785">
        <ele>1036.800048828125</ele>
      </trkpt>
      <trkpt lat="42.823777478188276" lon="-6.74704154022038">
        <ele>1037.199951171875</ele>
      </trkpt>
      <trkpt lat="42.82378057949245" lon="-6.747055957093835">
        <ele>1037.4000244140625</ele>
      </trkpt>
      <trkpt lat="42.823785189539194" lon="-6.747069116681814">
        <ele>1037.800048828125</ele>
      </trkpt>
      <trkpt lat="42.823789129033685" lon="-6.747081773355603">
        <ele>1038</ele>
      </trkpt>
      <trkpt lat="42.82379373908043" lon="-6.747098369523883">
        <ele>1038.4000244140625</ele>
      </trkpt>
      <trkpt lat="42.82379834912717" lon="-6.74711680971086">
        <ele>1038.5999755859375</ele>
      </trkpt>
      <trkpt lat="42.82380295917392" lon="-6.7471338249742985">
        <ele>1038.800048828125</ele>
      </trkpt>
      <trkpt lat="42.823805725201964" lon="-6.747146816924214">
        <ele>1039</ele>
      </trkpt>
      <trkpt lat="42.823810167610645" lon="-6.747156120836735">
        <ele>1039.199951171875</ele>
      </trkpt>
      <trkpt lat="42.82381293363869" lon="-6.747166095301509">
        <ele>1039.4000244140625</ele>
      </trkpt>
      <trkpt lat="42.823813017457724" lon="-6.747179590165615">
        <ele>1039.5999755859375</ele>
      </trkpt>
      <trkpt lat="42.82381804659963" lon="-6.747203059494495">
        <ele>1039.800048828125</ele>
      </trkpt>
      <trkpt lat="42.82381972298026" lon="-6.747223008424044">
        <ele>1040</ele>
      </trkpt>
      <trkpt lat="42.8238227404654" lon="-6.7472433764487505">
        <ele>1040.199951171875</ele>
      </trkpt>
      <trkpt lat="42.82382651232183" lon="-6.747252847999334">
        <ele>1040.4000244140625</ele>
      </trkpt>
      <trkpt lat="42.82382718287408" lon="-6.747260643169284">
        <ele>1040.800048828125</ele>
      </trkpt>
      <trkpt lat="42.82382743433118" lon="-6.747274808585644">
        <ele>1041.199951171875</ele>
      </trkpt>
      <trkpt lat="42.82383246347308" lon="-6.747290315106511">
        <ele>1041.4000244140625</ele>
      </trkpt>
      <trkpt lat="42.82383631914854" lon="-6.74730347469449">
        <ele>1042</ele>
      </trkpt>
      <trkpt lat="42.823841851204634" lon="-6.7473196517676115">
        <ele>1042.4000244140625</ele>
      </trkpt>
      <trkpt lat="42.823845790699124" lon="-6.747325602918863">
        <ele>1042.800048828125</ele>
      </trkpt>
      <trkpt lat="42.82385081984103" lon="-6.747335745021701">
        <ele>1043.199951171875</ele>
      </trkpt>
      <trkpt lat="42.823851658031344" lon="-6.7473517544567585">
        <ele>1043.4000244140625</ele>
      </trkpt>
      <trkpt lat="42.82385442405939" lon="-6.747367596253753">
        <ele>1043.800048828125</ele>
      </trkpt>
      <trkpt lat="42.82385769300163" lon="-6.747378995642066">
        <ele>1044.199951171875</ele>
      </trkpt>
      <trkpt lat="42.823859537020326" lon="-6.747382935136557">
        <ele>1044.800048828125</ele>
      </trkpt>
      <trkpt lat="42.82386012375355" lon="-6.747399782761931">
        <ele>1045.4000244140625</ele>
      </trkpt>
      <trkpt lat="42.82386523671448" lon="-6.747416965663433">
        <ele>1045.5999755859375</ele>
      </trkpt>
      <trkpt lat="42.82387043349445" lon="-6.747433729469776">
        <ele>1045.800048828125</ele>
      </trkpt>
      <trkpt lat="42.82387152314186" lon="-6.747441776096821">
        <ele>1046</ele>
      </trkpt>
      <trkpt lat="42.82387579791248" lon="-6.74745250493288">
        <ele>1046</ele>
      </trkpt>
      <trkpt lat="42.82387680374086" lon="-6.7474698554724455">
        <ele>1046.199951171875</ele>
      </trkpt>
      <trkpt lat="42.82388124614954" lon="-6.747488379478455">
        <ele>1046.199951171875</ele>
      </trkpt>
      <trkpt lat="42.823886862024665" lon="-6.7475007846951485">
        <ele>1046.4000244140625</ele>
      </trkpt>
      <trkpt lat="42.823887867853045" lon="-6.747513022273779">
        <ele>1046.5999755859375</ele>
      </trkpt>
      <trkpt lat="42.82388811931014" lon="-6.747525678947568">
        <ele>1046.800048828125</ele>
      </trkpt>
      <trkpt lat="42.82388719730079" lon="-6.747539006173611">
        <ele>1047</ele>
      </trkpt>
      <trkpt lat="42.82388803549111" lon="-6.747553925961256">
        <ele>1047.199951171875</ele>
      </trkpt>
      <trkpt lat="42.82389155589044" lon="-6.747570773586631">
        <ele>1047.4000244140625</ele>
      </trkpt>
      <trkpt lat="42.82389214262366" lon="-6.7475829273462296">
        <ele>1047.5999755859375</ele>
      </trkpt>
      <trkpt lat="42.82389289699495" lon="-6.747596338391304">
        <ele>1047.800048828125</ele>
      </trkpt>
      <trkpt lat="42.82389298081398" lon="-6.7476074025034904">
        <ele>1048.199951171875</ele>
      </trkpt>
      <trkpt lat="42.82389457337558" lon="-6.747624920681119">
        <ele>1048.5999755859375</ele>
      </trkpt>
      <trkpt lat="42.82389633357525" lon="-6.7476406786590815">
        <ele>1049</ele>
      </trkpt>
      <trkpt lat="42.823899099603295" lon="-6.747657191008329">
        <ele>1049.199951171875</ele>
      </trkpt>
      <trkpt lat="42.82389868050814" lon="-6.74767185933888">
        <ele>1049.5999755859375</ele>
      </trkpt>
      <trkpt lat="42.823899099603295" lon="-6.747686862945557">
        <ele>1049.800048828125</ele>
      </trkpt>
      <trkpt lat="42.8238972555846" lon="-6.747701363638043">
        <ele>1050.199951171875</ele>
      </trkpt>
      <trkpt lat="42.82389926724136" lon="-6.747719803825021">
        <ele>1050.5999755859375</ele>
      </trkpt>
      <trkpt lat="42.823900105431676" lon="-6.747736735269427">
        <ele>1051</ele>
      </trkpt>
      <trkpt lat="42.82390127889812" lon="-6.747752409428358">
        <ele>1051.4000244140625</ele>
      </trkpt>
      <trkpt lat="42.82390169799328" lon="-6.747763892635703">
        <ele>1051.800048828125</ele>
      </trkpt>
      <trkpt lat="42.823901027441025" lon="-6.747777555137873">
        <ele>1052.199951171875</ele>
      </trkpt>
      <trkpt lat="42.823900021612644" lon="-6.74779356457293">
        <ele>1052.5999755859375</ele>
      </trkpt>
      <trkpt lat="42.82390220090747" lon="-6.747811920940876">
        <ele>1052.800048828125</ele>
      </trkpt>
      <trkpt lat="42.82390161417425" lon="-6.7478311993181705">
        <ele>1053</ele>
      </trkpt>
      <trkpt lat="42.8239038772881" lon="-6.747839916497469">
        <ele>1053.199951171875</ele>
      </trkpt>
      <trkpt lat="42.8239038772881" lon="-6.747847963124514">
        <ele>1053.199951171875</ele>
      </trkpt>
      <trkpt lat="42.82390236854553" lon="-6.747857350856066">
        <ele>1053.4000244140625</ele>
      </trkpt>
      <trkpt lat="42.82390111126006" lon="-6.747873947024345">
        <ele>1053.4000244140625</ele>
      </trkpt>
      <trkpt lat="42.823903458192945" lon="-6.747890627011657">
        <ele>1053.5999755859375</ele>
      </trkpt>
      <trkpt lat="42.82390563748777" lon="-6.747907390818">
        <ele>1053.5999755859375</ele>
      </trkpt>
      <trkpt lat="42.823907900601625" lon="-6.747918538749218">
        <ele>1054</ele>
      </trkpt>
      <trkpt lat="42.82390949316323" lon="-6.747929770499468">
        <ele>1054.199951171875</ele>
      </trkpt>
      <trkpt lat="42.8239075653255" lon="-6.747943013906479">
        <ele>1054.4000244140625</ele>
      </trkpt>
      <trkpt lat="42.82391116954386" lon="-6.747961454093456">
        <ele>1054.5999755859375</ele>
      </trkpt>
      <trkpt lat="42.82391678541899" lon="-6.747978050261736">
        <ele>1054.800048828125</ele>
      </trkpt>
      <trkpt lat="42.823919132351875" lon="-6.747993640601635">
        <ele>1055</ele>
      </trkpt>
      <trkpt lat="42.82392030581832" lon="-6.748007889837027">
        <ele>1055.4000244140625</ele>
      </trkpt>
      <trkpt lat="42.823923071846366" lon="-6.74801928922534">
        <ele>1055.5999755859375</ele>
      </trkpt>
      <trkpt lat="42.823924748227" lon="-6.7480370588600636">
        <ele>1056</ele>
      </trkpt>
      <trkpt lat="42.82392374239862" lon="-6.7480541579425335">
        <ele>1056.5999755859375</ele>
      </trkpt>
      <trkpt lat="42.823926005512476" lon="-6.748075112700462">
        <ele>1057</ele>
      </trkpt>
      <trkpt lat="42.82392273657024" lon="-6.74809942021966">
        <ele>1057.4000244140625</ele>
      </trkpt>
      <trkpt lat="42.82392458058894" lon="-6.748117441311479">
        <ele>1057.800048828125</ele>
      </trkpt>
      <trkpt lat="42.82392458058894" lon="-6.748143844306469">
        <ele>1058.5999755859375</ele>
      </trkpt>
      <trkpt lat="42.82392432913184" lon="-6.7481775395572186">
        <ele>1058.4000244140625</ele>
      </trkpt>
      <trkpt lat="42.82392810098827" lon="-6.748204194009304">
        <ele>1058.199951171875</ele>
      </trkpt>
      <trkpt lat="42.82392734661698" lon="-6.7482376378029585">
        <ele>1058.199951171875</ele>
      </trkpt>
      <trkpt lat="42.82392701134086" lon="-6.74826605245471">
        <ele>1057.800048828125</ele>
      </trkpt>
      <trkpt lat="42.823929358273745" lon="-6.748293042182922">
        <ele>1057.5999755859375</ele>
      </trkpt>
      <trkpt lat="42.82393111847341" lon="-6.74832615070045">
        <ele>1057.199951171875</ele>
      </trkpt>
      <trkpt lat="42.823934722691774" lon="-6.748349033296108">
        <ele>1057</ele>
      </trkpt>
      <trkpt lat="42.823938159272075" lon="-6.748373005539179">
        <ele>1057.4000244140625</ele>
      </trkpt>
      <trkpt lat="42.82394117675722" lon="-6.748402928933501">
        <ele>1057.5999755859375</ele>
      </trkpt>
      <trkpt lat="42.82394134439528" lon="-6.748427823185921">
        <ele>1058</ele>
      </trkpt>
      <trkpt lat="42.82394419424236" lon="-6.74845757894218">
        <ele>1058.4000244140625</ele>
      </trkpt>
      <trkpt lat="42.82394167967141" lon="-6.74849177710712">
        <ele>1058.800048828125</ele>
      </trkpt>
      <trkpt lat="42.82394729554653" lon="-6.748512480407953">
        <ele>1059</ele>
      </trkpt>
      <trkpt lat="42.82395123504102" lon="-6.748537039384246">
        <ele>1059.199951171875</ele>
      </trkpt>
      <trkpt lat="42.823950899764895" lon="-6.748567298054695">
        <ele>1059.4000244140625</ele>
      </trkpt>
      <trkpt lat="42.82395307905972" lon="-6.748585570603609">
        <ele>1059.5999755859375</ele>
      </trkpt>
      <trkpt lat="42.8239524923265" lon="-6.748609961941838">
        <ele>1059.800048828125</ele>
      </trkpt>
      <trkpt lat="42.82395450398326" lon="-6.74863938242197">
        <ele>1060</ele>
      </trkpt>
      <trkpt lat="42.823955761268735" lon="-6.74865840934217">
        <ele>1060.199951171875</ele>
      </trkpt>
      <trkpt lat="42.82395995222032" lon="-6.748683135956526">
        <ele>1060.5999755859375</ele>
      </trkpt>
      <trkpt lat="42.82395802438259" lon="-6.7487129755318165">
        <ele>1060.800048828125</ele>
      </trkpt>
      <trkpt lat="42.823962047696114" lon="-6.748731667175889">
        <ele>1061</ele>
      </trkpt>
      <trkpt lat="42.82396380789578" lon="-6.748757064342499">
        <ele>1061.199951171875</ele>
      </trkpt>
      <trkpt lat="42.82396766357124" lon="-6.748781623318791">
        <ele>1061.4000244140625</ele>
      </trkpt>
      <trkpt lat="42.82397327944636" lon="-6.748800314962864">
        <ele>1061.4000244140625</ele>
      </trkpt>
      <trkpt lat="42.82397705130279" lon="-6.748828897252679">
        <ele>1061.5999755859375</ele>
      </trkpt>
      <trkpt lat="42.82398140989244" lon="-6.748855719342828">
        <ele>1062</ele>
      </trkpt>
      <trkpt lat="42.82398635521531" lon="-6.748876506462693">
        <ele>1062.199951171875</ele>
      </trkpt>
      <trkpt lat="42.82398786395788" lon="-6.74890223890543">
        <ele>1062.800048828125</ele>
      </trkpt>
      <trkpt lat="42.823991971090436" lon="-6.748925289139152">
        <ele>1063</ele>
      </trkpt>
      <trkpt lat="42.82399884425104" lon="-6.748942052945495">
        <ele>1063.4000244140625</ele>
      </trkpt>
      <trkpt lat="42.82399867661297" lon="-6.748966695740819">
        <ele>1063.5999755859375</ele>
      </trkpt>
      <trkpt lat="42.82399993389845" lon="-6.748990165069699">
        <ele>1064</ele>
      </trkpt>
      <trkpt lat="42.824003705754876" lon="-6.7490071803331375">
        <ele>1064.199951171875</ele>
      </trkpt>
      <trkpt lat="42.824006555601954" lon="-6.749030901119113">
        <ele>1064.4000244140625</ele>
      </trkpt>
      <trkpt lat="42.82400823198259" lon="-6.749057304114103">
        <ele>1064.5999755859375</ele>
      </trkpt>
      <trkpt lat="42.82401418313384" lon="-6.749075492843986">
        <ele>1065</ele>
      </trkpt>
      <trkpt lat="42.82401753589511" lon="-6.749101309105754">
        <ele>1065.199951171875</ele>
      </trkpt>
      <trkpt lat="42.82402541488409" lon="-6.749124946072698">
        <ele>1065.4000244140625</ele>
      </trkpt>
      <trkpt lat="42.82402935437858" lon="-6.749143972992897">
        <ele>1065.800048828125</ele>
      </trkpt>
      <trkpt lat="42.824034970253706" lon="-6.749170711264014">
        <ele>1066</ele>
      </trkpt>
      <trkpt lat="42.824035892263055" lon="-6.749194012954831">
        <ele>1066.4000244140625</ele>
      </trkpt>
      <trkpt lat="42.82404343597591" lon="-6.7492142133414745">
        <ele>1066.5999755859375</ele>
      </trkpt>
      <trkpt lat="42.82405123114586" lon="-6.749241454526782">
        <ele>1066.800048828125</ele>
      </trkpt>
      <trkpt lat="42.82405558973551" lon="-6.749264253303409">
        <ele>1067</ele>
      </trkpt>
      <trkpt lat="42.824063301086426" lon="-6.749285962432623">
        <ele>1067.4000244140625</ele>
      </trkpt>
      <trkpt lat="42.824075454846025" lon="-6.749315466731787">
        <ele>1067.5999755859375</ele>
      </trkpt>
      <trkpt lat="42.82408148981631" lon="-6.749335331842303">
        <ele>1067.800048828125</ele>
      </trkpt>
      <trkpt lat="42.824090123176575" lon="-6.749353017657995">
        <ele>1068.199951171875</ele>
      </trkpt>
      <trkpt lat="42.82410252839327" lon="-6.749381348490715">
        <ele>1068.5999755859375</ele>
      </trkpt>
      <trkpt lat="42.824107725173235" lon="-6.749397777020931">
        <ele>1068.800048828125</ele>
      </trkpt>
      <trkpt lat="42.82411728054285" lon="-6.7494153790175915">
        <ele>1069</ele>
      </trkpt>
      <trkpt lat="42.82413245178759" lon="-6.749437591060996">
        <ele>1069.4000244140625</ele>
      </trkpt>
      <trkpt lat="42.82414074987173" lon="-6.7494527623057365">
        <ele>1069.5999755859375</ele>
      </trkpt>
      <trkpt lat="42.82415499910712" lon="-6.7494704481214285">
        <ele>1069.800048828125</ele>
      </trkpt>
      <trkpt lat="42.824169332161546" lon="-6.749488804489374">
        <ele>1070</ele>
      </trkpt>
      <trkpt lat="42.82418131828308" lon="-6.749503640457988">
        <ele>1070.199951171875</ele>
      </trkpt>
      <trkpt lat="42.82419640570879" lon="-6.749519733712077">
        <ele>1070.4000244140625</ele>
      </trkpt>
      <trkpt lat="42.824215684086084" lon="-6.749537168070674">
        <ele>1070.5999755859375</ele>
      </trkpt>
      <trkpt lat="42.82422775402665" lon="-6.749548986554146">
        <ele>1071</ele>
      </trkpt>
      <trkpt lat="42.824242589995265" lon="-6.749559799209237">
        <ele>1071.4000244140625</ele>
      </trkpt>
      <trkpt lat="42.824263041839004" lon="-6.749578742310405">
        <ele>1071.5999755859375</ele>
      </trkpt>
      <trkpt lat="42.8242717590183" lon="-6.749586453661323">
        <ele>1071.800048828125</ele>
      </trkpt>
      <trkpt lat="42.8242839127779" lon="-6.74959558993578">
        <ele>1072.199951171875</ele>
      </trkpt>
      <trkpt lat="42.82430101186037" lon="-6.749607492238283">
        <ele>1072.4000244140625</ele>
      </trkpt>
      <trkpt lat="42.82430796884" lon="-6.749613946303725">
        <ele>1072.800048828125</ele>
      </trkpt>
      <trkpt lat="42.82431869767606" lon="-6.749624339863658">
        <ele>1073</ele>
      </trkpt>
      <trkpt lat="42.82433772459626" lon="-6.749640181660652">
        <ele>1073.4000244140625</ele>
      </trkpt>
      <trkpt lat="42.82434870488942" lon="-6.74964546225965">
        <ele>1073.5999755859375</ele>
      </trkpt>
      <trkpt lat="42.82436597160995" lon="-6.749655520543456">
        <ele>1074</ele>
      </trkpt>
      <trkpt lat="42.82438550144434" lon="-6.749670691788197">
        <ele>1074.199951171875</ele>
      </trkpt>
      <trkpt lat="42.82439681701362" lon="-6.74968209117651">
        <ele>1074.4000244140625</ele>
      </trkpt>
      <trkpt lat="42.82441081479192" lon="-6.749693071469665">
        <ele>1074.800048828125</ele>
      </trkpt>
      <trkpt lat="42.82442933879793" lon="-6.749708661809564">
        <ele>1075</ele>
      </trkpt>
      <trkpt lat="42.824440486729145" lon="-6.749718552455306">
        <ele>1075.4000244140625</ele>
      </trkpt>
      <trkpt lat="42.82445699907839" lon="-6.7497331369668245">
        <ele>1075.5999755859375</ele>
      </trkpt>
      <trkpt lat="42.82447678036988" lon="-6.749750571325421">
        <ele>1075.5999755859375</ele>
      </trkpt>
      <trkpt lat="42.82449631020427" lon="-6.749764233827591">
        <ele>1075.5999755859375</ele>
      </trkpt>
      <trkpt lat="42.82451416365802" lon="-6.749779153615236">
        <ele>1075.5999755859375</ele>
      </trkpt>
      <trkpt lat="42.824529837816954" lon="-6.749792564660311">
        <ele>1075.5999755859375</ele>
      </trkpt>
      <trkpt lat="42.82454685308039" lon="-6.749801281839609">
        <ele>1075.800048828125</ele>
      </trkpt>
      <trkpt lat="42.824571412056684" lon="-6.7498156148940325">
        <ele>1076.199951171875</ele>
      </trkpt>
      <trkpt lat="42.824587505310774" lon="-6.7498197220265865">
        <ele>1076.800048828125</ele>
      </trkpt>
      <trkpt lat="42.82460795715451" lon="-6.7498253379017115">
        <ele>1077.199951171875</ele>
      </trkpt>
      <trkpt lat="42.8246309235692" lon="-6.749838665127754">
        <ele>1077.4000244140625</ele>
      </trkpt>
      <trkpt lat="42.82464601099491" lon="-6.749843023717403">
        <ele>1077.5999755859375</ele>
      </trkpt>
      <trkpt lat="42.82466352917254" lon="-6.749848807230592">
        <ele>1077.5999755859375</ele>
      </trkpt>
      <trkpt lat="42.82468305900693" lon="-6.749858530238271">
        <ele>1077.800048828125</ele>
      </trkpt>
      <trkpt lat="42.82469823025167" lon="-6.749861463904381">
        <ele>1078</ele>
      </trkpt>
      <trkpt lat="42.82471876591444" lon="-6.74986875616014">
        <ele>1078.199951171875</ele>
      </trkpt>
      <trkpt lat="42.824738044291735" lon="-6.7498780600726604">
        <ele>1078.4000244140625</ele>
      </trkpt>
      <trkpt lat="42.82475095242262" lon="-6.7498798202723265">
        <ele>1078.5999755859375</ele>
      </trkpt>
      <trkpt lat="42.82476905733347" lon="-6.7498829215765">
        <ele>1078.800048828125</ele>
      </trkpt>
      <trkpt lat="42.82478758133948" lon="-6.7498924769461155">
        <ele>1079.199951171875</ele>
      </trkpt>
      <trkpt lat="42.82480199821293" lon="-6.749894069507718">
        <ele>1079.4000244140625</ele>
      </trkpt>
      <trkpt lat="42.824820186942816" lon="-6.749898428097367">
        <ele>1079.5999755859375</ele>
      </trkpt>
      <trkpt lat="42.82483887858689" lon="-6.749905971810222">
        <ele>1079.800048828125</ele>
      </trkpt>
      <trkpt lat="42.82485421746969" lon="-6.749907732009888">
        <ele>1080</ele>
      </trkpt>
      <trkpt lat="42.824874836951494" lon="-6.749910581856966">
        <ele>1080.199951171875</ele>
      </trkpt>
      <trkpt lat="42.82489595934749" lon="-6.749916533008218">
        <ele>1080.4000244140625</ele>
      </trkpt>
      <trkpt lat="42.82491180114448" lon="-6.749915946274996">
        <ele>1080.5999755859375</ele>
      </trkpt>
      <trkpt lat="42.82493133097887" lon="-6.74991812556982">
        <ele>1080.800048828125</ele>
      </trkpt>
      <trkpt lat="42.824949184432626" lon="-6.7499216459691525">
        <ele>1081.199951171875</ele>
      </trkpt>
      <trkpt lat="42.824965277686715" lon="-6.749919801950455">
        <ele>1081.4000244140625</ele>
      </trkpt>
      <trkpt lat="42.82498807646334" lon="-6.749924076721072">
        <ele>1081.800048828125</ele>
      </trkpt>
      <trkpt lat="42.82500492408872" lon="-6.749925082549453">
        <ele>1082</ele>
      </trkpt>
      <trkpt lat="42.825019508600235" lon="-6.749925082549453">
        <ele>1082.199951171875</ele>
      </trkpt>
      <trkpt lat="42.82504079863429" lon="-6.749930530786514">
        <ele>1082.4000244140625</ele>
      </trkpt>
      <trkpt lat="42.82505697570741" lon="-6.749934973195195">
        <ele>1082.4000244140625</ele>
      </trkpt>
      <trkpt lat="42.82506317831576" lon="-6.749941175803542">
        <ele>1082.5999755859375</ele>
      </trkpt>
      <trkpt lat="42.82509318552911" lon="-6.749948300421238">
        <ele>1082.5999755859375</ele>
      </trkpt>
      <trkpt lat="42.82510810531676" lon="-6.749953832477331">
        <ele>1082.800048828125</ele>
      </trkpt>
      <trkpt lat="42.82512587495148" lon="-6.7499590292572975">
        <ele>1083</ele>
      </trkpt>
      <trkpt lat="42.825147081166506" lon="-6.749971434473991">
        <ele>1083.199951171875</ele>
      </trkpt>
      <trkpt lat="42.825159234926105" lon="-6.7499773018062115">
        <ele>1083.4000244140625</ele>
      </trkpt>
      <trkpt lat="42.825177339836955" lon="-6.749985013157129">
        <ele>1083.5999755859375</ele>
      </trkpt>
      <trkpt lat="42.82520340755582" lon="-6.74999532289803">
        <ele>1083.5999755859375</ele>
      </trkpt>
      <trkpt lat="42.82522151246667" lon="-6.750000016763806">
        <ele>1083.5999755859375</ele>
      </trkpt>
      <trkpt lat="42.82524540089071" lon="-6.750009739771485">
        <ele>1083.5999755859375</ele>
      </trkpt>
      <trkpt lat="42.82526853494346" lon="-6.750023318454623">
        <ele>1083.5999755859375</ele>
      </trkpt>
      <trkpt lat="42.82528840005398" lon="-6.750030945986509">
        <ele>1083.5999755859375</ele>
      </trkpt>
      <trkpt lat="42.825314132496715" lon="-6.75004662014544">
        <ele>1083.5999755859375</ele>
      </trkpt>
      <trkpt lat="42.82533248886466" lon="-6.750056594610214">
        <ele>1083.5999755859375</ele>
      </trkpt>
      <trkpt lat="42.82535151578486" lon="-6.750062881037593">
        <ele>1083.5999755859375</ele>
      </trkpt>
      <trkpt lat="42.82537582330406" lon="-6.750079393386841">
        <ele>1083.5999755859375</ele>
      </trkpt>
      <trkpt lat="42.82538864761591" lon="-6.750090541318059">
        <ele>1083.5999755859375</ele>
      </trkpt>
      <trkpt lat="42.82540624961257" lon="-6.750098252668977">
        <ele>1083.5999755859375</ele>
      </trkpt>
      <trkpt lat="42.82542921602726" lon="-6.75011451356113">
        <ele>1083.5999755859375</ele>
      </trkpt>
      <trkpt lat="42.82544547691941" lon="-6.750124907121062">
        <ele>1083.5999755859375</ele>
      </trkpt>
      <trkpt lat="42.82546483911574" lon="-6.750135300680995">
        <ele>1083.5999755859375</ele>
      </trkpt>
      <trkpt lat="42.82548897899687" lon="-6.750149047002196">
        <ele>1083.5999755859375</ele>
      </trkpt>
      <trkpt lat="42.825510604307055" lon="-6.7501557525247335">
        <ele>1083.5999755859375</ele>
      </trkpt>
      <trkpt lat="42.82553046941757" lon="-6.750166229903698">
        <ele>1083.5999755859375</ele>
      </trkpt>
      <trkpt lat="42.82555092126131" lon="-6.750175366178155">
        <ele>1083.5999755859375</ele>
      </trkpt>
      <trkpt lat="42.82556785270572" lon="-6.75017804838717">
        <ele>1083.5999755859375</ele>
      </trkpt>
      <trkpt lat="42.825592663139105" lon="-6.750188106670976">
        <ele>1083.800048828125</ele>
      </trkpt>
      <trkpt lat="42.825611773878336" lon="-6.750194309279323">
        <ele>1084</ele>
      </trkpt>
      <trkpt lat="42.82563314773142" lon="-6.750197829678655">
        <ele>1084.199951171875</ele>
      </trkpt>
      <trkpt lat="42.8256621491164" lon="-6.750208726152778">
        <ele>1084.199951171875</ele>
      </trkpt>
      <trkpt lat="42.8256790805608" lon="-6.750208390876651">
        <ele>1084.4000244140625</ele>
      </trkpt>
      <trkpt lat="42.825703555718064" lon="-6.750209480524063">
        <ele>1084.4000244140625</ele>
      </trkpt>
      <trkpt lat="42.82572719268501" lon="-6.750213336199522">
        <ele>1084.4000244140625</ele>
      </trkpt>
      <trkpt lat="42.82574789598584" lon="-6.750210067257285">
        <ele>1084.4000244140625</ele>
      </trkpt>
      <trkpt lat="42.82577522099018" lon="-6.750209229066968">
        <ele>1084.4000244140625</ele>
      </trkpt>
      <trkpt lat="42.825795924291015" lon="-6.750205121934414">
        <ele>1084.4000244140625</ele>
      </trkpt>
      <trkpt lat="42.825814029201865" lon="-6.750199673697352">
        <ele>1084.4000244140625</ele>
      </trkpt>
      <trkpt lat="42.82584202475846" lon="-6.750202104449272">
        <ele>1084.5999755859375</ele>
      </trkpt>
      <trkpt lat="42.825858034193516" lon="-6.750190956518054">
        <ele>1084.800048828125</ele>
      </trkpt>
      <trkpt lat="42.825877983123064" lon="-6.750181820243597">
        <ele>1085</ele>
      </trkpt>
      <trkpt lat="42.82589977607131" lon="-6.750186011195183">
        <ele>1085.199951171875</ele>
      </trkpt>
      <trkpt lat="42.82591192983091" lon="-6.750176707282662">
        <ele>1085.199951171875</ele>
      </trkpt>
      <trkpt lat="42.825929364189506" lon="-6.750170001760125">
        <ele>1085.4000244140625</ele>
      </trkpt>
      <trkpt lat="42.82595316879451" lon="-6.7501746118068695">
        <ele>1085.4000244140625</ele>
      </trkpt>
      <trkpt lat="42.825972279533744" lon="-6.750170420855284">
        <ele>1085.4000244140625</ele>
      </trkpt>
      <trkpt lat="42.82599507831037" lon="-6.750166900455952">
        <ele>1085.5999755859375</ele>
      </trkpt>
      <trkpt lat="42.826019218191504" lon="-6.750170588493347">
        <ele>1085.5999755859375</ele>
      </trkpt>
      <trkpt lat="42.826039334759116" lon="-6.750166146084666">
        <ele>1085.800048828125</ele>
      </trkpt>
      <trkpt lat="42.826066575944424" lon="-6.750166732817888">
        <ele>1085.800048828125</ele>
      </trkpt>
      <trkpt lat="42.82608694396913" lon="-6.750167822465301">
        <ele>1085.800048828125</ele>
      </trkpt>
      <trkpt lat="42.8261056356132" lon="-6.75016731955111">
        <ele>1085.800048828125</ele>
      </trkpt>
      <trkpt lat="42.82613203860819" lon="-6.750179305672646">
        <ele>1085.800048828125</ele>
      </trkpt>
      <trkpt lat="42.8261508140713" lon="-6.750183245167136">
        <ele>1085.800048828125</ele>
      </trkpt>
      <trkpt lat="42.826175121590495" lon="-6.750188525766134">
        <ele>1086</ele>
      </trkpt>
      <trkpt lat="42.82620328478515" lon="-6.750202691182494">
        <ele>1086.199951171875</ele>
      </trkpt>
      <trkpt lat="42.826222982257605" lon="-6.75021031871438">
        <ele>1086.199951171875</ele>
      </trkpt>
      <trkpt lat="42.82624611631036" lon="-6.750223310664296">
        <ele>1086.199951171875</ele>
      </trkpt>
      <trkpt lat="42.8262700047344" lon="-6.750240996479988">
        <ele>1086.4000244140625</ele>
      </trkpt>
      <trkpt lat="42.826288947835565" lon="-6.750253904610872">
        <ele>1086.199951171875</ele>
      </trkpt>
      <trkpt lat="42.82630990259349" lon="-6.7502732668071985">
        <ele>1086</ele>
      </trkpt>
      <trkpt lat="42.826327588409185" lon="-6.750286929309368">
        <ele>1085.800048828125</ele>
      </trkpt>
      <trkpt lat="42.826344687491655" lon="-6.750299837440252">
        <ele>1085.5999755859375</ele>
      </trkpt>
      <trkpt lat="42.82636782154441" lon="-6.750319786369801">
        <ele>1085.5999755859375</ele>
      </trkpt>
      <trkpt lat="42.82638190314174" lon="-6.750335544347763">
        <ele>1085.800048828125</ele>
      </trkpt>
      <trkpt lat="42.82639967277646" lon="-6.75035054795444">
        <ele>1086</ele>
      </trkpt>
      <trkpt lat="42.826420376077294" lon="-6.750371502712369">
        <ele>1086.199951171875</ele>
      </trkpt>
      <trkpt lat="42.826435128226876" lon="-6.750385751947761">
        <ele>1086.4000244140625</ele>
      </trkpt>
      <trkpt lat="42.82645423896611" lon="-6.750406706705689">
        <ele>1086.199951171875</ele>
      </trkpt>
      <trkpt lat="42.82647083513439" lon="-6.750430511310697">
        <ele>1086.199951171875</ele>
      </trkpt>
      <trkpt lat="42.82648860476911" lon="-6.750445095822215">
        <ele>1086.199951171875</ele>
      </trkpt>
      <trkpt lat="42.826508386060596" lon="-6.750469235703349">
        <ele>1086</ele>
      </trkpt>
      <trkpt lat="42.826520539820194" lon="-6.750486334785819">
        <ele>1085.800048828125</ele>
      </trkpt>
      <trkpt lat="42.82653680071235" lon="-6.750505696982145">
        <ele>1085.800048828125</ele>
      </trkpt>
      <trkpt lat="42.82656001858413" lon="-6.750529836863279">
        <ele>1085.800048828125</ele>
      </trkpt>
      <trkpt lat="42.82657401636243" lon="-6.750543583184481">
        <ele>1085.800048828125</ele>
      </trkpt>
      <trkpt lat="42.82659052871168" lon="-6.750564118847251">
        <ele>1086.4000244140625</ele>
      </trkpt>
      <trkpt lat="42.826605532318354" lon="-6.750583816319704">
        <ele>1086.5999755859375</ele>
      </trkpt>
      <trkpt lat="42.82661961391568" lon="-6.750598819926381">
        <ele>1086.5999755859375</ele>
      </trkpt>
      <trkpt lat="42.82664065249264" lon="-6.750623714178801">
        <ele>1086.5999755859375</ele>
      </trkpt>
      <trkpt lat="42.82665280625224" lon="-6.750644249841571">
        <ele>1086.5999755859375</ele>
      </trkpt>
      <trkpt lat="42.82667024061084" lon="-6.750658163800836">
        <ele>1086.800048828125</ele>
      </trkpt>
      <trkpt lat="42.826691111549735" lon="-6.750680711120367">
        <ele>1087</ele>
      </trkpt>
      <trkpt lat="42.82670167274773" lon="-6.750696133822203">
        <ele>1087</ele>
      </trkpt>
      <trkpt lat="42.82671768218279" lon="-6.7507123947143555">
        <ele>1087.199951171875</ele>
      </trkpt>
      <trkpt lat="42.82673394307494" lon="-6.75072873942554">
        <ele>1087.5999755859375</ele>
      </trkpt>
      <trkpt lat="42.82674718648195" lon="-6.750741563737392">
        <ele>1087.5999755859375</ele>
      </trkpt>
      <trkpt lat="42.82676302827895" lon="-6.75076100975275">
        <ele>1087.5999755859375</ele>
      </trkpt>
      <trkpt lat="42.826778618618846" lon="-6.750780874863267">
        <ele>1087.5999755859375</ele>
      </trkpt>
      <trkpt lat="42.82679353840649" lon="-6.7507989797741175">
        <ele>1087.800048828125</ele>
      </trkpt>
      <trkpt lat="42.82681449316442" lon="-6.75082697533071">
        <ele>1087.800048828125</ele>
      </trkpt>
      <trkpt lat="42.82682731747627" lon="-6.750849187374115">
        <ele>1088</ele>
      </trkpt>
      <trkpt lat="42.8268429916352" lon="-6.750869387760758">
        <ele>1088.199951171875</ele>
      </trkpt>
      <trkpt lat="42.82686243765056" lon="-6.750896628946066">
        <ele>1088.199951171875</ele>
      </trkpt>
      <trkpt lat="42.826872328296304" lon="-6.750912889838219">
        <ele>1088.199951171875</ele>
      </trkpt>
      <trkpt lat="42.826884565874934" lon="-6.750933928415179">
        <ele>1088.199951171875</ele>
      </trkpt>
      <trkpt lat="42.82689998857677" lon="-6.750954799354076">
        <ele>1088.199951171875</ele>
      </trkpt>
      <trkpt lat="42.82691214233637" lon="-6.750969467684627">
        <ele>1088.199951171875</ele>
      </trkpt>
      <trkpt lat="42.82692689448595" lon="-6.750992853194475">
        <ele>1088.199951171875</ele>
      </trkpt>
      <trkpt lat="42.82694038935006" lon="-6.7510151490569115">
        <ele>1088.199951171875</ele>
      </trkpt>
      <trkpt lat="42.82695380039513" lon="-6.751034092158079">
        <ele>1088.4000244140625</ele>
      </trkpt>
      <trkpt lat="42.82697031274438" lon="-6.751059992238879">
        <ele>1088.4000244140625</ele>
      </trkpt>
      <trkpt lat="42.82698255032301" lon="-6.751075582578778">
        <ele>1088.5999755859375</ele>
      </trkpt>
      <trkpt lat="42.82699688337743" lon="-6.751093603670597">
        <ele>1088.800048828125</ele>
      </trkpt>
      <trkpt lat="42.82701146788895" lon="-6.751118917018175">
        <ele>1089</ele>
      </trkpt>
      <trkpt lat="42.82702345401049" lon="-6.751136435195804">
        <ele>1089</ele>
      </trkpt>
      <trkpt lat="42.82703787088394" lon="-6.751156551763415">
        <ele>1089.199951171875</ele>
      </trkpt>
      <trkpt lat="42.827056059613824" lon="-6.751179434359074">
        <ele>1089.4000244140625</ele>
      </trkpt>
      <trkpt lat="42.82706771045923" lon="-6.751196449622512">
        <ele>1089.4000244140625</ele>
      </trkpt>
      <trkpt lat="42.827080115675926" lon="-6.751219583675265">
        <ele>1089.800048828125</ele>
      </trkpt>
      <trkpt lat="42.82709109596908" lon="-6.75124129280448">
        <ele>1090</ele>
      </trkpt>
      <trkpt lat="42.82710174098611" lon="-6.7512578051537275">
        <ele>1090</ele>
      </trkpt>
      <trkpt lat="42.82711657695472" lon="-6.751283453777432">
        <ele>1090</ele>
      </trkpt>
      <trkpt lat="42.827125042676926" lon="-6.751303905621171">
        <ele>1090</ele>
      </trkpt>
      <trkpt lat="42.8271368611604" lon="-6.7513214237987995">
        <ele>1090.199951171875</ele>
      </trkpt>
      <trkpt lat="42.82715354114771" lon="-6.751346401870251">
        <ele>1090.4000244140625</ele>
      </trkpt>
      <trkpt lat="42.827164102345705" lon="-6.751364674419165">
        <ele>1090.4000244140625</ele>
      </trkpt>
      <trkpt lat="42.82717374153435" lon="-6.751382863149047">
        <ele>1090.5999755859375</ele>
      </trkpt>
      <trkpt lat="42.82719067297876" lon="-6.751405242830515">
        <ele>1091</ele>
      </trkpt>
      <trkpt lat="42.82719754613936" lon="-6.751421168446541">
        <ele>1091.199951171875</ele>
      </trkpt>
      <trkpt lat="42.82720676623285" lon="-6.751440949738026">
        <ele>1091.5999755859375</ele>
      </trkpt>
      <trkpt lat="42.827219255268574" lon="-6.751465676352382">
        <ele>1091.800048828125</ele>
      </trkpt>
      <trkpt lat="42.82722939737141" lon="-6.7514813505113125">
        <ele>1092.199951171875</ele>
      </trkpt>
      <trkpt lat="42.827242221683264" lon="-6.751501215621829">
        <ele>1092.4000244140625</ele>
      </trkpt>
      <trkpt lat="42.82725471071899" lon="-6.751522421836853">
        <ele>1092.4000244140625</ele>
      </trkpt>
      <trkpt lat="42.82726317644119" lon="-6.751539520919323">
        <ele>1092.4000244140625</ele>
      </trkpt>
      <trkpt lat="42.827273989096284" lon="-6.751561397686601">
        <ele>1092.5999755859375</ele>
      </trkpt>
      <trkpt lat="42.82728589139879" lon="-6.751581430435181">
        <ele>1092.800048828125</ele>
      </trkpt>
      <trkpt lat="42.82729662023485" lon="-6.75159752368927">
        <ele>1093</ele>
      </trkpt>
      <trkpt lat="42.82730885781348" lon="-6.751620406284928">
        <ele>1093.4000244140625</ele>
      </trkpt>
      <trkpt lat="42.82732184976339" lon="-6.751642785966396">
        <ele>1093.5999755859375</ele>
      </trkpt>
      <trkpt lat="42.8273337520659" lon="-6.751660974696279">
        <ele>1093.800048828125</ele>
      </trkpt>
      <trkpt lat="42.827348755672574" lon="-6.751687461510301">
        <ele>1094</ele>
      </trkpt>
      <trkpt lat="42.82735914923251" lon="-6.7517066560685635">
        <ele>1094</ele>
      </trkpt>
      <trkpt lat="42.82737197354436" lon="-6.751729790121317">
        <ele>1094.199951171875</ele>
      </trkpt>
      <trkpt lat="42.82738630659878" lon="-6.75175585784018">
        <ele>1094.4000244140625</ele>
      </trkpt>
      <trkpt lat="42.827395275235176" lon="-6.751772789284587">
        <ele>1094.5999755859375</ele>
      </trkpt>
      <trkpt lat="42.8274077642709" lon="-6.751796845346689">
        <ele>1094.800048828125</ele>
      </trkpt>
      <trkpt lat="42.827420085668564" lon="-6.751821907237172">
        <ele>1095</ele>
      </trkpt>
      <trkpt lat="42.82743399962783" lon="-6.751837162300944">
        <ele>1095.199951171875</ele>
      </trkpt>
      <trkpt lat="42.827447997406125" lon="-6.75186088308692">
        <ele>1095.4000244140625</ele>
      </trkpt>
      <trkpt lat="42.82745914533734" lon="-6.751879910007119">
        <ele>1095.4000244140625</ele>
      </trkpt>
      <trkpt lat="42.8274701256305" lon="-6.751896673813462">
        <ele>1095.5999755859375</ele>
      </trkpt>
      <trkpt lat="42.82748873345554" lon="-6.751916287466884">
        <ele>1095.800048828125</ele>
      </trkpt>
      <trkpt lat="42.82749870792031" lon="-6.751934224739671">
        <ele>1096</ele>
      </trkpt>
      <trkpt lat="42.827509604394436" lon="-6.7519510723650455">
        <ele>1096.199951171875</ele>
      </trkpt>
      <trkpt lat="42.827526116743684" lon="-6.751971859484911">
        <ele>1096.4000244140625</ele>
      </trkpt>
      <trkpt lat="42.82753475010395" lon="-6.751987198367715">
        <ele>1096.5999755859375</ele>
      </trkpt>
      <trkpt lat="42.82754740677774" lon="-6.752005973830819">
        <ele>1096.800048828125</ele>
      </trkpt>
      <trkpt lat="42.82756350003183" lon="-6.752025922760367">
        <ele>1097</ele>
      </trkpt>
      <trkpt lat="42.827572636306286" lon="-6.752039836719632">
        <ele>1097</ele>
      </trkpt>
      <trkpt lat="42.82758344896138" lon="-6.75205634906888">
        <ele>1097.199951171875</ele>
      </trkpt>
      <trkpt lat="42.827596524730325" lon="-6.752077471464872">
        <ele>1097.199951171875</ele>
      </trkpt>
      <trkpt lat="42.82760943286121" lon="-6.752092894166708">
        <ele>1097.199951171875</ele>
      </trkpt>
      <trkpt lat="42.82762125134468" lon="-6.752112507820129">
        <ele>1097.4000244140625</ele>
      </trkpt>
      <trkpt lat="42.827635165303946" lon="-6.752129103988409">
        <ele>1097.5999755859375</ele>
      </trkpt>
      <trkpt lat="42.82764840871096" lon="-6.752141676843166">
        <ele>1097.800048828125</ele>
      </trkpt>
      <trkpt lat="42.827658047899604" lon="-6.752164643257856">
        <ele>1098</ele>
      </trkpt>
      <trkpt lat="42.82766768708825" lon="-6.752184173092246">
        <ele>1098.199951171875</ele>
      </trkpt>
      <trkpt lat="42.827678583562374" lon="-6.752199763432145">
        <ele>1098.5999755859375</ele>
      </trkpt>
      <trkpt lat="42.82769350335002" lon="-6.75222298130393">
        <ele>1098.800048828125</ele>
      </trkpt>
      <trkpt lat="42.82770238816738" lon="-6.752242259681225">
        <ele>1099</ele>
      </trkpt>
      <trkpt lat="42.82771370373666" lon="-6.752258017659187">
        <ele>1099.4000244140625</ele>
      </trkpt>
      <trkpt lat="42.82772434875369" lon="-6.752278301864862">
        <ele>1099.5999755859375</ele>
      </trkpt>
      <trkpt lat="42.827733317390084" lon="-6.752294981852174">
        <ele>1099.5999755859375</ele>
      </trkpt>
      <trkpt lat="42.82774329185486" lon="-6.752308895811439">
        <ele>1099.800048828125</ele>
      </trkpt>
      <trkpt lat="42.827753433957696" lon="-6.752333454787731">
        <ele>1100</ele>
      </trkpt>
      <trkpt lat="42.827763659879565" lon="-6.752352900803089">
        <ele>1100.199951171875</ele>
      </trkpt>
      <trkpt lat="42.82777514308691" lon="-6.752366395667195">
        <ele>1100.5999755859375</ele>
      </trkpt>
      <trkpt lat="42.827792996540666" lon="-6.752389948815107">
        <ele>1101</ele>
      </trkpt>
      <trkpt lat="42.82780003733933" lon="-6.752409897744656">
        <ele>1101.199951171875</ele>
      </trkpt>
      <trkpt lat="42.82781219109893" lon="-6.752426577731967">
        <ele>1101.4000244140625</ele>
      </trkpt>
      <trkpt lat="42.82782551832497" lon="-6.752447197213769">
        <ele>1101.800048828125</ele>
      </trkpt>
      <trkpt lat="42.82783239148557" lon="-6.752464212477207">
        <ele>1101.800048828125</ele>
      </trkpt>
      <trkpt lat="42.82784387469292" lon="-6.752482987940311">
        <ele>1102</ele>
      </trkpt>
      <trkpt lat="42.82785804010928" lon="-6.752506205812097">
        <ele>1102.4000244140625</ele>
      </trkpt>
      <trkpt lat="42.82786851748824" lon="-6.752522047609091">
        <ele>1102.5999755859375</ele>
      </trkpt>
      <trkpt lat="42.82787907868624" lon="-6.752541493624449">
        <ele>1102.800048828125</ele>
      </trkpt>
      <trkpt lat="42.82789223827422" lon="-6.752565214410424">
        <ele>1103</ele>
      </trkpt>
      <trkpt lat="42.827899446710944" lon="-6.752582481130958">
        <ele>1103</ele>
      </trkpt>
      <trkpt lat="42.8279067389667" lon="-6.752605028450489">
        <ele>1103.199951171875</ele>
      </trkpt>
      <trkpt lat="42.827917048707604" lon="-6.752628833055496">
        <ele>1103.199951171875</ele>
      </trkpt>
      <trkpt lat="42.82792551442981" lon="-6.752647440880537">
        <ele>1103.4000244140625</ele>
      </trkpt>
      <trkpt lat="42.82793548889458" lon="-6.752673843875527">
        <ele>1103.5999755859375</ele>
      </trkpt>
      <trkpt lat="42.82794185914099" lon="-6.752696894109249">
        <ele>1103.800048828125</ele>
      </trkpt>
      <trkpt lat="42.827949319034815" lon="-6.752716843038797">
        <ele>1103.800048828125</ele>
      </trkpt>
      <trkpt lat="42.827961053699255" lon="-6.752742659300566">
        <ele>1104</ele>
      </trkpt>
      <trkpt lat="42.82796968705952" lon="-6.752761602401733">
        <ele>1104</ele>
      </trkpt>
      <trkpt lat="42.82797647640109" lon="-6.752783479169011">
        <ele>1104</ele>
      </trkpt>
      <trkpt lat="42.82798678614199" lon="-6.7528098821640015">
        <ele>1104</ele>
      </trkpt>
      <trkpt lat="42.827990390360355" lon="-6.752828406170011">
        <ele>1104.199951171875</ele>
      </trkpt>
      <trkpt lat="42.82799793407321" lon="-6.752850953489542">
        <ele>1104.4000244140625</ele>
      </trkpt>
      <trkpt lat="42.828004052862525" lon="-6.752878446131945">
        <ele>1104.5999755859375</ele>
      </trkpt>
      <trkpt lat="42.82801067456603" lon="-6.752900322899222">
        <ele>1105</ele>
      </trkpt>
      <trkpt lat="42.828019140288234" lon="-6.7529211938381195">
        <ele>1105.4000244140625</ele>
      </trkpt>
      <trkpt lat="42.82802492380142" lon="-6.7529447469860315">
        <ele>1105.5999755859375</ele>
      </trkpt>
      <trkpt lat="42.82803221605718" lon="-6.752963690087199">
        <ele>1105.5999755859375</ele>
      </trkpt>
      <trkpt lat="42.828037329018116" lon="-6.752987243235111">
        <ele>1105.800048828125</ele>
      </trkpt>
      <trkpt lat="42.82804453745484" lon="-6.753011466935277">
        <ele>1105.800048828125</ele>
      </trkpt>
      <trkpt lat="42.828051997348666" lon="-6.753032254055142">
        <ele>1106</ele>
      </trkpt>
      <trkpt lat="42.82805861905217" lon="-6.753056813031435">
        <ele>1106.4000244140625</ele>
      </trkpt>
      <trkpt lat="42.82806725241244" lon="-6.7530811205506325">
        <ele>1106.800048828125</ele>
      </trkpt>
      <trkpt lat="42.82807370647788" lon="-6.753100650385022">
        <ele>1107.4000244140625</ele>
      </trkpt>
      <trkpt lat="42.828080831095576" lon="-6.753126801922917">
        <ele>1107.5999755859375</ele>
      </trkpt>
      <trkpt lat="42.82808527350426" lon="-6.753149768337607">
        <ele>1108</ele>
      </trkpt>
      <trkpt lat="42.82809290103614" lon="-6.7531694658100605">
        <ele>1108.199951171875</ele>
      </trkpt>
      <trkpt lat="42.828104216605425" lon="-6.753195701166987">
        <ele>1108.199951171875</ele>
      </trkpt>
      <trkpt lat="42.82810698263347" lon="-6.753214560449123">
        <ele>1108.5999755859375</ele>
      </trkpt>
      <trkpt lat="42.82811511307955" lon="-6.753232665359974">
        <ele>1108.800048828125</ele>
      </trkpt>
      <trkpt lat="42.82812441699207" lon="-6.753256302326918">
        <ele>1109</ele>
      </trkpt>
      <trkpt lat="42.82812835648656" lon="-6.753272311761975">
        <ele>1109.4000244140625</ele>
      </trkpt>
      <trkpt lat="42.828134978190064" lon="-6.753290668129921">
        <ele>1109.800048828125</ele>
      </trkpt>
      <trkpt lat="42.82813916914165" lon="-6.753318747505546">
        <ele>1110</ele>
      </trkpt>
      <trkpt lat="42.828144282102585" lon="-6.75333802588284">
        <ele>1110</ele>
      </trkpt>
      <trkpt lat="42.828151155263186" lon="-6.7533564660698175">
        <ele>1110.199951171875</ele>
      </trkpt>
      <trkpt lat="42.82816079445183" lon="-6.753381444141269">
        <ele>1110.4000244140625</ele>
      </trkpt>
      <trkpt lat="42.82816406339407" lon="-6.753400219604373">
        <ele>1110.5999755859375</ele>
      </trkpt>
      <trkpt lat="42.82816808670759" lon="-6.753420755267143">
        <ele>1110.5999755859375</ele>
      </trkpt>
      <trkpt lat="42.82817026600242" lon="-6.753444978967309">
        <ele>1110.800048828125</ele>
      </trkpt>
      <trkpt lat="42.82817294821143" lon="-6.753465682268143">
        <ele>1110.800048828125</ele>
      </trkpt>
      <trkpt lat="42.82817688770592" lon="-6.7534860502928495">
        <ele>1110.800048828125</ele>
      </trkpt>
      <trkpt lat="42.82817713916302" lon="-6.753511279821396">
        <ele>1111</ele>
      </trkpt>
      <trkpt lat="42.828178480267525" lon="-6.753534749150276">
        <ele>1111.199951171875</ele>
      </trkpt>
      <trkpt lat="42.82818149775267" lon="-6.753556961193681">
        <ele>1111.4000244140625</ele>
      </trkpt>
      <trkpt lat="42.828179486095905" lon="-6.753584453836083">
        <ele>1111.4000244140625</ele>
      </trkpt>
      <trkpt lat="42.828177977353334" lon="-6.753608090803027">
        <ele>1111.5999755859375</ele>
      </trkpt>
      <trkpt lat="42.828176552429795" lon="-6.7536339070647955">
        <ele>1111.800048828125</ele>
      </trkpt>
      <trkpt lat="42.828170685097575" lon="-6.753666093572974">
        <ele>1112</ele>
      </trkpt>
      <trkpt lat="42.8281694278121" lon="-6.7536889761686325">
        <ele>1112.199951171875</ele>
      </trkpt>
      <trkpt lat="42.82816423103213" lon="-6.753719067201018">
        <ele>1112.4000244140625</ele>
      </trkpt>
      <trkpt lat="42.82815928570926" lon="-6.753748068585992">
        <ele>1112.5999755859375</ele>
      </trkpt>
      <trkpt lat="42.82815786078572" lon="-6.75377287901938">
        <ele>1112.800048828125</ele>
      </trkpt>
      <trkpt lat="42.828155597671866" lon="-6.7538035567849874">
        <ele>1112.800048828125</ele>
      </trkpt>
      <trkpt lat="42.82815350219607" lon="-6.753825768828392">
        <ele>1112.5999755859375</ele>
      </trkpt>
      <trkpt lat="42.82815182581544" lon="-6.75384764559567">
        <ele>1112.4000244140625</ele>
      </trkpt>
      <trkpt lat="42.828151658177376" lon="-6.753876060247421">
        <ele>1112.199951171875</ele>
      </trkpt>
      <trkpt lat="42.82815392129123" lon="-6.753896260634065">
        <ele>1112.4000244140625</ele>
      </trkpt>
      <trkpt lat="42.82815375365317" lon="-6.7539183888584375">
        <ele>1112.5999755859375</ele>
      </trkpt>
      <trkpt lat="42.82814780250192" lon="-6.753944456577301">
        <ele>1113</ele>
      </trkpt>
      <trkpt lat="42.828144785016775" lon="-6.753963986411691">
        <ele>1113.199951171875</ele>
      </trkpt>
      <trkpt lat="42.82814126461744" lon="-6.753984186798334">
        <ele>1113.4000244140625</ele>
      </trkpt>
      <trkpt lat="42.82813774421811" lon="-6.754012769088149">
        <ele>1113.5999755859375</ele>
      </trkpt>
      <trkpt lat="42.82813816331327" lon="-6.754031125456095">
        <ele>1113.800048828125</ele>
      </trkpt>
      <trkpt lat="42.82813372090459" lon="-6.754053421318531">
        <ele>1114.199951171875</ele>
      </trkpt>
      <trkpt lat="42.82812936231494" lon="-6.75407781265676">
        <ele>1114.4000244140625</ele>
      </trkpt>
      <trkpt lat="42.82812776975334" lon="-6.754097426310182">
        <ele>1114.4000244140625</ele>
      </trkpt>
      <trkpt lat="42.828121818602085" lon="-6.754122572019696">
        <ele>1114.5999755859375</ele>
      </trkpt>
      <trkpt lat="42.828111508861184" lon="-6.754149729385972">
        <ele>1114.5999755859375</ele>
      </trkpt>
      <trkpt lat="42.828108156099916" lon="-6.7541734501719475">
        <ele>1114.5999755859375</ele>
      </trkpt>
      <trkpt lat="42.82809725962579" lon="-6.754199853166938">
        <ele>1114.5999755859375</ele>
      </trkpt>
      <trkpt lat="42.82809139229357" lon="-6.754222819581628">
        <ele>1114.800048828125</ele>
      </trkpt>
      <trkpt lat="42.8280830103904" lon="-6.754247881472111">
        <ele>1114.800048828125</ele>
      </trkpt>
      <trkpt lat="42.82807186245918" lon="-6.754279648885131">
        <ele>1115</ele>
      </trkpt>
      <trkpt lat="42.82806783914566" lon="-6.7543047945946455">
        <ele>1115</ele>
      </trkpt>
      <trkpt lat="42.82806088216603" lon="-6.75432994030416">
        <ele>1115</ele>
      </trkpt>
      <trkpt lat="42.82805417664349" lon="-6.754357013851404">
        <ele>1115</ele>
      </trkpt>
      <trkpt lat="42.828052416443825" lon="-6.754382411018014">
        <ele>1115</ele>
      </trkpt>
      <trkpt lat="42.82804428599775" lon="-6.7544159386307">
        <ele>1115</ele>
      </trkpt>
      <trkpt lat="42.82804252579808" lon="-6.75444426946342">
        <ele>1115</ele>
      </trkpt>
      <trkpt lat="42.82803959213197" lon="-6.754474360495806">
        <ele>1115.199951171875</ele>
      </trkpt>
      <trkpt lat="42.828027522191405" lon="-6.7545088939368725">
        <ele>1115.199951171875</ele>
      </trkpt>
      <trkpt lat="42.82802048139274" lon="-6.754530519247055">
        <ele>1115</ele>
      </trkpt>
      <trkpt lat="42.82801318913698" lon="-6.754556251689792">
        <ele>1114.800048828125</ele>
      </trkpt>
      <trkpt lat="42.828003130853176" lon="-6.75458449870348">
        <ele>1114.5999755859375</ele>
      </trkpt>
      <trkpt lat="42.82799550332129" lon="-6.754606040194631">
        <ele>1114.4000244140625</ele>
      </trkpt>
      <trkpt lat="42.827984020113945" lon="-6.754631018266082">
        <ele>1114.4000244140625</ele>
      </trkpt>
      <trkpt lat="42.82796868123114" lon="-6.754655996337533">
        <ele>1114.199951171875</ele>
      </trkpt>
      <trkpt lat="42.827957617118955" lon="-6.754677873104811">
        <ele>1114</ele>
      </trkpt>
      <trkpt lat="42.827941942960024" lon="-6.7546974029392">
        <ele>1113.800048828125</ele>
      </trkpt>
      <trkpt lat="42.827930208295584" lon="-6.754718944430351">
        <ele>1113.4000244140625</ele>
      </trkpt>
      <trkpt lat="42.82791822217405" lon="-6.7547377198934555">
        <ele>1113</ele>
      </trkpt>
      <trkpt lat="42.827900452539325" lon="-6.754762614145875">
        <ele>1112.800048828125</ele>
      </trkpt>
      <trkpt lat="42.82788963988423" lon="-6.7547836527228355">
        <ele>1112.5999755859375</ele>
      </trkpt>
      <trkpt lat="42.82787539064884" lon="-6.754806283861399">
        <ele>1112.5999755859375</ele>
      </trkpt>
      <trkpt lat="42.82785854302347" lon="-6.75483075901866">
        <ele>1112.4000244140625</ele>
      </trkpt>
      <trkpt lat="42.8278483171016" lon="-6.7548546474426985">
        <ele>1112.4000244140625</ele>
      </trkpt>
      <trkpt lat="42.82783574424684" lon="-6.754887001588941">
        <ele>1112.199951171875</ele>
      </trkpt>
      <trkpt lat="42.82782987691462" lon="-6.754916924983263">
        <ele>1112.199951171875</ele>
      </trkpt>
      <trkpt lat="42.827827110886574" lon="-6.754949279129505">
        <ele>1112.199951171875</ele>
      </trkpt>
      <trkpt lat="42.82782266847789" lon="-6.754990853369236">
        <ele>1112.4000244140625</ele>
      </trkpt>
      <trkpt lat="42.82782007008791" lon="-6.755024213343859">
        <ele>1112.4000244140625</ele>
      </trkpt>
      <trkpt lat="42.82781487330794" lon="-6.75505748949945">
        <ele>1112.4000244140625</ele>
      </trkpt>
      <trkpt lat="42.82780556939542" lon="-6.7550902627408504">
        <ele>1112.4000244140625</ele>
      </trkpt>
      <trkpt lat="42.827799869701266" lon="-6.755116079002619">
        <ele>1112.5999755859375</ele>
      </trkpt>
      <trkpt lat="42.82778897322714" lon="-6.755143152549863">
        <ele>1112.800048828125</ele>
      </trkpt>
      <trkpt lat="42.82778109423816" lon="-6.755170142278075">
        <ele>1113</ele>
      </trkpt>
      <trkpt lat="42.82777137123048" lon="-6.7551930248737335">
        <ele>1113</ele>
      </trkpt>
      <trkpt lat="42.82775301486254" lon="-6.755217080935836">
        <ele>1113</ele>
      </trkpt>
      <trkpt lat="42.827741615474224" lon="-6.755239963531494">
        <ele>1113</ele>
      </trkpt>
      <trkpt lat="42.82773105427623" lon="-6.755260918289423">
        <ele>1112.800048828125</ele>
      </trkpt>
      <trkpt lat="42.82771940343082" lon="-6.755290757864714">
        <ele>1112.5999755859375</ele>
      </trkpt>
      <trkpt lat="42.82770775258541" lon="-6.75532135181129">
        <ele>1112.4000244140625</ele>
      </trkpt>
      <trkpt lat="42.827710937708616" lon="-6.755351359024644">
        <ele>1112.4000244140625</ele>
      </trkpt>
      <trkpt lat="42.82772124744952" lon="-6.755375750362873">
        <ele>1112.199951171875</ele>
      </trkpt>
      <trkpt lat="42.82773767597973" lon="-6.7553977109491825">
        <ele>1112.199951171875</ele>
      </trkpt>
      <trkpt lat="42.82774597406387" lon="-6.755414307117462">
        <ele>1112.4000244140625</ele>
      </trkpt>
      <trkpt lat="42.8277531825006" lon="-6.755434675142169">
        <ele>1112.4000244140625</ele>
      </trkpt>
      <trkpt lat="42.827761648222804" lon="-6.755450097844005">
        <ele>1112.5999755859375</ele>
      </trkpt>
      <trkpt lat="42.8277634922415" lon="-6.755460072308779">
        <ele>1112.800048828125</ele>
      </trkpt>
      <trkpt lat="42.82776433043182" lon="-6.755471136420965">
        <ele>1113.199951171875</ele>
      </trkpt>
      <trkpt lat="42.827765587717295" lon="-6.755480859428644">
        <ele>1113.4000244140625</ele>
      </trkpt>
      <trkpt lat="42.827765084803104" lon="-6.755494941025972">
        <ele>1113.800048828125</ele>
      </trkpt>
      <trkpt lat="42.82777070067823" lon="-6.75551338121295">
        <ele>1114.199951171875</ele>
      </trkpt>
      <trkpt lat="42.82778084278107" lon="-6.755530396476388">
        <ele>1114.5999755859375</ele>
      </trkpt>
      <trkpt lat="42.82778536900878" lon="-6.755541795864701">
        <ele>1115</ele>
      </trkpt>
      <trkpt lat="42.82779064960778" lon="-6.755556715652347">
        <ele>1115.4000244140625</ele>
      </trkpt>
      <trkpt lat="42.827794002369046" lon="-6.755569623783231">
        <ele>1115.800048828125</ele>
      </trkpt>
      <trkpt lat="42.827802719548345" lon="-6.755587896332145">
        <ele>1116</ele>
      </trkpt>
      <trkpt lat="42.827810598537326" lon="-6.755598960444331">
        <ele>1116.4000244140625</ele>
      </trkpt>
      <trkpt lat="42.8278152924031" lon="-6.755608348175883">
        <ele>1116.800048828125</ele>
      </trkpt>
      <trkpt lat="42.82781856134534" lon="-6.755613209679723">
        <ele>1117</ele>
      </trkpt>
      <trkpt lat="42.82782199792564" lon="-6.755620501935482">
        <ele>1117.199951171875</ele>
      </trkpt>
      <trkpt lat="42.827988379" lon="-6.755960975">
        <ele>1126.89</ele>
      </trkpt>
      <trkpt lat="42.828097343" lon="-6.756098606">
        <ele>1130.782</ele>
      </trkpt>
      <trkpt lat="42.828192897" lon="-6.75605787">
        <ele>1134.756</ele>
      </trkpt>
      <trkpt lat="42.828313177" lon="-6.755822087">
        <ele>1137.966</ele>
      </trkpt>
      <trkpt lat="42.828373443" lon="-6.755593847">
        <ele>1140.17</ele>
      </trkpt>
      <trkpt lat="42.828468075" lon="-6.755548501">
        <ele>1142.053</ele>
      </trkpt>
      <trkpt lat="42.828976773" lon="-6.755850501">
        <ele>1155.031</ele>
      </trkpt>
      <trkpt lat="42.829255806" lon="-6.75590557">
        <ele>1157.604</ele>
      </trkpt>
      <trkpt lat="42.83029181" lon="-6.75635484">
        <ele>1156.324</ele>
      </trkpt>
      <trkpt lat="42.8306814" lon="-6.756368084">
        <ele>1155.929</ele>
      </trkpt>
      <trkpt lat="42.831095718" lon="-6.756251575">
        <ele>1154.962</ele>
      </trkpt>
      <trkpt lat="42.831299985" lon="-6.756289881">
        <ele>1153.866</ele>
      </trkpt>
      <trkpt lat="42.831580946" lon="-6.756446958">
        <ele>1154.344</ele>
      </trkpt>
      <trkpt lat="42.831809353" lon="-6.756685926">
        <ele>1154.86</ele>
      </trkpt>
      <trkpt lat="42.832015129" lon="-6.75708021">
        <ele>1154.228</ele>
      </trkpt>
      <trkpt lat="42.832146222" lon="-6.757493606">
        <ele>1154.77</ele>
      </trkpt>
      <trkpt lat="42.832234651" lon="-6.757954611">
        <ele>1157.116</ele>
      </trkpt>
      <trkpt lat="42.83247211" lon="-6.758462554">
        <ele>1155.879</ele>
      </trkpt>
      <trkpt lat="42.832983574" lon="-6.760303052">
        <ele>1157.254</ele>
      </trkpt>
      <trkpt lat="42.833287418" lon="-6.760943094">
        <ele>1155.84</ele>
      </trkpt>
      <trkpt lat="42.833463941" lon="-6.761497306">
        <ele>1157.819</ele>
      </trkpt>
      <trkpt lat="42.833565362" lon="-6.761764521">
        <ele>1158.159</ele>
      </trkpt>
      <trkpt lat="42.833625963" lon="-6.761899218">
        <ele>1158.067</ele>
      </trkpt>
      <trkpt lat="42.833767533" lon="-6.762158554">
        <ele>1156.417</ele>
      </trkpt>
      <trkpt lat="42.833899213" lon="-6.763174105">
        <ele>1154.766</ele>
      </trkpt>
      <trkpt lat="42.833847497" lon="-6.763339564">
        <ele>1157.629</ele>
      </trkpt>
      <trkpt lat="42.833673907" lon="-6.76362983">
        <ele>1160.518</ele>
      </trkpt>
      <trkpt lat="42.833650438" lon="-6.764404401">
        <ele>1159.629</ele>
      </trkpt>
      <trkpt lat="42.833742388" lon="-6.764425524">
        <ele>1160.92</ele>
      </trkpt>
      <trkpt lat="42.833907595" lon="-6.76428739">
        <ele>1155.241</ele>
      </trkpt>
      <trkpt lat="42.83457865" lon="-6.764107598">
        <ele>1155.445</ele>
      </trkpt>
      <trkpt lat="42.834699014" lon="-6.76413442">
        <ele>1157.055</ele>
      </trkpt>
      <trkpt lat="42.835028088" lon="-6.764761889">
        <ele>1159.866</ele>
      </trkpt>
      <trkpt lat="42.835351462" lon="-6.764941011">
        <ele>1160.393</ele>
      </trkpt>
      <trkpt lat="42.835519183" lon="-6.764959032">
        <ele>1158.957</ele>
      </trkpt>
      <trkpt lat="42.835765276" lon="-6.765190959">
        <ele>1157.296</ele>
      </trkpt>
      <trkpt lat="42.835891256" lon="-6.765532773">
        <ele>1160.072</ele>
      </trkpt>
      <trkpt lat="42.836082615" lon="-6.765895542">
        <ele>1158.305</ele>
      </trkpt>
      <trkpt lat="42.836189149" lon="-6.766229225">
        <ele>1160.929</ele>
      </trkpt>
      <trkpt lat="42.836567089" lon="-6.7665557">
        <ele>1155.899</ele>
      </trkpt>
      <trkpt lat="42.836621404" lon="-6.766810678">
        <ele>1161.111</ele>
      </trkpt>
      <trkpt lat="42.836741181" lon="-6.766965827">
        <ele>1157.538</ele>
      </trkpt>
      <trkpt lat="42.836852074" lon="-6.767326668">
        <ele>1156.772</ele>
      </trkpt>
      <trkpt lat="42.836808488" lon="-6.767549124">
        <ele>1163.944</ele>
      </trkpt>
      <trkpt lat="42.836897001" lon="-6.767748026">
        <ele>1157.45</ele>
      </trkpt>
      <trkpt lat="42.83687219" lon="-6.767981295">
        <ele>1161.287</ele>
      </trkpt>
      <trkpt lat="42.836934971" lon="-6.768273655">
        <ele>1158.215</ele>
      </trkpt>
      <trkpt lat="42.836930528" lon="-6.768439366">
        <ele>1158.107</ele>
      </trkpt>
      <trkpt lat="42.836775379" lon="-6.769244447">
        <ele>1159.026</ele>
      </trkpt>
      <trkpt lat="42.836384531" lon="-6.770043159">
        <ele>1166.374</ele>
      </trkpt>
      <trkpt lat="42.836092338" lon="-6.770515395">
        <ele>1175.978</ele>
      </trkpt>
      <trkpt lat="42.835799893" lon="-6.770907082">
        <ele>1188.402</ele>
      </trkpt>
      <trkpt lat="42.835738203" lon="-6.771337828">
        <ele>1193.447</ele>
      </trkpt>
      <trkpt lat="42.836297946" lon="-6.771691293">
        <ele>1203.193</ele>
      </trkpt>
      <trkpt lat="42.836478492" lon="-6.772008799">
        <ele>1212.528</ele>
      </trkpt>
      <trkpt lat="42.836645124" lon="-6.772599053">
        <ele>1224.295</ele>
      </trkpt>
      <trkpt lat="42.836730704" lon="-6.7730127">
        <ele>1231.125</ele>
      </trkpt>
      <trkpt lat="42.836695835" lon="-6.773310928">
        <ele>1239.11</ele>
      </trkpt>
      <trkpt lat="42.836736068" lon="-6.773467334">
        <ele>1241.361</ele>
      </trkpt>
      <trkpt lat="42.836752832" lon="-6.773947449">
        <ele>1251.852</ele>
      </trkpt>
      <trkpt lat="42.836878812" lon="-6.774367969">
        <ele>1251.203</ele>
      </trkpt>
      <trkpt lat="42.836948298" lon="-6.774910279">
        <ele>1252.316</ele>
      </trkpt>
      <trkpt lat="42.836911334" lon="-6.775356783">
        <ele>1256.435</ele>
      </trkpt>
      <trkpt lat="42.836928433" lon="-6.775724748">
        <ele>1258.346</ele>
      </trkpt>
      <trkpt lat="42.837068997" lon="-6.77616505">
        <ele>1258.331</ele>
      </trkpt>
      <trkpt lat="42.837163294" lon="-6.776286922">
        <ele>1255.151</ele>
      </trkpt>
      <trkpt lat="42.837208724" lon="-6.776499907">
        <ele>1255.42</ele>
      </trkpt>
      <trkpt lat="42.837198582" lon="-6.77678003">
        <ele>1255.528</ele>
      </trkpt>
      <trkpt lat="42.837125072" lon="-6.777140619">
        <ele>1255.676</ele>
      </trkpt>
      <trkpt lat="42.837003954" lon="-6.777421748">
        <ele>1256.705</ele>
      </trkpt>
      <trkpt lat="42.836774038" lon="-6.777726933">
        <ele>1257.75</ele>
      </trkpt>
      <trkpt lat="42.835416673" lon="-6.77884751">
        <ele>1256.436</ele>
      </trkpt>
      <trkpt lat="42.835219111" lon="-6.778964689">
        <ele>1258.322</ele>
      </trkpt>
      <trkpt lat="42.835010067" lon="-6.779223438">
        <ele>1256.353</ele>
      </trkpt>
      <trkpt lat="42.834748719" lon="-6.779458383">
        <ele>1257.504</ele>
      </trkpt>
      <trkpt lat="42.834044555" lon="-6.780054588">
        <ele>1267.217</ele>
      </trkpt>
      <trkpt lat="42.83393316" lon="-6.780097671">
        <ele>1270.297</ele>
      </trkpt>
      <trkpt lat="42.833920671" lon="-6.780179059">
        <ele>1268.988</ele>
      </trkpt>
      <trkpt lat="42.833823357" lon="-6.780168833">
        <ele>1273.041</ele>
      </trkpt>
      <trkpt lat="42.83343561" lon="-6.780624809">
        <ele>1283.042</ele>
      </trkpt>
      <trkpt lat="42.833108129" lon="-6.781155132">
        <ele>1292.493</ele>
      </trkpt>
      <trkpt lat="42.832823144" lon="-6.781304833">
        <ele>1299.866</ele>
      </trkpt>
      <trkpt lat="42.8322546" lon="-6.781884776">
        <ele>1308.766</ele>
      </trkpt>
      <trkpt lat="42.83222409" lon="-6.781978738">
        <ele>1308.299</ele>
      </trkpt>
      <trkpt lat="42.832411174" lon="-6.782347709">
        <ele>1308.269</ele>
      </trkpt>
      <trkpt lat="42.832838399" lon="-6.782586761">
        <ele>1304.84</ele>
      </trkpt>
      <trkpt lat="42.833091533" lon="-6.782826986">
        <ele>1307.126</ele>
      </trkpt>
      <trkpt lat="42.833336117" lon="-6.782970401">
        <ele>1306.154</ele>
      </trkpt>
      <trkpt lat="42.833720762" lon="-6.783506088">
        <ele>1311.24</ele>
      </trkpt>
      <trkpt lat="42.833699975" lon="-6.783693591">
        <ele>1312.562</ele>
      </trkpt>
      <trkpt lat="42.833579443" lon="-6.784058036">
        <ele>1313.928</ele>
      </trkpt>
      <trkpt lat="42.83355874" lon="-6.784329442">
        <ele>1313.021</ele>
      </trkpt>
      <trkpt lat="42.833423037" lon="-6.784769576">
        <ele>1318.057</ele>
      </trkpt>
      <trkpt lat="42.833419601" lon="-6.785167716">
        <ele>1321.583</ele>
      </trkpt>
      <trkpt lat="42.833369896" lon="-6.78554113">
        <ele>1326.006</ele>
      </trkpt>
      <trkpt lat="42.833474502" lon="-6.786175389">
        <ele>1329.649</ele>
      </trkpt>
      <trkpt lat="42.833679523" lon="-6.786722224">
        <ele>1335.443</ele>
      </trkpt>
      <trkpt lat="42.834267765" lon="-6.786771007">
        <ele>1346.291</ele>
      </trkpt>
      <trkpt lat="42.834746037" lon="-6.786919199">
        <ele>1355.618</ele>
      </trkpt>
      <trkpt lat="42.834812673" lon="-6.786901681">
        <ele>1355.677</ele>
      </trkpt>
      <trkpt lat="42.834998667" lon="-6.787006035">
        <ele>1359.763</ele>
      </trkpt>
      <trkpt lat="42.835237216" lon="-6.787063368">
        <ele>1363.499</ele>
      </trkpt>
      <trkpt lat="42.835472329" lon="-6.78705507">
        <ele>1363.305</ele>
      </trkpt>
      <trkpt lat="42.835627561" lon="-6.787256738">
        <ele>1365.305</ele>
      </trkpt>
      <trkpt lat="42.835830487" lon="-6.787735764">
        <ele>1369.064</ele>
      </trkpt>
      <trkpt lat="42.836105833" lon="-6.788192578">
        <ele>1372.58</ele>
      </trkpt>
      <trkpt lat="42.83622209" lon="-6.788196601">
        <ele>1373.737</ele>
      </trkpt>
      <trkpt lat="42.83654429" lon="-6.788018653">
        <ele>1375.56</ele>
      </trkpt>
      <trkpt lat="42.836927427" lon="-6.788093755">
        <ele>1383.158</ele>
      </trkpt>
      <trkpt lat="42.837201934" lon="-6.788032399">
        <ele>1385.962</ele>
      </trkpt>
      <trkpt lat="42.837649109" lon="-6.788031226">
        <ele>1395.493</ele>
      </trkpt>
      <trkpt lat="42.837865027" lon="-6.788147232">
        <ele>1400.803</ele>
      </trkpt>
      <trkpt lat="42.837931328" lon="-6.788256448">
        <ele>1403.427</ele>
      </trkpt>
      <trkpt lat="42.838115394" lon="-6.788401287">
        <ele>1407.404</ele>
      </trkpt>
      <trkpt lat="42.838324606" lon="-6.788478568">
        <ele>1411.426</ele>
      </trkpt>
      <trkpt lat="42.838500459" lon="-6.788482759">
        <ele>1414.112</ele>
      </trkpt>
      <trkpt lat="42.838546643" lon="-6.788523495">
        <ele>1415.692</ele>
      </trkpt>
      <trkpt lat="42.838633899" lon="-6.788858855">
        <ele>1422.539</ele>
      </trkpt>
      <trkpt lat="42.838669773" lon="-6.789074438">
        <ele>1424.772</ele>
      </trkpt>
      <trkpt lat="42.83864337" lon="-6.789405271">
        <ele>1431.665</ele>
      </trkpt>
      <trkpt lat="42.838735152" lon="-6.789474254">
        <ele>1431.578</ele>
      </trkpt>
      <trkpt lat="42.838626942" lon="-6.789788241">
        <ele>1442.559</ele>
      </trkpt>
      <trkpt lat="42.838648986" lon="-6.790009355">
        <ele>1448.384</ele>
      </trkpt>
      <trkpt lat="42.838609843" lon="-6.790110944">
        <ele>1451.385</ele>
      </trkpt>
      <trkpt lat="42.838641275" lon="-6.790176323">
        <ele>1452.157</ele>
      </trkpt>
      <trkpt lat="42.838570196" lon="-6.790412022">
        <ele>1456.975</ele>
      </trkpt>
      <trkpt lat="42.838693494" lon="-6.790586282">
        <ele>1459.699</ele>
      </trkpt>
      <trkpt lat="42.838714616" lon="-6.790775377">
        <ele>1464.84</ele>
      </trkpt>
      <trkpt lat="42.838754598" lon="-6.79084084">
        <ele>1466.189</ele>
      </trkpt>
      <trkpt lat="42.838605316" lon="-6.791136134">
        <ele>1479.703</ele>
      </trkpt>
      <trkpt lat="42.838601293" lon="-6.791370912">
        <ele>1487.175</ele>
      </trkpt>
      <trkpt lat="42.838655608" lon="-6.791412737">
        <ele>1487.392</ele>
      </trkpt>
      <trkpt lat="42.838657368" lon="-6.791507537">
        <ele>1490.014</ele>
      </trkpt>
      <trkpt lat="42.838601293" lon="-6.791643407">
        <ele>1495.018</ele>
      </trkpt>
      <trkpt lat="42.83860255" lon="-6.791832251">
        <ele>1498.722</ele>
      </trkpt>
      <trkpt lat="42.838688549" lon="-6.791931996">
        <ele>1498.8</ele>
      </trkpt>
      <trkpt lat="42.838595593" lon="-6.792048756">
        <ele>1502.16</ele>
      </trkpt>
      <trkpt lat="42.838593414" lon="-6.79219041">
        <ele>1504.314</ele>
      </trkpt>
      <trkpt lat="42.838533316" lon="-6.792240534">
        <ele>1504.629</ele>
      </trkpt>
      <trkpt lat="42.83852837" lon="-6.792321503">
        <ele>1506.677</ele>
      </trkpt>
      <trkpt lat="42.838596348" lon="-6.792394677">
        <ele>1508.698</ele>
      </trkpt>
      <trkpt lat="42.838609507" lon="-6.792560555">
        <ele>1512.533</ele>
      </trkpt>
      <trkpt lat="42.838506494" lon="-6.792735234">
        <ele>1517.623</ele>
      </trkpt>
      <trkpt lat="42.838496938" lon="-6.792830033">
        <ele>1520.36</ele>
      </trkpt>
      <trkpt lat="42.83862845" lon="-6.793152066">
        <ele>1529.837</ele>
      </trkpt>
      <trkpt lat="42.838469697" lon="-6.793286512">
        <ele>1534.906</ele>
      </trkpt>
      <trkpt lat="42.838424603" lon="-6.793405535">
        <ele>1538.751</ele>
      </trkpt>
      <trkpt lat="42.838442875" lon="-6.793558085">
        <ele>1543.078</ele>
      </trkpt>
      <trkpt lat="42.838401552" lon="-6.793628996">
        <ele>1545.205</ele>
      </trkpt>
      <trkpt lat="42.838432817" lon="-6.793700578">
        <ele>1546.896</ele>
      </trkpt>
      <trkpt lat="42.838391326" lon="-6.793749612">
        <ele>1548.281</ele>
      </trkpt>
      <trkpt lat="42.838411778" lon="-6.793791773">
        <ele>1549.27</ele>
      </trkpt>
      <trkpt lat="42.838381855" lon="-6.793894535">
        <ele>1551.995</ele>
      </trkpt>
      <trkpt lat="42.838252522" lon="-6.79402303">
        <ele>1556.305</ele>
      </trkpt>
      <trkpt lat="42.838194938" lon="-6.794165187">
        <ele>1560.458</ele>
      </trkpt>
      <trkpt lat="42.837821273" lon="-6.794488812">
        <ele>1569.801</ele>
      </trkpt>
      <trkpt lat="42.837742148" lon="-6.794678159">
        <ele>1575.059</ele>
      </trkpt>
      <trkpt lat="42.837568726" lon="-6.794980243">
        <ele>1582.579</ele>
      </trkpt>
      <trkpt lat="42.837397149" lon="-6.795069929">
        <ele>1585.165</ele>
      </trkpt>
      <trkpt lat="42.837363202" lon="-6.795130614">
        <ele>1587.455</ele>
      </trkpt>
      <trkpt lat="42.837316683" lon="-6.795111755">
        <ele>1587.078</ele>
      </trkpt>
      <trkpt lat="42.837213418" lon="-6.795288529">
        <ele>1593.652</ele>
      </trkpt>
      <trkpt lat="42.837031865" lon="-6.795340329">
        <ele>1599.505</ele>
      </trkpt>
      <trkpt lat="42.836853499" lon="-6.795469159">
        <ele>1608.589</ele>
      </trkpt>
      <trkpt lat="42.836593492" lon="-6.79547796">
        <ele>1614.924</ele>
      </trkpt>
      <trkpt lat="42.83649249" lon="-6.795621542">
        <ele>1619.094</ele>
      </trkpt>
      <trkpt lat="42.836459717" lon="-6.795779038">
        <ele>1623.532</ele>
      </trkpt>
      <trkpt lat="42.836437672" lon="-6.796010546">
        <ele>1630.328</ele>
      </trkpt>
      <trkpt lat="42.836588295" lon="-6.796445651">
        <ele>1648.003</ele>
      </trkpt>
      <trkpt lat="42.836628528" lon="-6.796471132">
        <ele>1649.36</ele>
      </trkpt>
      <trkpt lat="42.836634731" lon="-6.796633992">
        <ele>1656.561</ele>
      </trkpt>
      <trkpt lat="42.836998925" lon="-6.79662779">
        <ele>1661.707</ele>
      </trkpt>
      <trkpt lat="42.836869508" lon="-6.796990223">
        <ele>1670.269</ele>
      </trkpt>
      <trkpt lat="42.836656105" lon="-6.797256516">
        <ele>1682.555</ele>
      </trkpt>
      <trkpt lat="42.836686531" lon="-6.79748266">
        <ele>1684.026</ele>
      </trkpt>
      <trkpt lat="42.836453933" lon="-6.79775767">
        <ele>1695.714</ele>
      </trkpt>
      <trkpt lat="42.836183617" lon="-6.798571553">
        <ele>1705.04</ele>
      </trkpt>
      <trkpt lat="42.835937943" lon="-6.799436314">
        <ele>1712.151</ele>
      </trkpt>
      <trkpt lat="42.835990749" lon="-6.799957752">
        <ele>1705.835</ele>
      </trkpt>
      <trkpt lat="42.836193256" lon="-6.800768701">
        <ele>1700.158</ele>
      </trkpt>
      <trkpt lat="42.836275985" lon="-6.801271699">
        <ele>1697.966</ele>
      </trkpt>
      <trkpt lat="42.836435409" lon="-6.801872849">
        <ele>1701.522</ele>
      </trkpt>
      <trkpt lat="42.836525766" lon="-6.802284569">
        <ele>1700.073</ele>
      </trkpt>
      <trkpt lat="42.836568095" lon="-6.80274968">
        <ele>1693.512</ele>
      </trkpt>
      <trkpt lat="42.83652233" lon="-6.802945817">
        <ele>1688.451</ele>
      </trkpt>
      <trkpt lat="42.836562898" lon="-6.802997282">
        <ele>1687.173</ele>
      </trkpt>
      <trkpt lat="42.836563066" lon="-6.803141283">
        <ele>1686.134</ele>
      </trkpt>
      <trkpt lat="42.836660799" lon="-6.803445211">
        <ele>1692.743</ele>
      </trkpt>
      <trkpt lat="42.836653506" lon="-6.803751653">
        <ele>1697.581</ele>
      </trkpt>
      <trkpt lat="42.83675476" lon="-6.80380513">
        <ele>1695.465</ele>
      </trkpt>
      <trkpt lat="42.836766411" lon="-6.804412147">
        <ele>1697.786</ele>
      </trkpt>
      <trkpt lat="42.836959362" lon="-6.804975076">
        <ele>1702.554</ele>
      </trkpt>
      <trkpt lat="42.836933546" lon="-6.805154532">
        <ele>1702.968</ele>
      </trkpt>
      <trkpt lat="42.836932121" lon="-6.805322673">
        <ele>1702.556</ele>
      </trkpt>
      <trkpt lat="42.836955506" lon="-6.805676222">
        <ele>1702.878</ele>
      </trkpt>
      <trkpt lat="42.837062711" lon="-6.806006804">
        <ele>1696.335</ele>
      </trkpt>
      <trkpt lat="42.837024489" lon="-6.806183746">
        <ele>1696.587</ele>
      </trkpt>
      <trkpt lat="42.837066818" lon="-6.806272427">
        <ele>1694.48</ele>
      </trkpt>
      <trkpt lat="42.837021556" lon="-6.806452051">
        <ele>1694.17</ele>
      </trkpt>
      <trkpt lat="42.837064052" lon="-6.806560261">
        <ele>1693.065</ele>
      </trkpt>
      <trkpt lat="42.837049216" lon="-6.806663526">
        <ele>1693.121</ele>
      </trkpt>
      <trkpt lat="42.837106632" lon="-6.806887239">
        <ele>1693.472</ele>
      </trkpt>
      <trkpt lat="42.837122893" lon="-6.807159148">
        <ele>1696.418</ele>
      </trkpt>
      <trkpt lat="42.83723521" lon="-6.807492748">
        <ele>1703.259</ele>
      </trkpt>
      <trkpt lat="42.837308887" lon="-6.807555528">
        <ele>1699.818</ele>
      </trkpt>
      <trkpt lat="42.837508461" lon="-6.80780598">
        <ele>1698.951</ele>
      </trkpt>
      <trkpt lat="42.837761175" lon="-6.807895331">
        <ele>1692.927</ele>
      </trkpt>
      <trkpt lat="42.83787081" lon="-6.808073279">
        <ele>1691.705</ele>
      </trkpt>
      <trkpt lat="42.837980026" lon="-6.808093982">
        <ele>1688.548</ele>
      </trkpt>
      <trkpt lat="42.838148167" lon="-6.808222979">
        <ele>1686.607</ele>
      </trkpt>
      <trkpt lat="42.838233579" lon="-6.808238318">
        <ele>1687.135</ele>
      </trkpt>
      <trkpt lat="42.838402977" lon="-6.80822474">
        <ele>1684.169</ele>
      </trkpt>
      <trkpt lat="42.838465171" lon="-6.808418445">
        <ele>1682.875</ele>
      </trkpt>
      <trkpt lat="42.838608837" lon="-6.808703849">
        <ele>1677.977</ele>
      </trkpt>
      <trkpt lat="42.838849733" lon="-6.808961006">
        <ele>1675.078</ele>
      </trkpt>
      <trkpt lat="42.838903712" lon="-6.808950696">
        <ele>1675.336</ele>
      </trkpt>
      <trkpt lat="42.838979233" lon="-6.809087154">
        <ele>1675.314</ele>
      </trkpt>
      <trkpt lat="42.839088198" lon="-6.80914524">
        <ele>1677.74</ele>
      </trkpt>
      <trkpt lat="42.839131532" lon="-6.809223611">
        <ele>1677.856</ele>
      </trkpt>
      <trkpt lat="42.839271426" lon="-6.809249846">
        <ele>1679.143</ele>
      </trkpt>
      <trkpt lat="42.839411655" lon="-6.809417568">
        <ele>1684.766</ele>
      </trkpt>
      <trkpt lat="42.839594465" lon="-6.809498454">
        <ele>1685.504</ele>
      </trkpt>
      <trkpt lat="42.839815412" lon="-6.809906736">
        <ele>1690.337</ele>
      </trkpt>
      <trkpt lat="42.840039292" lon="-6.81014562">
        <ele>1699.592</ele>
      </trkpt>
      <trkpt lat="42.840058152" lon="-6.810244862">
        <ele>1702.966</ele>
      </trkpt>
      <trkpt lat="42.840141971" lon="-6.810276043">
        <ele>1708.076</ele>
      </trkpt>
      <trkpt lat="42.840281278" lon="-6.810196079">
        <ele>1709.004</ele>
      </trkpt>
      <trkpt lat="42.840258144" lon="-6.810295573">
        <ele>1714.23</ele>
      </trkpt>
      <trkpt lat="42.840260323" lon="-6.810361454">
        <ele>1715.174</ele>
      </trkpt>
      <trkpt lat="42.840397032" lon="-6.810622048">
        <ele>1718.345</ele>
      </trkpt>
      <trkpt lat="42.84039259" lon="-6.810714919">
        <ele>1719.756</ele>
      </trkpt>
      <trkpt lat="42.840473978" lon="-6.810765713">
        <ele>1722.677</ele>
      </trkpt>
      <trkpt lat="42.840830795" lon="-6.811516564">
        <ele>1741.647</ele>
      </trkpt>
      <trkpt lat="42.841026932" lon="-6.81173332">
        <ele>1744.464</ele>
      </trkpt>
      <trkpt lat="42.841063226" lon="-6.811833819">
        <ele>1746.125</ele>
      </trkpt>
      <trkpt lat="42.841182332" lon="-6.811888386">
        <ele>1744.71</ele>
      </trkpt>
      <trkpt lat="42.84136246" lon="-6.812136741">
        <ele>1740.135</ele>
      </trkpt>
      <trkpt lat="42.841410153" lon="-6.812118888">
        <ele>1739.015</ele>
      </trkpt>
      <trkpt lat="42.841542084" lon="-6.81223833">
        <ele>1736.128</ele>
      </trkpt>
      <trkpt lat="42.841667142" lon="-6.812287029">
        <ele>1732.276</ele>
      </trkpt>
      <trkpt lat="42.841969226" lon="-6.812629597">
        <ele>1725.498</ele>
      </trkpt>
      <trkpt lat="42.842127979" lon="-6.812737556">
        <ele>1727.961</ele>
      </trkpt>
      <trkpt lat="42.842362504" lon="-6.812744597">
        <ele>1734.819</ele>
      </trkpt>
      <trkpt lat="42.842389327" lon="-6.812805953">
        <ele>1737.436</ele>
      </trkpt>
      <trkpt lat="42.842445653" lon="-6.81281358">
        <ele>1739.8</ele>
      </trkpt>
      <trkpt lat="42.842509858" lon="-6.812989768">
        <ele>1743.149</ele>
      </trkpt>
      <trkpt lat="42.84270348" lon="-6.81292749">
        <ele>1749.022</ele>
      </trkpt>
      <trkpt lat="42.842808086" lon="-6.812938554">
        <ele>1752.758</ele>
      </trkpt>
      <trkpt lat="42.842851924" lon="-6.812999072">
        <ele>1756.631</ele>
      </trkpt>
      <trkpt lat="42.843000786" lon="-6.813022876">
        <ele>1763.182</ele>
      </trkpt>
      <trkpt lat="42.843055855" lon="-6.813115245">
        <ele>1766.565</ele>
      </trkpt>
      <trkpt lat="42.843403704" lon="-6.813328983">
        <ele>1769.309</ele>
      </trkpt>
      <trkpt lat="42.843459528" lon="-6.813451611">
        <ele>1772.69</ele>
      </trkpt>
      <trkpt lat="42.843431616" lon="-6.813511206">
        <ele>1773.932</ele>
      </trkpt>
      <trkpt lat="42.843450475" lon="-6.813577758">
        <ele>1776.249</ele>
      </trkpt>
      <trkpt lat="42.843526918" lon="-6.813699463">
        <ele>1781.039</ele>
      </trkpt>
      <trkpt lat="42.843584502" lon="-6.813746402">
        <ele>1784.892</ele>
      </trkpt>
      <trkpt lat="42.843826739" lon="-6.813775655">
        <ele>1792.837</ele>
      </trkpt>
      <trkpt lat="42.843900668" lon="-6.813837849">
        <ele>1798.615</ele>
      </trkpt>
      <trkpt lat="42.843870996" lon="-6.813957877">
        <ele>1803.264</ele>
      </trkpt>
      <trkpt lat="42.843881641" lon="-6.814033566">
        <ele>1807.266</ele>
      </trkpt>
      <trkpt lat="42.843962107" lon="-6.814161222">
        <ele>1818.469</ele>
      </trkpt>
      <trkpt lat="42.844046261" lon="-6.814201456">
        <ele>1824.803</ele>
      </trkpt>
      <trkpt lat="42.844056906" lon="-6.814377056">
        <ele>1828.693</ele>
      </trkpt>
      <trkpt lat="42.844094122" lon="-6.814409913">
        <ele>1832.285</ele>
      </trkpt>
      <trkpt lat="42.84411516" lon="-6.814376134">
        <ele>1833.242</ele>
      </trkpt>
      <trkpt lat="42.844132679" lon="-6.814503456">
        <ele>1835.895</ele>
      </trkpt>
      <trkpt lat="42.844223455" lon="-6.814566907">
        <ele>1835.402</ele>
      </trkpt>
      <trkpt lat="42.844262347" lon="-6.814731108">
        <ele>1832.29</ele>
      </trkpt>
      <trkpt lat="42.844227981" lon="-6.814768491">
        <ele>1833.207</ele>
      </trkpt>
      <trkpt lat="42.844269136" lon="-6.814865889">
        <ele>1829.024</ele>
      </trkpt>
      <trkpt lat="42.844268717" lon="-6.815030929">
        <ele>1826.613</ele>
      </trkpt>
      <trkpt lat="42.844308866" lon="-6.815046938">
        <ele>1826.392</ele>
      </trkpt>
      <trkpt lat="42.844381873" lon="-6.815246595">
        <ele>1831.692</ele>
      </trkpt>
      <trkpt lat="42.844409281" lon="-6.815443402">
        <ele>1838.75</ele>
      </trkpt>
      <trkpt lat="42.844384387" lon="-6.815553457">
        <ele>1841.34</ele>
      </trkpt>
      <trkpt lat="42.844495531" lon="-6.815843973">
        <ele>1853.006</ele>
      </trkpt>
      <trkpt lat="42.844486311" lon="-6.815969115">
        <ele>1858.076</ele>
      </trkpt>
      <trkpt lat="42.844528975" lon="-6.815999625">
        <ele>1857.395</ele>
      </trkpt>
      <trkpt lat="42.844478013" lon="-6.816077158">
        <ele>1862.419</ele>
      </trkpt>
      <trkpt lat="42.844558982" lon="-6.816291902">
        <ele>1867.818</ele>
      </trkpt>
      <trkpt lat="42.844565772" lon="-6.816492984">
        <ele>1874.076</ele>
      </trkpt>
      <trkpt lat="42.844634838" lon="-6.816632124">
        <ele>1878.697</ele>
      </trkpt>
      <trkpt lat="42.844632156" lon="-6.816710075">
        <ele>1880.681</ele>
      </trkpt>
      <trkpt lat="42.844692171" lon="-6.816754751">
        <ele>1883.788</ele>
      </trkpt>
      <trkpt lat="42.84468337" lon="-6.81682759">
        <ele>1885.506</ele>
      </trkpt>
      <trkpt lat="42.844843296" lon="-6.817165632">
        <ele>1889.194</ele>
      </trkpt>
      <trkpt lat="42.844803231" lon="-6.817319524">
        <ele>1888.755</ele>
      </trkpt>
      <trkpt lat="42.844520006" lon="-6.817761585">
        <ele>1881.221</ele>
      </trkpt>
      <trkpt lat="42.844549678" lon="-6.81787583">
        <ele>1880.896</ele>
      </trkpt>
      <trkpt lat="42.844449263" lon="-6.818202473">
        <ele>1889.99</ele>
      </trkpt>
      <trkpt lat="42.844351362" lon="-6.818303894">
        <ele>1886.089</ele>
      </trkpt>
      <trkpt lat="42.844278524" lon="-6.818461223">
        <ele>1880.664</ele>
      </trkpt>
      <trkpt lat="42.844222113" lon="-6.818844946">
        <ele>1871.879</ele>
      </trkpt>
      <trkpt lat="42.844235189" lon="-6.819077292">
        <ele>1864.368</ele>
      </trkpt>
      <trkpt lat="42.84420711" lon="-6.819086345">
        <ele>1865.698</ele>
      </trkpt>
      <trkpt lat="42.844227226" lon="-6.819119705">
        <ele>1863.517</ele>
      </trkpt>
      <trkpt lat="42.844194788" lon="-6.81917402">
        <ele>1864.061</ele>
      </trkpt>
      <trkpt lat="42.844172493" lon="-6.819346854">
        <ele>1862.973</ele>
      </trkpt>
      <trkpt lat="42.844221275" lon="-6.819414077">
        <ele>1858.198</ele>
      </trkpt>
      <trkpt lat="42.844282882" lon="-6.819355739">
        <ele>1854.608</ele>
      </trkpt>
      <trkpt lat="42.844254384" lon="-6.819885056">
        <ele>1845.521</ele>
      </trkpt>
      <trkpt lat="42.844280703" lon="-6.82006116">
        <ele>1843.681</ele>
      </trkpt>
      <trkpt lat="42.844314314" lon="-6.820159648">
        <ele>1842.942</ele>
      </trkpt>
      <trkpt lat="42.84418649" lon="-6.820249921">
        <ele>1839.287</ele>
      </trkpt>
      <trkpt lat="42.844151203" lon="-6.820707154">
        <ele>1828.057</ele>
      </trkpt>
      <trkpt lat="42.844163692" lon="-6.820853334">
        <ele>1827.035</ele>
      </trkpt>
      <trkpt lat="42.844279278" lon="-6.820992557">
        <ele>1818.862</ele>
      </trkpt>
      <trkpt lat="42.844364773" lon="-6.821204368">
        <ele>1819.923</ele>
      </trkpt>
      <trkpt lat="42.84442638" lon="-6.821219372">
        <ele>1821.834</ele>
      </trkpt>
      <trkpt lat="42.84442001" lon="-6.821572669">
        <ele>1832.801</ele>
      </trkpt>
      <trkpt lat="42.844463345" lon="-6.821739553">
        <ele>1834.785</ele>
      </trkpt>
      <trkpt lat="42.844438115" lon="-6.821948094">
        <ele>1837.356</ele>
      </trkpt>
      <trkpt lat="42.844468541" lon="-6.822119085">
        <ele>1832.883</ele>
      </trkpt>
      <trkpt lat="42.844432332" lon="-6.822279766">
        <ele>1831.636</ele>
      </trkpt>
      <trkpt lat="42.844386147" lon="-6.822197875">
        <ele>1829.66</ele>
      </trkpt>
      <trkpt lat="42.844385225" lon="-6.822243892">
        <ele>1828.847</ele>
      </trkpt>
      <trkpt lat="42.844346752" lon="-6.822241042">
        <ele>1825.908</ele>
      </trkpt>
      <trkpt lat="42.844437612" lon="-6.822505742">
        <ele>1826.542</ele>
      </trkpt>
      <trkpt lat="42.844395116" lon="-6.823014691">
        <ele>1823.492</ele>
      </trkpt>
      <trkpt lat="42.844421854" lon="-6.823202614">
        <ele>1827.06</ele>
      </trkpt>
      <trkpt lat="42.844406683" lon="-6.823829915">
        <ele>1833.279</ele>
      </trkpt>
      <trkpt lat="42.844440211" lon="-6.823924044">
        <ele>1835.459</ele>
      </trkpt>
      <trkpt lat="42.844217923" lon="-6.824385049">
        <ele>1848.293</ele>
      </trkpt>
      <trkpt lat="42.844133098" lon="-6.824904475">
        <ele>1863.022</ele>
      </trkpt>
      <trkpt lat="42.844121614" lon="-6.825422142">
        <ele>1872.444</ele>
      </trkpt>
      <trkpt lat="42.844159165" lon="-6.825628085">
        <ele>1875.65</ele>
      </trkpt>
      <trkpt lat="42.844132595" lon="-6.825972497">
        <ele>1875.213</ele>
      </trkpt>
      <trkpt lat="42.844203422" lon="-6.826847987">
        <ele>1883.931</ele>
      </trkpt>
      <trkpt lat="42.84414324" lon="-6.827848703">
        <ele>1894.308</ele>
      </trkpt>
      <trkpt lat="42.844111389" lon="-6.828055233">
        <ele>1894.207</ele>
      </trkpt>
      <trkpt lat="42.844027402" lon="-6.828246089">
        <ele>1892.867</ele>
      </trkpt>
      <trkpt lat="42.844035281" lon="-6.828578599">
        <ele>1892.262</ele>
      </trkpt>
      <trkpt lat="42.843823554" lon="-6.82884003">
        <ele>1894.561</ele>
      </trkpt>
      <trkpt lat="42.843763288" lon="-6.829090733">
        <ele>1893.662</ele>
      </trkpt>
      <trkpt lat="42.843674859" lon="-6.829183772">
        <ele>1897.586</ele>
      </trkpt>
      <trkpt lat="42.843535887" lon="-6.829728931">
        <ele>1902.358</ele>
      </trkpt>
      <trkpt lat="42.843348887" lon="-6.830011401">
        <ele>1918.93</ele>
      </trkpt>
      <trkpt lat="42.843373278" lon="-6.83012967">
        <ele>1919.414</ele>
      </trkpt>
      <trkpt lat="42.843267834" lon="-6.830502413">
        <ele>1927.223</ele>
      </trkpt>
      <trkpt lat="42.843180327" lon="-6.830702825">
        <ele>1933.743</ele>
      </trkpt>
      <trkpt lat="42.843133556" lon="-6.830763426">
        <ele>1936.18</ele>
      </trkpt>
      <trkpt lat="42.843123917" lon="-6.830874737">
        <ele>1941.279</ele>
      </trkpt>
      <trkpt lat="42.843229445" lon="-6.830848586">
        <ele>1940.994</ele>
      </trkpt>
      <trkpt lat="42.843281664" lon="-6.830949755">
        <ele>1946.603</ele>
      </trkpt>
      <trkpt lat="42.84323724" lon="-6.831392571">
        <ele>1963.289</ele>
      </trkpt>
      <trkpt lat="42.843403872" lon="-6.831509499">
        <ele>1964.993</ele>
      </trkpt>
      <trkpt lat="42.843481069" lon="-6.831749976">
        <ele>1970.559</ele>
      </trkpt>
      <trkpt lat="42.843759684" lon="-6.832322041">
        <ele>1980.105</ele>
      </trkpt>
      <trkpt lat="42.843956491" lon="-6.832554219">
        <ele>1982.725</ele>
      </trkpt>
      <trkpt lat="42.843992533" lon="-6.832652036">
        <ele>1981.928</ele>
      </trkpt>
      <trkpt lat="42.844118346" lon="-6.832752619">
        <ele>1980.88</ele>
      </trkpt>
      <trkpt lat="42.844265196" lon="-6.833096948">
        <ele>1972.727</ele>
      </trkpt>
      <trkpt lat="42.844417244" lon="-6.833019163">
        <ele>1967.321</ele>
      </trkpt>
      <trkpt lat="42.844466781" lon="-6.832893603">
        <ele>1962.41</ele>
      </trkpt>
      <trkpt lat="42.844521012" lon="-6.832926627">
        <ele>1960.504</ele>
      </trkpt>
      <trkpt lat="42.844695523" lon="-6.832884299">
        <ele>1950.993</ele>
      </trkpt>
      <trkpt lat="42.844856875" lon="-6.832903577">
        <ele>1944.966</ele>
      </trkpt>
      <trkpt lat="42.845051419" lon="-6.832957473">
        <ele>1940.184</ele>
      </trkpt>
      <trkpt lat="42.845348222" lon="-6.832824787">
        <ele>1928.435</ele>
      </trkpt>
      <trkpt lat="42.845627423" lon="-6.832970884">
        <ele>1919.027</ele>
      </trkpt>
      <trkpt lat="42.845722642" lon="-6.832845407">
        <ele>1913.667</ele>
      </trkpt>
      <trkpt lat="42.846013494" lon="-6.832914222">
        <ele>1901.199</ele>
      </trkpt>
      <trkpt lat="42.846170068" lon="-6.832797797">
        <ele>1893.794</ele>
      </trkpt>
      <trkpt lat="42.846386991" lon="-6.832842473">
        <ele>1885.31</ele>
      </trkpt>
      <trkpt lat="42.846521437" lon="-6.832841635">
        <ele>1879.284</ele>
      </trkpt>
      <trkpt lat="42.84664616" lon="-6.832750523">
        <ele>1872.672</ele>
      </trkpt>
      <trkpt lat="42.846714975" lon="-6.832751362">
        <ele>1869.664</ele>
      </trkpt>
      <trkpt lat="42.846762249" lon="-6.832818417">
        <ele>1868.38</ele>
      </trkpt>
      <trkpt lat="42.846840033" lon="-6.832848005">
        <ele>1864.634</ele>
      </trkpt>
      <trkpt lat="42.846866772" lon="-6.832804">
        <ele>1863.541</ele>
      </trkpt>
      <trkpt lat="42.846956626" lon="-6.832861584">
        <ele>1859.172</ele>
      </trkpt>
      <trkpt lat="42.847071625" lon="-6.832778603">
        <ele>1854.503</ele>
      </trkpt>
      <trkpt lat="42.847165" lon="-6.832820931">
        <ele>1850.317</ele>
      </trkpt>
      <trkpt lat="42.847559033" lon="-6.832745243">
        <ele>1836.196</ele>
      </trkpt>
      <trkpt lat="42.847966393" lon="-6.832853202">
        <ele>1827.876</ele>
      </trkpt>
      <trkpt lat="42.848347099" lon="-6.832842305">
        <ele>1824.4</ele>
      </trkpt>
      <trkpt lat="42.848479198" lon="-6.832942804">
        <ele>1825.074</ele>
      </trkpt>
      <trkpt lat="42.848825119" lon="-6.832978595">
        <ele>1826.942</ele>
      </trkpt>
      <trkpt lat="42.849108344" lon="-6.833080184">
        <ele>1828.135</ele>
      </trkpt>
      <trkpt lat="42.849346977" lon="-6.833245894">
        <ele>1828.517</ele>
      </trkpt>
      <trkpt lat="42.849950055" lon="-6.833506403">
        <ele>1835.448</ele>
      </trkpt>
      <trkpt lat="42.850233028" lon="-6.83368762">
        <ele>1840.124</ele>
      </trkpt>
      <trkpt lat="42.850892516" lon="-6.833789963">
        <ele>1857.271</ele>
      </trkpt>
      <trkpt lat="42.851216393" lon="-6.833701786">
        <ele>1863.468</ele>
      </trkpt>
      <trkpt lat="42.851565331" lon="-6.833781498">
        <ele>1870.612</ele>
      </trkpt>
      <trkpt lat="42.85169391" lon="-6.83368477">
        <ele>1873.51</ele>
      </trkpt>
      <trkpt lat="42.851824248" lon="-6.833694074">
        <ele>1875.895</ele>
      </trkpt>
      <trkpt lat="42.852146365" lon="-6.833633892">
        <ele>1878.027</ele>
      </trkpt>
      <trkpt lat="42.852220796" lon="-6.83358511">
        <ele>1876.789</ele>
      </trkpt>
      <trkpt lat="42.852601334" lon="-6.833716789">
        <ele>1873.006</ele>
      </trkpt>
      <trkpt lat="42.852675933" lon="-6.83366348">
        <ele>1872.603</ele>
      </trkpt>
      <trkpt lat="42.85281172" lon="-6.833644873">
        <ele>1871.469</ele>
      </trkpt>
      <trkpt lat="42.852850528" lon="-6.833685525">
        <ele>1870.724</ele>
      </trkpt>
      <trkpt lat="42.852987405" lon="-6.833619894">
        <ele>1871.079</ele>
      </trkpt>
      <trkpt lat="42.853691988" lon="-6.833590893">
        <ele>1866.507</ele>
      </trkpt>
      <trkpt lat="42.854054002" lon="-6.833494166">
        <ele>1857.225</ele>
      </trkpt>
      <trkpt lat="42.85424008" lon="-6.833511684">
        <ele>1855.777</ele>
      </trkpt>
      <trkpt lat="42.854546187" lon="-6.833452675">
        <ele>1855.972</ele>
      </trkpt>
      <trkpt lat="42.854749784" lon="-6.833356703">
        <ele>1859.013</ele>
      </trkpt>
      <trkpt lat="42.854881547" lon="-6.833351422">
        <ele>1859.942</ele>
      </trkpt>
      <trkpt lat="42.855160162" lon="-6.833229968">
        <ele>1855.137</ele>
      </trkpt>
      <trkpt lat="42.8553221" lon="-6.833005752">
        <ele>1846.781</ele>
      </trkpt>
      <trkpt lat="42.85536753" lon="-6.832732083">
        <ele>1836.826</ele>
      </trkpt>
      <trkpt lat="42.85544632" lon="-6.832658323">
        <ele>1830.574</ele>
      </trkpt>
      <trkpt lat="42.855621753" lon="-6.832188014">
        <ele>1815.276</ele>
      </trkpt>
      <trkpt lat="42.855729796" lon="-6.832092628">
        <ele>1804.857</ele>
      </trkpt>
      <trkpt lat="42.8557189" lon="-6.832011994">
        <ele>1806.808</ele>
      </trkpt>
      <trkpt lat="42.855799366" lon="-6.831945023">
        <ele>1805.078</ele>
      </trkpt>
      <trkpt lat="42.855913108" lon="-6.831652578">
        <ele>1796.171</ele>
      </trkpt>
      <trkpt lat="42.856114358" lon="-6.831431463">
        <ele>1793.664</ele>
      </trkpt>
      <trkpt lat="42.856209241" lon="-6.831200961">
        <ele>1789.675</ele>
      </trkpt>
      <trkpt lat="42.85622525" lon="-6.831228789">
        <ele>1789.417</ele>
      </trkpt>
      <trkpt lat="42.856338657" lon="-6.831100211">
        <ele>1789.423</ele>
      </trkpt>
      <trkpt lat="42.856411496" lon="-6.831127033">
        <ele>1787.776</ele>
      </trkpt>
      <trkpt lat="42.856568322" lon="-6.830797708">
        <ele>1777.487</ele>
      </trkpt>
      <trkpt lat="42.85660034" lon="-6.830793768">
        <ele>1777.12</ele>
      </trkpt>
      <trkpt lat="42.85661526" lon="-6.830688156">
        <ele>1775.012</ele>
      </trkpt>
      <trkpt lat="42.856679466" lon="-6.830681702">
        <ele>1774.428</ele>
      </trkpt>
      <trkpt lat="42.856734619" lon="-6.830399651">
        <ele>1766.48</ele>
      </trkpt>
      <trkpt lat="42.856910471" lon="-6.830053898">
        <ele>1760.625</ele>
      </trkpt>
      <trkpt lat="42.857105434" lon="-6.829653913">
        <ele>1756.25</ele>
      </trkpt>
      <trkpt lat="42.857257398" lon="-6.829291312">
        <ele>1756.184</ele>
      </trkpt>
      <trkpt lat="42.857307857" lon="-6.829012698">
        <ele>1754.588</ele>
      </trkpt>
      <trkpt lat="42.857435765" lon="-6.828668201">
        <ele>1754.218</ele>
      </trkpt>
      <trkpt lat="42.857515644" lon="-6.828603577">
        <ele>1755.241</ele>
      </trkpt>
      <trkpt lat="42.857575743" lon="-6.828399478">
        <ele>1754.819</ele>
      </trkpt>
      <trkpt lat="42.857859638" lon="-6.827928834">
        <ele>1746.196</ele>
      </trkpt>
      <trkpt lat="42.858054517" lon="-6.827740744">
        <ele>1740.415</ele>
      </trkpt>
      <trkpt lat="42.858608058" lon="-6.827530609">
        <ele>1733.349</ele>
      </trkpt>
      <trkpt lat="42.85891098" lon="-6.827218635">
        <ele>1740.691</ele>
      </trkpt>
      <trkpt lat="42.859087" lon="-6.827077568">
        <ele>1738.336</ele>
      </trkpt>
      <trkpt lat="42.859840533" lon="-6.82663735">
        <ele>1746.432</ele>
      </trkpt>
      <trkpt lat="42.859960729" lon="-6.826496115">
        <ele>1749.854</ele>
      </trkpt>
      <trkpt lat="42.860048823" lon="-6.826532995">
        <ele>1748.973</ele>
      </trkpt>
      <trkpt lat="42.86029852" lon="-6.826476334">
        <ele>1749.415</ele>
      </trkpt>
      <trkpt lat="42.86035493" lon="-6.826402405">
        <ele>1752.16</ele>
      </trkpt>
      <trkpt lat="42.860502955" lon="-6.826402489">
        <ele>1751.571</ele>
      </trkpt>
      <trkpt lat="42.860631617" lon="-6.826332165">
        <ele>1753.755</ele>
      </trkpt>
      <trkpt lat="42.860819791" lon="-6.826404333">
        <ele>1749.428</ele>
      </trkpt>
      <trkpt lat="42.861012826" lon="-6.826287154">
        <ele>1753.103</ele>
      </trkpt>
      <trkpt lat="42.861109804" lon="-6.82631691">
        <ele>1751.119</ele>
      </trkpt>
      <trkpt lat="42.861267636" lon="-6.826261505">
        <ele>1751.554</ele>
      </trkpt>
      <trkpt lat="42.861406021" lon="-6.826336775">
        <ele>1746.632</ele>
      </trkpt>
      <trkpt lat="42.8618713" lon="-6.826175423">
        <ele>1738.691</ele>
      </trkpt>
      <trkpt lat="42.862106245" lon="-6.826031255">
        <ele>1734.355</ele>
      </trkpt>
      <trkpt lat="42.862169947" lon="-6.825847439">
        <ele>1737.297</ele>
      </trkpt>
      <trkpt lat="42.862346973" lon="-6.825754652">
        <ele>1728.92</ele>
      </trkpt>
      <trkpt lat="42.862341693" lon="-6.825587349">
        <ele>1727.57</ele>
      </trkpt>
      <trkpt lat="42.862466834" lon="-6.825658092">
        <ele>1720.819</ele>
      </trkpt>
      <trkpt lat="42.862490891" lon="-6.825565305">
        <ele>1717.761</ele>
      </trkpt>
      <trkpt lat="42.862562807" lon="-6.825567819">
        <ele>1712.945</ele>
      </trkpt>
      <trkpt lat="42.862566747" lon="-6.825388027">
        <ele>1708.816</ele>
      </trkpt>
      <trkpt lat="42.862515701" lon="-6.825269423">
        <ele>1709.752</ele>
      </trkpt>
      <trkpt lat="42.86252928" lon="-6.825101534">
        <ele>1705.458</ele>
      </trkpt>
      <trkpt lat="42.862558868" lon="-6.824955186">
        <ele>1701.567</ele>
      </trkpt>
      <trkpt lat="42.862714436" lon="-6.824723259">
        <ele>1692.966</ele>
      </trkpt>
      <trkpt lat="42.862701528" lon="-6.824512035">
        <ele>1694.874</ele>
      </trkpt>
      <trkpt lat="42.862839745" lon="-6.824374823">
        <ele>1690.047</ele>
      </trkpt>
      <trkpt lat="42.863103356" lon="-6.823909879">
        <ele>1682.522</ele>
      </trkpt>
      <trkpt lat="42.863473585" lon="-6.823397325">
        <ele>1676.394</ele>
      </trkpt>
      <trkpt lat="42.863919334" lon="-6.822827607">
        <ele>1673.054</ele>
      </trkpt>
      <trkpt lat="42.864312865" lon="-6.82261127">
        <ele>1667.956</ele>
      </trkpt>
      <trkpt lat="42.864823239" lon="-6.822475903">
        <ele>1658.431</ele>
      </trkpt>
      <trkpt lat="42.864973526" lon="-6.8223863">
        <ele>1654.998</ele>
      </trkpt>
      <trkpt lat="42.865100428" lon="-6.822386468">
        <ele>1652.897</ele>
      </trkpt>
      <trkpt lat="42.865311652" lon="-6.822302314">
        <ele>1650.804</ele>
      </trkpt>
      <trkpt lat="42.865909869" lon="-6.822284292">
        <ele>1647.257</ele>
      </trkpt>
      <trkpt lat="42.866296023" lon="-6.822152361">
        <ele>1651.749</ele>
      </trkpt>
      <trkpt lat="42.866438432" lon="-6.821901994">
        <ele>1656.542</ele>
      </trkpt>
      <trkpt lat="42.866539601" lon="-6.821779031">
        <ele>1658.219</ele>
      </trkpt>
      <trkpt lat="42.867103871" lon="-6.821328755">
        <ele>1669.091</ele>
      </trkpt>
      <trkpt lat="42.867239406" lon="-6.820894824">
        <ele>1672.981</ele>
      </trkpt>
      <trkpt lat="42.867429676" lon="-6.820658622">
        <ele>1669.796</ele>
      </trkpt>
      <trkpt lat="42.867749697" lon="-6.820078762">
        <ele>1667.834</ele>
      </trkpt>
      <trkpt lat="42.867765287" lon="-6.819917075">
        <ele>1668.153</ele>
      </trkpt>
      <trkpt lat="42.86783536" lon="-6.8197315">
        <ele>1667.17</ele>
      </trkpt>
      <trkpt lat="42.867849441" lon="-6.819518097">
        <ele>1667.537</ele>
      </trkpt>
      <trkpt lat="42.867896296" lon="-6.819475181">
        <ele>1667.432</ele>
      </trkpt>
      <trkpt lat="42.86803795" lon="-6.819109395">
        <ele>1670.849</ele>
      </trkpt>
      <trkpt lat="42.868229561" lon="-6.818737742">
        <ele>1670.335</ele>
      </trkpt>
      <trkpt lat="42.868346404" lon="-6.818658616">
        <ele>1667.97</ele>
      </trkpt>
      <trkpt lat="42.868459979" lon="-6.818355024">
        <ele>1667.409</ele>
      </trkpt>
      <trkpt lat="42.8686072" lon="-6.8181802">
        <ele>1668.629</ele>
      </trkpt>
      <trkpt lat="42.8687539" lon="-6.8178471">
        <ele>1671.713</ele>
      </trkpt>
      <trkpt lat="42.8692646" lon="-6.8174476">
        <ele>1679.6</ele>
      </trkpt>
      <trkpt lat="42.8701061" lon="-6.8165426">
        <ele>1691.554</ele>
      </trkpt>
      <trkpt lat="42.8704064" lon="-6.8163158">
        <ele>1699.559</ele>
      </trkpt>
      <trkpt lat="42.8707072" lon="-6.8162699">
        <ele>1703.388</ele>
      </trkpt>
      <trkpt lat="42.870777" lon="-6.8161298">
        <ele>1704.393</ele>
      </trkpt>
      <trkpt lat="42.8708544" lon="-6.8153618">
        <ele>1696.444</ele>
      </trkpt>
      <trkpt lat="42.8708276" lon="-6.8151996">
        <ele>1696.782</ele>
      </trkpt>
      <trkpt lat="42.870871" lon="-6.8150088">
        <ele>1694.292</ele>
      </trkpt>
      <trkpt lat="42.8707445" lon="-6.8144214">
        <ele>1699.535</ele>
      </trkpt>
      <trkpt lat="42.8709042" lon="-6.8136933">
        <ele>1708.91</ele>
      </trkpt>
      <trkpt lat="42.8708564" lon="-6.8136529">
        <ele>1712.609</ele>
      </trkpt>
      <trkpt lat="42.8708717" lon="-6.8134103">
        <ele>1719.049</ele>
      </trkpt>
      <trkpt lat="42.8709081" lon="-6.8131232">
        <ele>1725.327</ele>
      </trkpt>
      <trkpt lat="42.8711682" lon="-6.8122404">
        <ele>1744.69</ele>
      </trkpt>
      <trkpt lat="42.8712354" lon="-6.8118864">
        <ele>1749.919</ele>
      </trkpt>
      <trkpt lat="42.8712413" lon="-6.8115881">
        <ele>1754.078</ele>
      </trkpt>
      <trkpt lat="42.871333" lon="-6.8113077">
        <ele>1758.326</ele>
      </trkpt>
      <trkpt lat="42.8713195" lon="-6.8110874">
        <ele>1756.211</ele>
      </trkpt>
      <trkpt lat="42.8712174" lon="-6.8108048">
        <ele>1749.983</ele>
      </trkpt>
      <trkpt lat="42.8711728" lon="-6.8105499">
        <ele>1749.09</ele>
      </trkpt>
      <trkpt lat="42.8711262" lon="-6.809786">
        <ele>1749.771</ele>
      </trkpt>
      <trkpt lat="42.8710105" lon="-6.8090917">
        <ele>1747.249</ele>
      </trkpt>
      <trkpt lat="42.8709245" lon="-6.8087884">
        <ele>1747.92</ele>
      </trkpt>
      <trkpt lat="42.8709031" lon="-6.80834">
        <ele>1750.436</ele>
      </trkpt>
      <trkpt lat="42.870806" lon="-6.8076197">
        <ele>1745.493</ele>
      </trkpt>
      <trkpt lat="42.8706194" lon="-6.8068929">
        <ele>1732.029</ele>
      </trkpt>
      <trkpt lat="42.8706087" lon="-6.8065934">
        <ele>1732.275</ele>
      </trkpt>
      <trkpt lat="42.8706586" lon="-6.8061547">
        <ele>1731.85</ele>
      </trkpt>
      <trkpt lat="42.8705872" lon="-6.8057939">
        <ele>1736.214</ele>
      </trkpt>
      <trkpt lat="42.8705887" lon="-6.8055668">
        <ele>1733.845</ele>
      </trkpt>
      <trkpt lat="42.8707366" lon="-6.8052281">
        <ele>1719.395</ele>
      </trkpt>
      <trkpt lat="42.8707359" lon="-6.8051146">
        <ele>1717.715</ele>
      </trkpt>
      <trkpt lat="42.8708789" lon="-6.8045543">
        <ele>1709.937</ele>
      </trkpt>
      <trkpt lat="42.8708844" lon="-6.8042615">
        <ele>1706.255</ele>
      </trkpt>
      <trkpt lat="42.8711325" lon="-6.8038328">
        <ele>1706.32</ele>
      </trkpt>
      <trkpt lat="42.871118" lon="-6.8037361">
        <ele>1707.009</ele>
      </trkpt>
      <trkpt lat="42.8711729" lon="-6.803591">
        <ele>1703.353</ele>
      </trkpt>
      <trkpt lat="42.8711811" lon="-6.8033453">
        <ele>1702.027</ele>
      </trkpt>
      <trkpt lat="42.8712386" lon="-6.8031735">
        <ele>1701.149</ele>
      </trkpt>
      <trkpt lat="42.8712386" lon="-6.8031735">
        <ele>1701.149</ele>
      </trkpt>
      <trkpt lat="42.87151453617131" lon="-6.802671140397812">
        <ele>1709.6533240847725</ele>
      </trkpt>
      <trkpt lat="42.87151453617131" lon="-6.802671140397812">
        <ele>1710.6093536858843</ele>
      </trkpt>
      <trkpt lat="42.87167020487871" lon="-6.802431627262649">
        <ele>1719.8920589302759</ele>
      </trkpt>
      <trkpt lat="42.87162937722994" lon="-6.8013045173592275">
        <ele>1711.6689621031378</ele>
      </trkpt>
      <trkpt lat="42.8713717497415" lon="-6.800801653549939">
        <ele>1707.7880119371239</ele>
      </trkpt>
      <trkpt lat="42.87111412225306" lon="-6.800298789740651">
        <ele>1707.1940838700423</ele>
      </trkpt>
      <trkpt lat="42.8710754" lon="-6.8001888">
        <ele>1704.9</ele>
      </trkpt>
      <trkpt lat="42.8709321" lon="-6.7999435">
        <ele>1707.212</ele>
      </trkpt>
      <trkpt lat="42.8709258" lon="-6.7996744">
        <ele>1710.686</ele>
      </trkpt>
      <trkpt lat="42.8708689" lon="-6.7994258">
        <ele>1716.641</ele>
      </trkpt>
      <trkpt lat="42.8708926" lon="-6.7992434">
        <ele>1716.904</ele>
      </trkpt>
      <trkpt lat="42.8707507" lon="-6.7989287">
        <ele>1724.944</ele>
      </trkpt>
      <trkpt lat="42.8706767" lon="-6.7983266">
        <ele>1740.436</ele>
      </trkpt>
      <trkpt lat="42.8706224" lon="-6.7983002">
        <ele>1743.36</ele>
      </trkpt>
      <trkpt lat="42.8706031" lon="-6.7981638">
        <ele>1748.016</ele>
      </trkpt>
      <trkpt lat="42.8706741" lon="-6.7978869">
        <ele>1751.866</ele>
      </trkpt>
      <trkpt lat="42.8707149" lon="-6.7971635">
        <ele>1760.104</ele>
      </trkpt>
      <trkpt lat="42.8707181" lon="-6.7966961">
        <ele>1767.973</ele>
      </trkpt>
      <trkpt lat="42.8706585" lon="-6.7961923">
        <ele>1771.408</ele>
      </trkpt>
      <trkpt lat="42.870676" lon="-6.7961206">
        <ele>1771.36</ele>
      </trkpt>
      <trkpt lat="42.8705433" lon="-6.7957577">
        <ele>1775.884</ele>
      </trkpt>
      <trkpt lat="42.870612" lon="-6.795097">
        <ele>1770.575</ele>
      </trkpt>
      <trkpt lat="42.8708211" lon="-6.7942113">
        <ele>1759.595</ele>
      </trkpt>
      <trkpt lat="42.8708504" lon="-6.7936898">
        <ele>1754.873</ele>
      </trkpt>
      <trkpt lat="42.8708039" lon="-6.793275">
        <ele>1753.448</ele>
      </trkpt>
      <trkpt lat="42.8708485" lon="-6.7929642">
        <ele>1750.387</ele>
      </trkpt>
      <trkpt lat="42.8709595" lon="-6.792696">
        <ele>1746.696</ele>
      </trkpt>
      <trkpt lat="42.8709447" lon="-6.7924943">
        <ele>1749.031</ele>
      </trkpt>
      <trkpt lat="42.8709784" lon="-6.7924455">
        <ele>1747.05</ele>
      </trkpt>
      <trkpt lat="42.8710281" lon="-6.7920636">
        <ele>1749.104</ele>
      </trkpt>
      <trkpt lat="42.8711011" lon="-6.791813">
        <ele>1750.065</ele>
      </trkpt>
      <trkpt lat="42.871234" lon="-6.7915559">
        <ele>1749.522</ele>
      </trkpt>
      <trkpt lat="42.8712163" lon="-6.791489">
        <ele>1753.908</ele>
      </trkpt>
      <trkpt lat="42.8713113" lon="-6.7912517">
        <ele>1751.61</ele>
      </trkpt>
      <trkpt lat="42.8714745" lon="-6.7910301">
        <ele>1742.676</ele>
      </trkpt>
      <trkpt lat="42.8714743" lon="-6.7909001">
        <ele>1745.642</ele>
      </trkpt>
      <trkpt lat="42.8715375" lon="-6.7907102">
        <ele>1746.793</ele>
      </trkpt>
      <trkpt lat="42.8717862" lon="-6.7904903">
        <ele>1736.072</ele>
      </trkpt>
      <trkpt lat="42.8718297" lon="-6.7902198">
        <ele>1742.104</ele>
      </trkpt>
      <trkpt lat="42.8720364" lon="-6.7895305">
        <ele>1748.027</ele>
      </trkpt>
      <trkpt lat="42.8723681" lon="-6.7888534">
        <ele>1752.27</ele>
      </trkpt>
      <trkpt lat="42.8725647" lon="-6.7881093">
        <ele>1750.585</ele>
      </trkpt>
      <trkpt lat="42.8728176" lon="-6.7860768">
        <ele>1758.032</ele>
      </trkpt>
      <trkpt lat="42.8731085" lon="-6.7855535">
        <ele>1761.675</ele>
      </trkpt>
      <trkpt lat="42.8732263" lon="-6.7853831">
        <ele>1755.063</ele>
      </trkpt>
      <trkpt lat="42.8733315" lon="-6.7852594">
        <ele>1759.321</ele>
      </trkpt>
      <trkpt lat="42.8735697" lon="-6.7850558">
        <ele>1754.666</ele>
      </trkpt>
      <trkpt lat="42.8736204" lon="-6.7849122">
        <ele>1755.707</ele>
      </trkpt>
      <trkpt lat="42.8736156" lon="-6.7846687">
        <ele>1754.766</ele>
      </trkpt>
      <trkpt lat="42.8737309" lon="-6.7845107">
        <ele>1750.361</ele>
      </trkpt>
      <trkpt lat="42.8740312" lon="-6.7839742">
        <ele>1751.45</ele>
      </trkpt>
      <trkpt lat="42.8742069" lon="-6.7835318">
        <ele>1753.921</ele>
      </trkpt>
      <trkpt lat="42.8743409" lon="-6.7833995">
        <ele>1751.293</ele>
      </trkpt>
      <trkpt lat="42.8743983" lon="-6.7832751">
        <ele>1753.683</ele>
      </trkpt>
      <trkpt lat="42.8743825" lon="-6.7831823">
        <ele>1754.784</ele>
      </trkpt>
      <trkpt lat="42.8746012" lon="-6.7826293">
        <ele>1754.755</ele>
      </trkpt>
      <trkpt lat="42.8747954" lon="-6.7822596">
        <ele>1756.909</ele>
      </trkpt>
      <trkpt lat="42.8749125" lon="-6.7821312">
        <ele>1758.965</ele>
      </trkpt>
      <trkpt lat="42.8753215" lon="-6.7814497">
        <ele>1771.384</ele>
      </trkpt>
      <trkpt lat="42.8754512" lon="-6.7810288">
        <ele>1780.862</ele>
      </trkpt>
      <trkpt lat="42.8755516" lon="-6.7802787">
        <ele>1797.873</ele>
      </trkpt>
      <trkpt lat="42.8757947" lon="-6.780016">
        <ele>1802.563</ele>
      </trkpt>
      <trkpt lat="42.87598" lon="-6.7796475">
        <ele>1807.376</ele>
      </trkpt>
      <trkpt lat="42.8761701" lon="-6.7796928">
        <ele>1812.41</ele>
      </trkpt>
      <trkpt lat="42.8766824" lon="-6.779511">
        <ele>1821.001</ele>
      </trkpt>
      <trkpt lat="42.8769248" lon="-6.7793173">
        <ele>1826.309</ele>
      </trkpt>
      <trkpt lat="42.8772642" lon="-6.7793904">
        <ele>1839.106</ele>
      </trkpt>
      <trkpt lat="42.8772943" lon="-6.7793281">
        <ele>1842.381</ele>
      </trkpt>
      <trkpt lat="42.8774822" lon="-6.7792632">
        <ele>1850.014</ele>
      </trkpt>
      <trkpt lat="42.87747" lon="-6.7791806">
        <ele>1853.495</ele>
      </trkpt>
      <trkpt lat="42.8775366" lon="-6.7791745">
        <ele>1855.288</ele>
      </trkpt>
      <trkpt lat="42.8775642" lon="-6.7789976">
        <ele>1864.209</ele>
      </trkpt>
      <trkpt lat="42.8775314" lon="-6.7789343">
        <ele>1866.535</ele>
      </trkpt>
      <trkpt lat="42.8776067" lon="-6.778782">
        <ele>1875.692</ele>
      </trkpt>
      <trkpt lat="42.8775381" lon="-6.7786206">
        <ele>1882.345</ele>
      </trkpt>
      <trkpt lat="42.8775642" lon="-6.7784731">
        <ele>1886.026</ele>
      </trkpt>
      <trkpt lat="42.8777246" lon="-6.7783402">
        <ele>1897.663</ele>
      </trkpt>
      <trkpt lat="42.8780037" lon="-6.7782962">
        <ele>1904.84</ele>
      </trkpt>
      <trkpt lat="42.8781433" lon="-6.7784117">
        <ele>1907.597</ele>
      </trkpt>
      <trkpt lat="42.8781883" lon="-6.7785391">
        <ele>1904.903</ele>
      </trkpt>
      <trkpt lat="42.8786546" lon="-6.7785256">
        <ele>1912.347</ele>
      </trkpt>
      <trkpt lat="42.878665" lon="-6.778473">
        <ele>1912.2</ele>
      </trkpt>
      <trkpt lat="42.878683" lon="-6.778463">
        <ele>1915.4</ele>
      </trkpt>
      <trkpt lat="42.878707" lon="-6.77846">
        <ele>1917.2</ele>
      </trkpt>
      <trkpt lat="42.878728" lon="-6.77845">
        <ele>1918.2</ele>
      </trkpt>
      <trkpt lat="42.878748" lon="-6.77845">
        <ele>1918.6</ele>
      </trkpt>
      <trkpt lat="42.87877" lon="-6.778453">
        <ele>1918.6</ele>
      </trkpt>
      <trkpt lat="42.87879" lon="-6.778447">
        <ele>1919</ele>
      </trkpt>
      <trkpt lat="42.878805" lon="-6.778433">
        <ele>1920</ele>
      </trkpt>
      <trkpt lat="42.878825" lon="-6.778437">
        <ele>1920.8</ele>
      </trkpt>
      <trkpt lat="42.878853" lon="-6.778447">
        <ele>1921.6</ele>
      </trkpt>
      <trkpt lat="42.87888" lon="-6.77846">
        <ele>1922.2</ele>
      </trkpt>
      <trkpt lat="42.878902" lon="-6.778475">
        <ele>1922.8</ele>
      </trkpt>
      <trkpt lat="42.878923" lon="-6.778478">
        <ele>1923</ele>
      </trkpt>
      <trkpt lat="42.878943" lon="-6.778485">
        <ele>1923.2</ele>
      </trkpt>
      <trkpt lat="42.878975" lon="-6.778495">
        <ele>1923.4</ele>
      </trkpt>
      <trkpt lat="42.878995" lon="-6.778497">
        <ele>1923.4</ele>
      </trkpt>
      <trkpt lat="42.879013" lon="-6.778493">
        <ele>1924.2</ele>
      </trkpt>
      <trkpt lat="42.879033" lon="-6.778487">
        <ele>1924.4</ele>
      </trkpt>
      <trkpt lat="42.879055" lon="-6.77848">
        <ele>1924.4</ele>
      </trkpt>
      <trkpt lat="42.879075" lon="-6.778473">
        <ele>1924.4</ele>
      </trkpt>
      <trkpt lat="42.879097" lon="-6.778475">
        <ele>1924.6</ele>
      </trkpt>
      <trkpt lat="42.87912" lon="-6.778485">
        <ele>1925.2</ele>
      </trkpt>
      <trkpt lat="42.879145" lon="-6.778495">
        <ele>1925.6</ele>
      </trkpt>
      <trkpt lat="42.879163" lon="-6.778483">
        <ele>1926</ele>
      </trkpt>
      <trkpt lat="42.879193" lon="-6.778482">
        <ele>1926.4</ele>
      </trkpt>
      <trkpt lat="42.879215" lon="-6.778493">
        <ele>1926.4</ele>
      </trkpt>
      <trkpt lat="42.879238" lon="-6.778497">
        <ele>1926</ele>
      </trkpt>
      <trkpt lat="42.879247" lon="-6.778493">
        <ele>1925</ele>
      </trkpt>
      <trkpt lat="42.879263" lon="-6.778517">
        <ele>1925</ele>
      </trkpt>
      <trkpt lat="42.879282" lon="-6.778527">
        <ele>1924.4</ele>
      </trkpt>
      <trkpt lat="42.879295" lon="-6.778547">
        <ele>1924.4</ele>
      </trkpt>
      <trkpt lat="42.879302" lon="-6.778573">
        <ele>1924</ele>
      </trkpt>
      <trkpt lat="42.879312" lon="-6.7786">
        <ele>1923.6</ele>
      </trkpt>
      <trkpt lat="42.879333" lon="-6.778632">
        <ele>1923.4</ele>
      </trkpt>
      <trkpt lat="42.87936" lon="-6.778652">
        <ele>1923</ele>
      </trkpt>
      <trkpt lat="42.879378" lon="-6.77866">
        <ele>1922.6</ele>
      </trkpt>
      <trkpt lat="42.8794" lon="-6.77866">
        <ele>1921.8</ele>
      </trkpt>
      <trkpt lat="42.879423" lon="-6.778662">
        <ele>1921.2</ele>
      </trkpt>
      <trkpt lat="42.879452" lon="-6.778672">
        <ele>1920.6</ele>
      </trkpt>
      <trkpt lat="42.879472" lon="-6.778678">
        <ele>1920</ele>
      </trkpt>
      <trkpt lat="42.879483" lon="-6.7787">
        <ele>1919</ele>
      </trkpt>
      <trkpt lat="42.8795" lon="-6.778723">
        <ele>1918</ele>
      </trkpt>
      <trkpt lat="42.879517" lon="-6.778743">
        <ele>1917.8</ele>
      </trkpt>
      <trkpt lat="42.879532" lon="-6.778768">
        <ele>1917.4</ele>
      </trkpt>
      <trkpt lat="42.879552" lon="-6.77877">
        <ele>1917.4</ele>
      </trkpt>
      <trkpt lat="42.87957" lon="-6.778773">
        <ele>1917.2</ele>
      </trkpt>
      <trkpt lat="42.87959" lon="-6.77877">
        <ele>1916.2</ele>
      </trkpt>
      <trkpt lat="42.879602" lon="-6.77879">
        <ele>1915.8</ele>
      </trkpt>
      <trkpt lat="42.879622" lon="-6.778797">
        <ele>1915.6</ele>
      </trkpt>
      <trkpt lat="42.87965" lon="-6.7788">
        <ele>1915.2</ele>
      </trkpt>
      <trkpt lat="42.879673" lon="-6.778793">
        <ele>1914.8</ele>
      </trkpt>
      <trkpt lat="42.879698" lon="-6.778782">
        <ele>1914.6</ele>
      </trkpt>
      <trkpt lat="42.879727" lon="-6.778788">
        <ele>1914.2</ele>
      </trkpt>
      <trkpt lat="42.87975" lon="-6.7788">
        <ele>1913.8</ele>
      </trkpt>
      <trkpt lat="42.879772" lon="-6.778823">
        <ele>1913</ele>
      </trkpt>
      <trkpt lat="42.879795" lon="-6.77883">
        <ele>1912.6</ele>
      </trkpt>
      <trkpt lat="42.879817" lon="-6.778847">
        <ele>1912.2</ele>
      </trkpt>
      <trkpt lat="42.879842" lon="-6.778847">
        <ele>1911.8</ele>
      </trkpt>
      <trkpt lat="42.879872" lon="-6.778838">
        <ele>1911.4</ele>
      </trkpt>
      <trkpt lat="42.87989" lon="-6.77884">
        <ele>1911.2</ele>
      </trkpt>
      <trkpt lat="42.87991" lon="-6.778853">
        <ele>1911.2</ele>
      </trkpt>
      <trkpt lat="42.879922" lon="-6.77887">
        <ele>1910.8</ele>
      </trkpt>
      <trkpt lat="42.879938" lon="-6.778883">
        <ele>1910.6</ele>
      </trkpt>
      <trkpt lat="42.879958" lon="-6.778897">
        <ele>1910.4</ele>
      </trkpt>
      <trkpt lat="42.879977" lon="-6.778903">
        <ele>1910.2</ele>
      </trkpt>
      <trkpt lat="42.879997" lon="-6.778907">
        <ele>1910.2</ele>
      </trkpt>
      <trkpt lat="42.880012" lon="-6.778923">
        <ele>1910</ele>
      </trkpt>
      <trkpt lat="42.880032" lon="-6.778942">
        <ele>1910</ele>
      </trkpt>
      <trkpt lat="42.880047" lon="-6.778963">
        <ele>1909.8</ele>
      </trkpt>
      <trkpt lat="42.880073" lon="-6.778975">
        <ele>1909.8</ele>
      </trkpt>
      <trkpt lat="42.880088" lon="-6.778987">
        <ele>1909.8</ele>
      </trkpt>
      <trkpt lat="42.880115" lon="-6.779">
        <ele>1909.8</ele>
      </trkpt>
      <trkpt lat="42.88014" lon="-6.779003">
        <ele>1909.4</ele>
      </trkpt>
      <trkpt lat="42.88016" lon="-6.779012">
        <ele>1909.4</ele>
      </trkpt>
      <trkpt lat="42.880185" lon="-6.779022">
        <ele>1909.4</ele>
      </trkpt>
      <trkpt lat="42.880203" lon="-6.779032">
        <ele>1909.2</ele>
      </trkpt>
      <trkpt lat="42.880217" lon="-6.779052">
        <ele>1908.8</ele>
      </trkpt>
      <trkpt lat="42.880245" lon="-6.779057">
        <ele>1908.4</ele>
      </trkpt>
      <trkpt lat="42.880268" lon="-6.77906">
        <ele>1907.8</ele>
      </trkpt>
      <trkpt lat="42.88029" lon="-6.779075">
        <ele>1907.6</ele>
      </trkpt>
      <trkpt lat="42.880383" lon="-6.779002">
        <ele>1916.4</ele>
      </trkpt>
      <trkpt lat="42.880402" lon="-6.77898">
        <ele>1914.8</ele>
      </trkpt>
      <trkpt lat="42.880425" lon="-6.77896">
        <ele>1915.6</ele>
      </trkpt>
      <trkpt lat="42.880438" lon="-6.778937">
        <ele>1916.6</ele>
      </trkpt>
      <trkpt lat="42.880447" lon="-6.77891">
        <ele>1917.6</ele>
      </trkpt>
      <trkpt lat="42.880463" lon="-6.77889">
        <ele>1920.4</ele>
      </trkpt>
      <trkpt lat="42.880482" lon="-6.77886">
        <ele>1921.2</ele>
      </trkpt>
      <trkpt lat="42.880495" lon="-6.778825">
        <ele>1921.8</ele>
      </trkpt>
      <trkpt lat="42.880505" lon="-6.778793">
        <ele>1922.2</ele>
      </trkpt>
      <trkpt lat="42.880482" lon="-6.77877">
        <ele>1923</ele>
      </trkpt>
      <trkpt lat="42.880488" lon="-6.778745">
        <ele>1924.2</ele>
      </trkpt>
      <trkpt lat="42.880488" lon="-6.778718">
        <ele>1924.6</ele>
      </trkpt>
      <trkpt lat="42.880492" lon="-6.778692">
        <ele>1925.2</ele>
      </trkpt>
      <trkpt lat="42.880492" lon="-6.778665">
        <ele>1925.8</ele>
      </trkpt>
      <trkpt lat="42.880495" lon="-6.778637">
        <ele>1926.4</ele>
      </trkpt>
      <trkpt lat="42.880477" lon="-6.778555">
        <ele>1932</ele>
      </trkpt>
      <trkpt lat="42.880453" lon="-6.778538">
        <ele>1932.4</ele>
      </trkpt>
      <trkpt lat="42.880435" lon="-6.778537">
        <ele>1933.8</ele>
      </trkpt>
      <trkpt lat="42.880415" lon="-6.778535">
        <ele>1935.8</ele>
      </trkpt>
      <trkpt lat="42.880397" lon="-6.778533">
        <ele>1936.4</ele>
      </trkpt>
      <trkpt lat="42.880377" lon="-6.778525">
        <ele>1937.2</ele>
      </trkpt>
      <trkpt lat="42.880358" lon="-6.77852">
        <ele>1937.6</ele>
      </trkpt>
      <trkpt lat="42.880335" lon="-6.7785">
        <ele>1941</ele>
      </trkpt>
      <trkpt lat="42.88032" lon="-6.77848">
        <ele>1941.6</ele>
      </trkpt>
      <trkpt lat="42.880303" lon="-6.778445">
        <ele>1942</ele>
      </trkpt>
      <trkpt lat="42.880287" lon="-6.778433">
        <ele>1942</ele>
      </trkpt>
      <trkpt lat="42.880272" lon="-6.778415">
        <ele>1942.4</ele>
      </trkpt>
      <trkpt lat="42.880293" lon="-6.778415">
        <ele>1943</ele>
      </trkpt>
      <trkpt lat="42.880317" lon="-6.778408">
        <ele>1943</ele>
      </trkpt>
      <trkpt lat="42.880335" lon="-6.7784">
        <ele>1943.2</ele>
      </trkpt>
      <trkpt lat="42.88022" lon="-6.778295">
        <ele>1952</ele>
      </trkpt>
      <trkpt lat="42.880213" lon="-6.778267">
        <ele>1952.6</ele>
      </trkpt>
      <trkpt lat="42.880203" lon="-6.778247">
        <ele>1952.8</ele>
      </trkpt>
      <trkpt lat="42.880195" lon="-6.778218">
        <ele>1952.8</ele>
      </trkpt>
      <trkpt lat="42.880192" lon="-6.778193">
        <ele>1953.2</ele>
      </trkpt>
      <trkpt lat="42.880203" lon="-6.778175">
        <ele>1954.4</ele>
      </trkpt>
      <trkpt lat="42.880195" lon="-6.778153">
        <ele>1956.8</ele>
      </trkpt>
      <trkpt lat="42.880185" lon="-6.778113">
        <ele>1957.2</ele>
      </trkpt>
      <trkpt lat="42.880172" lon="-6.778077">
        <ele>1957.2</ele>
      </trkpt>
      <trkpt lat="42.880157" lon="-6.778048">
        <ele>1958.6</ele>
      </trkpt>
      <trkpt lat="42.880153" lon="-6.778022">
        <ele>1959.4</ele>
      </trkpt>
      <trkpt lat="42.880153" lon="-6.777997">
        <ele>1959.8</ele>
      </trkpt>
      <trkpt lat="42.880153" lon="-6.777968">
        <ele>1959.8</ele>
      </trkpt>
      <trkpt lat="42.88014" lon="-6.77794">
        <ele>1960</ele>
      </trkpt>
      <trkpt lat="42.880137" lon="-6.777912">
        <ele>1961</ele>
      </trkpt>
      <trkpt lat="42.880147" lon="-6.777887">
        <ele>1961.6</ele>
      </trkpt>
      <trkpt lat="42.88014" lon="-6.777863">
        <ele>1962</ele>
      </trkpt>
      <trkpt lat="42.880133" lon="-6.77784">
        <ele>1963</ele>
      </trkpt>
      <trkpt lat="42.880165" lon="-6.777753">
        <ele>1964.2</ele>
      </trkpt>
      <trkpt lat="42.880175" lon="-6.777732">
        <ele>1964.2</ele>
      </trkpt>
      <trkpt lat="42.880175" lon="-6.777703">
        <ele>1964.2</ele>
      </trkpt>
      <trkpt lat="42.880175" lon="-6.777668">
        <ele>1964.4</ele>
      </trkpt>
      <trkpt lat="42.880188" lon="-6.777688">
        <ele>1965</ele>
      </trkpt>
      <trkpt lat="42.880178" lon="-6.777715">
        <ele>1964.8</ele>
      </trkpt>
      <trkpt lat="42.880168" lon="-6.777753">
        <ele>1964.6</ele>
      </trkpt>
      <trkpt lat="42.880153" lon="-6.77779">
        <ele>1964.4</ele>
      </trkpt>
      <trkpt lat="42.880147" lon="-6.777825">
        <ele>1964.4</ele>
      </trkpt>
      <trkpt lat="42.88014" lon="-6.777858">
        <ele>1964.4</ele>
      </trkpt>
      <trkpt lat="42.880157" lon="-6.77788">
        <ele>1964</ele>
      </trkpt>
      <trkpt lat="42.880157" lon="-6.777905">
        <ele>1963</ele>
      </trkpt>
      <trkpt lat="42.880147" lon="-6.777927">
        <ele>1962</ele>
      </trkpt>
      <trkpt lat="42.880153" lon="-6.777957">
        <ele>1961.6</ele>
      </trkpt>
      <trkpt lat="42.880165" lon="-6.777977">
        <ele>1961</ele>
      </trkpt>
      <trkpt lat="42.88015" lon="-6.777998">
        <ele>1960.2</ele>
      </trkpt>
      <trkpt lat="42.88013" lon="-6.778008">
        <ele>1959.4</ele>
      </trkpt>
      <trkpt lat="42.880112" lon="-6.778018">
        <ele>1958.4</ele>
      </trkpt>
      <trkpt lat="42.880095" lon="-6.778028">
        <ele>1957.8</ele>
      </trkpt>
      <trkpt lat="42.880077" lon="-6.778032">
        <ele>1957.2</ele>
      </trkpt>
      <trkpt lat="42.880057" lon="-6.778023">
        <ele>1956.8</ele>
      </trkpt>
      <trkpt lat="42.880038" lon="-6.778028">
        <ele>1956.2</ele>
      </trkpt>
      <trkpt lat="42.880032" lon="-6.778053">
        <ele>1956</ele>
      </trkpt>
      <trkpt lat="42.880012" lon="-6.778062">
        <ele>1955.2</ele>
      </trkpt>
      <trkpt lat="42.879993" lon="-6.778068">
        <ele>1954.8</ele>
      </trkpt>
      <trkpt lat="42.879977" lon="-6.778088">
        <ele>1953.8</ele>
      </trkpt>
      <trkpt lat="42.879958" lon="-6.778113">
        <ele>1952.4</ele>
      </trkpt>
      <trkpt lat="42.879938" lon="-6.77814">
        <ele>1952</ele>
      </trkpt>
      <trkpt lat="42.879928" lon="-6.778167">
        <ele>1951.2</ele>
      </trkpt>
      <trkpt lat="42.879913" lon="-6.778187">
        <ele>1950</ele>
      </trkpt>
      <trkpt lat="42.879893" lon="-6.778198">
        <ele>1949.4</ele>
      </trkpt>
      <trkpt lat="42.879878" lon="-6.778215">
        <ele>1948.8</ele>
      </trkpt>
      <trkpt lat="42.879862" lon="-6.778227">
        <ele>1948.2</ele>
      </trkpt>
      <trkpt lat="42.879852" lon="-6.778247">
        <ele>1947.6</ele>
      </trkpt>
      <trkpt lat="42.879833" lon="-6.778258">
        <ele>1947.2</ele>
      </trkpt>
      <trkpt lat="42.879813" lon="-6.778263">
        <ele>1946.2</ele>
      </trkpt>
      <trkpt lat="42.879788" lon="-6.778247">
        <ele>1945.2</ele>
      </trkpt>
      <trkpt lat="42.879768" lon="-6.778237">
        <ele>1944.6</ele>
      </trkpt>
      <trkpt lat="42.87975" lon="-6.778232">
        <ele>1944</ele>
      </trkpt>
      <trkpt lat="42.879733" lon="-6.778257">
        <ele>1943</ele>
      </trkpt>
      <trkpt lat="42.879737" lon="-6.778283">
        <ele>1941.8</ele>
      </trkpt>
      <trkpt lat="42.879727" lon="-6.778305">
        <ele>1941.4</ele>
      </trkpt>
      <trkpt lat="42.879715" lon="-6.778323">
        <ele>1941</ele>
      </trkpt>
      <trkpt lat="42.879695" lon="-6.778343">
        <ele>1940.2</ele>
      </trkpt>
      <trkpt lat="42.87968" lon="-6.778357">
        <ele>1939.6</ele>
      </trkpt>
      <trkpt lat="42.879657" lon="-6.778368">
        <ele>1938.8</ele>
      </trkpt>
      <trkpt lat="42.879638" lon="-6.778372">
        <ele>1938.2</ele>
      </trkpt>
      <trkpt lat="42.879615" lon="-6.77838">
        <ele>1937.6</ele>
      </trkpt>
      <trkpt lat="42.879597" lon="-6.778405">
        <ele>1937</ele>
      </trkpt>
      <trkpt lat="42.87957" lon="-6.778415">
        <ele>1936.2</ele>
      </trkpt>
      <trkpt lat="42.879545" lon="-6.77842">
        <ele>1935.6</ele>
      </trkpt>
      <trkpt lat="42.879522" lon="-6.778418">
        <ele>1935.2</ele>
      </trkpt>
      <trkpt lat="42.879503" lon="-6.77842">
        <ele>1934.4</ele>
      </trkpt>
      <trkpt lat="42.87948" lon="-6.77844">
        <ele>1934.2</ele>
      </trkpt>
      <trkpt lat="42.879462" lon="-6.778445">
        <ele>1934</ele>
      </trkpt>
      <trkpt lat="42.87944" lon="-6.778428">
        <ele>1933.8</ele>
      </trkpt>
      <trkpt lat="42.87942" lon="-6.778422">
        <ele>1933.4</ele>
      </trkpt>
      <trkpt lat="42.879395" lon="-6.778433">
        <ele>1932.4</ele>
      </trkpt>
      <trkpt lat="42.879372" lon="-6.778437">
        <ele>1931.6</ele>
      </trkpt>
      <trkpt lat="42.879343" lon="-6.778425">
        <ele>1930.6</ele>
      </trkpt>
      <trkpt lat="42.879318" lon="-6.778412">
        <ele>1930.2</ele>
      </trkpt>
      <trkpt lat="42.879295" lon="-6.7784">
        <ele>1929.6</ele>
      </trkpt>
      <trkpt lat="42.879267" lon="-6.778405">
        <ele>1929</ele>
      </trkpt>
      <trkpt lat="42.879243" lon="-6.778427">
        <ele>1928.6</ele>
      </trkpt>
      <trkpt lat="42.879218" lon="-6.778445">
        <ele>1928.4</ele>
      </trkpt>
      <trkpt lat="42.879198" lon="-6.77845">
        <ele>1927.8</ele>
      </trkpt>
      <trkpt lat="42.879173" lon="-6.778412">
        <ele>1921.8</ele>
      </trkpt>
      <trkpt lat="42.879167" lon="-6.778362">
        <ele>1919.6</ele>
      </trkpt>
      <trkpt lat="42.87916" lon="-6.778337">
        <ele>1919.2</ele>
      </trkpt>
      <trkpt lat="42.879145" lon="-6.778312">
        <ele>1918.8</ele>
      </trkpt>
      <trkpt lat="42.879142" lon="-6.778287">
        <ele>1918.4</ele>
      </trkpt>
      <trkpt lat="42.879125" lon="-6.778267">
        <ele>1917.8</ele>
      </trkpt>
      <trkpt lat="42.879103" lon="-6.778257">
        <ele>1916.4</ele>
      </trkpt>
      <trkpt lat="42.879083" lon="-6.778253">
        <ele>1915.8</ele>
      </trkpt>
      <trkpt lat="42.879083" lon="-6.778227">
        <ele>1913</ele>
      </trkpt>
      <trkpt lat="42.879107" lon="-6.778185">
        <ele>1911.2</ele>
      </trkpt>
      <trkpt lat="42.879027" lon="-6.778105">
        <ele>1908</ele>
      </trkpt>
      <trkpt lat="42.879" lon="-6.778065">
        <ele>1902.4</ele>
      </trkpt>
      <trkpt lat="42.878995" lon="-6.778022">
        <ele>1901.8</ele>
      </trkpt>
      <trkpt lat="42.878985" lon="-6.777983">
        <ele>1901</ele>
      </trkpt>
      <trkpt lat="42.878978" lon="-6.777938">
        <ele>1899.4</ele>
      </trkpt>
      <trkpt lat="42.878965" lon="-6.77792">
        <ele>1898.4</ele>
      </trkpt>
      <trkpt lat="42.87896" lon="-6.777892">
        <ele>1898.4</ele>
      </trkpt>
      <trkpt lat="42.87894" lon="-6.777872">
        <ele>1894.8</ele>
      </trkpt>
      <trkpt lat="42.878927" lon="-6.77784">
        <ele>1894.6</ele>
      </trkpt>
      <trkpt lat="42.878927" lon="-6.777805">
        <ele>1894.2</ele>
      </trkpt>
      <trkpt lat="42.878923" lon="-6.77777">
        <ele>1893.6</ele>
      </trkpt>
      <trkpt lat="42.878923" lon="-6.777742">
        <ele>1893</ele>
      </trkpt>
      <trkpt lat="42.878918" lon="-6.77772">
        <ele>1892.2</ele>
      </trkpt>
      <trkpt lat="42.878908" lon="-6.777695">
        <ele>1891.6</ele>
      </trkpt>
      <trkpt lat="42.878908" lon="-6.77766">
        <ele>1890.2</ele>
      </trkpt>
      <trkpt lat="42.878898" lon="-6.77764">
        <ele>1888.2</ele>
      </trkpt>
      <trkpt lat="42.87892" lon="-6.777655">
        <ele>1887</ele>
      </trkpt>
      <trkpt lat="42.878918" lon="-6.777618">
        <ele>1886.2</ele>
      </trkpt>
      <trkpt lat="42.878915" lon="-6.777592">
        <ele>1885.4</ele>
      </trkpt>
      <trkpt lat="42.878902" lon="-6.777572">
        <ele>1884.6</ele>
      </trkpt>
      <trkpt lat="42.878905" lon="-6.77754">
        <ele>1883.8</ele>
      </trkpt>
      <trkpt lat="42.878902" lon="-6.777515">
        <ele>1883.2</ele>
      </trkpt>
      <trkpt lat="42.878895" lon="-6.777487">
        <ele>1881.2</ele>
      </trkpt>
      <trkpt lat="42.878888" lon="-6.77745">
        <ele>1880.6</ele>
      </trkpt>
      <trkpt lat="42.878885" lon="-6.777422">
        <ele>1879.4</ele>
      </trkpt>
      <trkpt lat="42.878867" lon="-6.777398">
        <ele>1879</ele>
      </trkpt>
      <trkpt lat="42.878882" lon="-6.777368">
        <ele>1878.2</ele>
      </trkpt>
      <trkpt lat="42.878898" lon="-6.777342">
        <ele>1877.4</ele>
      </trkpt>
      <trkpt lat="42.878895" lon="-6.777312">
        <ele>1876.6</ele>
      </trkpt>
      <trkpt lat="42.878895" lon="-6.777282">
        <ele>1873.6</ele>
      </trkpt>
      <trkpt lat="42.878877" lon="-6.777272">
        <ele>1872.4</ele>
      </trkpt>
      <trkpt lat="42.878867" lon="-6.77724">
        <ele>1872.4</ele>
      </trkpt>
      <trkpt lat="42.878853" lon="-6.777205">
        <ele>1871.4</ele>
      </trkpt>
      <trkpt lat="42.878838" lon="-6.77719">
        <ele>1871.2</ele>
      </trkpt>
      <trkpt lat="42.878818" lon="-6.77718">
        <ele>1871</ele>
      </trkpt>
      <trkpt lat="42.87879" lon="-6.77716">
        <ele>1870.4</ele>
      </trkpt>
      <trkpt lat="42.87877" lon="-6.777142">
        <ele>1869.6</ele>
      </trkpt>
      <trkpt lat="42.878763" lon="-6.777118">
        <ele>1868.4</ele>
      </trkpt>
      <trkpt lat="42.878767" lon="-6.777083">
        <ele>1866.8</ele>
      </trkpt>
      <trkpt lat="42.878763" lon="-6.777053">
        <ele>1866</ele>
      </trkpt>
      <trkpt lat="42.878767" lon="-6.777022">
        <ele>1865</ele>
      </trkpt>
      <trkpt lat="42.878783" lon="-6.777008">
        <ele>1863.2</ele>
      </trkpt>
      <trkpt lat="42.878787" lon="-6.776982">
        <ele>1863</ele>
      </trkpt>
      <trkpt lat="42.878783" lon="-6.776957">
        <ele>1862.8</ele>
      </trkpt>
      <trkpt lat="42.878777" lon="-6.776922">
        <ele>1862.4</ele>
      </trkpt>
      <trkpt lat="42.87876" lon="-6.776905">
        <ele>1861.6</ele>
      </trkpt>
      <trkpt lat="42.878745" lon="-6.776892">
        <ele>1861</ele>
      </trkpt>
      <trkpt lat="42.878738" lon="-6.776863">
        <ele>1860.2</ele>
      </trkpt>
      <trkpt lat="42.87872" lon="-6.776832">
        <ele>1859.6</ele>
      </trkpt>
      <trkpt lat="42.8787" lon="-6.776817">
        <ele>1858.8</ele>
      </trkpt>
      <trkpt lat="42.878678" lon="-6.776802">
        <ele>1857.8</ele>
      </trkpt>
      <trkpt lat="42.878655" lon="-6.776797">
        <ele>1857.2</ele>
      </trkpt>
      <trkpt lat="42.878627" lon="-6.77676">
        <ele>1856.4</ele>
      </trkpt>
      <trkpt lat="42.87862" lon="-6.776735">
        <ele>1856</ele>
      </trkpt>
      <trkpt lat="42.878617" lon="-6.77671">
        <ele>1855.2</ele>
      </trkpt>
      <trkpt lat="42.87863" lon="-6.776683">
        <ele>1852.8</ele>
      </trkpt>
      <trkpt lat="42.87862" lon="-6.77664">
        <ele>1852.4</ele>
      </trkpt>
      <trkpt lat="42.87862" lon="-6.776608">
        <ele>1851.6</ele>
      </trkpt>
      <trkpt lat="42.878607" lon="-6.776583">
        <ele>1850.8</ele>
      </trkpt>
      <trkpt lat="42.878585" lon="-6.77656">
        <ele>1850.2</ele>
      </trkpt>
      <trkpt lat="42.878565" lon="-6.776542">
        <ele>1849.6</ele>
      </trkpt>
      <trkpt lat="42.878557" lon="-6.776517">
        <ele>1848.6</ele>
      </trkpt>
      <trkpt lat="42.878562" lon="-6.776483">
        <ele>1847.6</ele>
      </trkpt>
      <trkpt lat="42.878578" lon="-6.776467">
        <ele>1846.8</ele>
      </trkpt>
      <trkpt lat="42.8786" lon="-6.776463">
        <ele>1846.2</ele>
      </trkpt>
      <trkpt lat="42.87861" lon="-6.776438">
        <ele>1845.2</ele>
      </trkpt>
      <trkpt lat="42.87862" lon="-6.77641">
        <ele>1844.4</ele>
      </trkpt>
      <trkpt lat="42.87864" lon="-6.776403">
        <ele>1843.2</ele>
      </trkpt>
      <trkpt lat="42.878637" lon="-6.77638">
        <ele>1842.4</ele>
      </trkpt>
      <trkpt lat="42.878662" lon="-6.776358">
        <ele>1842</ele>
      </trkpt>
      <trkpt lat="42.878683" lon="-6.77634">
        <ele>1841.8</ele>
      </trkpt>
      <trkpt lat="42.87869" lon="-6.776312">
        <ele>1841.6</ele>
      </trkpt>
      <trkpt lat="42.87869" lon="-6.77628">
        <ele>1841.2</ele>
      </trkpt>
      <trkpt lat="42.878687" lon="-6.776255">
        <ele>1840.6</ele>
      </trkpt>
      <trkpt lat="42.878683" lon="-6.776225">
        <ele>1839.6</ele>
      </trkpt>
      <trkpt lat="42.87868" lon="-6.776197">
        <ele>1838.8</ele>
      </trkpt>
      <trkpt lat="42.87868" lon="-6.776168">
        <ele>1838</ele>
      </trkpt>
      <trkpt lat="42.878678" lon="-6.776142">
        <ele>1837.4</ele>
      </trkpt>
      <trkpt lat="42.878668" lon="-6.776117">
        <ele>1836.8</ele>
      </trkpt>
      <trkpt lat="42.878655" lon="-6.776095">
        <ele>1836.4</ele>
      </trkpt>
      <trkpt lat="42.878637" lon="-6.776077">
        <ele>1835.8</ele>
      </trkpt>
      <trkpt lat="42.87863" lon="-6.77605">
        <ele>1835</ele>
      </trkpt>
      <trkpt lat="42.87864" lon="-6.77602">
        <ele>1833.8</ele>
      </trkpt>
      <trkpt lat="42.878655" lon="-6.77601">
        <ele>1833.4</ele>
      </trkpt>
      <trkpt lat="42.878658" lon="-6.775982">
        <ele>1831.4</ele>
      </trkpt>
      <trkpt lat="42.878665" lon="-6.775948">
        <ele>1831</ele>
      </trkpt>
      <trkpt lat="42.878668" lon="-6.77592">
        <ele>1830.8</ele>
      </trkpt>
      <trkpt lat="42.878665" lon="-6.775892">
        <ele>1830.2</ele>
      </trkpt>
      <trkpt lat="42.878672" lon="-6.77586">
        <ele>1829.6</ele>
      </trkpt>
      <trkpt lat="42.878683" lon="-6.775838">
        <ele>1828.2</ele>
      </trkpt>
      <trkpt lat="42.87869" lon="-6.775812">
        <ele>1827.4</ele>
      </trkpt>
      <trkpt lat="42.87869" lon="-6.775782">
        <ele>1826.6</ele>
      </trkpt>
      <trkpt lat="42.878697" lon="-6.77575">
        <ele>1825.8</ele>
      </trkpt>
      <trkpt lat="42.87871" lon="-6.775723">
        <ele>1825.2</ele>
      </trkpt>
      <trkpt lat="42.878728" lon="-6.7757">
        <ele>1824.8</ele>
      </trkpt>
      <trkpt lat="42.878738" lon="-6.775673">
        <ele>1824.2</ele>
      </trkpt>
      <trkpt lat="42.878745" lon="-6.775645">
        <ele>1823.6</ele>
      </trkpt>
      <trkpt lat="42.878728" lon="-6.775608">
        <ele>1822.6</ele>
      </trkpt>
      <trkpt lat="42.878725" lon="-6.775582">
        <ele>1821.8</ele>
      </trkpt>
      <trkpt lat="42.87871" lon="-6.775568">
        <ele>1821.2</ele>
      </trkpt>
      <trkpt lat="42.878717" lon="-6.775542">
        <ele>1820.2</ele>
      </trkpt>
      <trkpt lat="42.87872" lon="-6.775512">
        <ele>1820</ele>
      </trkpt>
      <trkpt lat="42.878728" lon="-6.775483">
        <ele>1819.6</ele>
      </trkpt>
      <trkpt lat="42.878742" lon="-6.775457">
        <ele>1819.2</ele>
      </trkpt>
      <trkpt lat="42.878745" lon="-6.775427">
        <ele>1818.8</ele>
      </trkpt>
      <trkpt lat="42.878742" lon="-6.775398">
        <ele>1818.4</ele>
      </trkpt>
      <trkpt lat="42.878748" lon="-6.775358">
        <ele>1818</ele>
      </trkpt>
      <trkpt lat="42.87876" lon="-6.775327">
        <ele>1817.8</ele>
      </trkpt>
      <trkpt lat="42.878777" lon="-6.775305">
        <ele>1817.4</ele>
      </trkpt>
      <trkpt lat="42.878755" lon="-6.7753">
        <ele>1816.2</ele>
      </trkpt>
      <trkpt lat="42.878758" lon="-6.775268">
        <ele>1816.2</ele>
      </trkpt>
      <trkpt lat="42.878763" lon="-6.77524">
        <ele>1816.2</ele>
      </trkpt>
      <trkpt lat="42.87877" lon="-6.775208">
        <ele>1816</ele>
      </trkpt>
      <trkpt lat="42.878783" lon="-6.775188">
        <ele>1816</ele>
      </trkpt>
      <trkpt lat="42.8788" lon="-6.775158">
        <ele>1815.8</ele>
      </trkpt>
      <trkpt lat="42.87879" lon="-6.77512">
        <ele>1814.2</ele>
      </trkpt>
      <trkpt lat="42.878783" lon="-6.775085">
        <ele>1813.6</ele>
      </trkpt>
      <trkpt lat="42.878777" lon="-6.77506">
        <ele>1813.4</ele>
      </trkpt>
      <trkpt lat="42.878763" lon="-6.77504">
        <ele>1813.2</ele>
      </trkpt>
      <trkpt lat="42.878777" lon="-6.77502">
        <ele>1812.8</ele>
      </trkpt>
      <trkpt lat="42.87879" lon="-6.775">
        <ele>1812.6</ele>
      </trkpt>
      <trkpt lat="42.878802" lon="-6.77498">
        <ele>1812.4</ele>
      </trkpt>
      <trkpt lat="42.878808" lon="-6.774953">
        <ele>1812.2</ele>
      </trkpt>
      <trkpt lat="42.878787" lon="-6.774932">
        <ele>1811.6</ele>
      </trkpt>
      <trkpt lat="42.878783" lon="-6.774905">
        <ele>1810.8</ele>
      </trkpt>
      <trkpt lat="42.878783" lon="-6.77488">
        <ele>1810.2</ele>
      </trkpt>
      <trkpt lat="42.878787" lon="-6.774857">
        <ele>1809</ele>
      </trkpt>
      <trkpt lat="42.878783" lon="-6.774797">
        <ele>1808.4</ele>
      </trkpt>
      <trkpt lat="42.878805" lon="-6.774785">
        <ele>1808.2</ele>
      </trkpt>
      <trkpt lat="42.878822" lon="-6.774762">
        <ele>1808.2</ele>
      </trkpt>
      <trkpt lat="42.878835" lon="-6.774743">
        <ele>1808.2</ele>
      </trkpt>
      <trkpt lat="42.878843" lon="-6.774718">
        <ele>1807.6</ele>
      </trkpt>
      <trkpt lat="42.878853" lon="-6.774693">
        <ele>1806.8</ele>
      </trkpt>
      <trkpt lat="42.87886" lon="-6.774663">
        <ele>1806</ele>
      </trkpt>
      <trkpt lat="42.878867" lon="-6.77464">
        <ele>1804.8</ele>
      </trkpt>
      <trkpt lat="42.87888" lon="-6.774618">
        <ele>1803.8</ele>
      </trkpt>
      <trkpt lat="42.878895" lon="-6.774593">
        <ele>1801.8</ele>
      </trkpt>
      <trkpt lat="42.878915" lon="-6.774562">
        <ele>1801.6</ele>
      </trkpt>
      <trkpt lat="42.87894" lon="-6.774537">
        <ele>1801.6</ele>
      </trkpt>
      <trkpt lat="42.87896" lon="-6.7745">
        <ele>1801.6</ele>
      </trkpt>
      <trkpt lat="42.878975" lon="-6.774457">
        <ele>1801.8</ele>
      </trkpt>
      <trkpt lat="42.878975" lon="-6.77442">
        <ele>1801.8</ele>
      </trkpt>
      <trkpt lat="42.878982" lon="-6.77439">
        <ele>1802</ele>
      </trkpt>
      <trkpt lat="42.879" lon="-6.77437">
        <ele>1802.4</ele>
      </trkpt>
      <trkpt lat="42.879017" lon="-6.774347">
        <ele>1802.6</ele>
      </trkpt>
      <trkpt lat="42.879027" lon="-6.774322">
        <ele>1802.8</ele>
      </trkpt>
      <trkpt lat="42.87904" lon="-6.7743">
        <ele>1802.4</ele>
      </trkpt>
      <trkpt lat="42.879042" lon="-6.774275">
        <ele>1802.2</ele>
      </trkpt>
      <trkpt lat="42.879042" lon="-6.774238">
        <ele>1802</ele>
      </trkpt>
      <trkpt lat="42.879037" lon="-6.7742">
        <ele>1801.6</ele>
      </trkpt>
      <trkpt lat="42.87904" lon="-6.774175">
        <ele>1801.4</ele>
      </trkpt>
      <trkpt lat="42.879055" lon="-6.774148">
        <ele>1801</ele>
      </trkpt>
      <trkpt lat="42.879052" lon="-6.774122">
        <ele>1800.6</ele>
      </trkpt>
      <trkpt lat="42.879062" lon="-6.774092">
        <ele>1800.8</ele>
      </trkpt>
      <trkpt lat="42.879075" lon="-6.774067">
        <ele>1801</ele>
      </trkpt>
      <trkpt lat="42.879083" lon="-6.774042">
        <ele>1801.6</ele>
      </trkpt>
      <trkpt lat="42.879083" lon="-6.774012">
        <ele>1802</ele>
      </trkpt>
      <trkpt lat="42.879103" lon="-6.773997">
        <ele>1802.2</ele>
      </trkpt>
      <trkpt lat="42.87912" lon="-6.773973">
        <ele>1802.8</ele>
      </trkpt>
      <trkpt lat="42.879132" lon="-6.773947">
        <ele>1803.2</ele>
      </trkpt>
      <trkpt lat="42.879145" lon="-6.773918">
        <ele>1803.6</ele>
      </trkpt>
      <trkpt lat="42.879145" lon="-6.77389">
        <ele>1804.4</ele>
      </trkpt>
      <trkpt lat="42.879138" lon="-6.773858">
        <ele>1804.6</ele>
      </trkpt>
      <trkpt lat="42.879138" lon="-6.77382">
        <ele>1804.4</ele>
      </trkpt>
      <trkpt lat="42.879135" lon="-6.773793">
        <ele>1804.2</ele>
      </trkpt>
      <trkpt lat="42.879135" lon="-6.773768">
        <ele>1804</ele>
      </trkpt>
      <trkpt lat="42.879142" lon="-6.773742">
        <ele>1804.2</ele>
      </trkpt>
      <trkpt lat="42.87916" lon="-6.773722">
        <ele>1808.2</ele>
      </trkpt>
      <trkpt lat="42.87918" lon="-6.773692">
        <ele>1808.6</ele>
      </trkpt>
      <trkpt lat="42.879197" lon="-6.773658">
        <ele>1809</ele>
      </trkpt>
      <trkpt lat="42.879205" lon="-6.773633">
        <ele>1809.4</ele>
      </trkpt>
      <trkpt lat="42.879238" lon="-6.773615">
        <ele>1810</ele>
      </trkpt>
      <trkpt lat="42.879253" lon="-6.7736">
        <ele>1810.8</ele>
      </trkpt>
      <trkpt lat="42.879273" lon="-6.773583">
        <ele>1812</ele>
      </trkpt>
      <trkpt lat="42.879277" lon="-6.77356">
        <ele>1812.4</ele>
      </trkpt>
      <trkpt lat="42.879292" lon="-6.773532">
        <ele>1813.2</ele>
      </trkpt>
      <trkpt lat="42.8793586" lon="-6.7732801">
        <ele>1809.715</ele>
      </trkpt>
      <trkpt lat="42.8796659" lon="-6.7727407">
        <ele>1825.509</ele>
      </trkpt>
      <trkpt lat="42.8796841" lon="-6.772569">
        <ele>1824.232</ele>
      </trkpt>
      <trkpt lat="42.8796216" lon="-6.771908">
        <ele>1822.041</ele>
      </trkpt>
      <trkpt lat="42.8797347" lon="-6.771076">
        <ele>1839.011</ele>
      </trkpt>
      <trkpt lat="42.879711" lon="-6.771088">
        <ele>1838.487</ele>
      </trkpt>
      <trkpt lat="42.8797972" lon="-6.7709565">
        <ele>1835.161</ele>
      </trkpt>
      <trkpt lat="42.8798781" lon="-6.7703052">
        <ele>1815.806</ele>
      </trkpt>
      <trkpt lat="42.8798482" lon="-6.7700182">
        <ele>1808.686</ele>
      </trkpt>
      <trkpt lat="42.8799239" lon="-6.7696255">
        <ele>1799.142</ele>
      </trkpt>
      <trkpt lat="42.8800994" lon="-6.769132">
        <ele>1790.398</ele>
      </trkpt>
      <trkpt lat="42.8800883" lon="-6.7688418">
        <ele>1786.609</ele>
      </trkpt>
      <trkpt lat="42.8801475" lon="-6.7686535">
        <ele>1783.06</ele>
      </trkpt>
      <trkpt lat="42.880107" lon="-6.7685145">
        <ele>1780.93</ele>
      </trkpt>
      <trkpt lat="42.8800964" lon="-6.7683788">
        <ele>1778.506</ele>
      </trkpt>
      <trkpt lat="42.8801108" lon="-6.7675698">
        <ele>1766.4</ele>
      </trkpt>
      <trkpt lat="42.8799884" lon="-6.7672781">
        <ele>1756.041</ele>
      </trkpt>
      <trkpt lat="42.8799878" lon="-6.7670944">
        <ele>1749.763</ele>
      </trkpt>
      <trkpt lat="42.8798692" lon="-6.7664943">
        <ele>1723.111</ele>
      </trkpt>
      <trkpt lat="42.8797351" lon="-6.7663363">
        <ele>1713.022</ele>
      </trkpt>
      <trkpt lat="42.8797745" lon="-6.7662617">
        <ele>1713.532</ele>
      </trkpt>
      <trkpt lat="42.8796667" lon="-6.7662262">
        <ele>1707.315</ele>
      </trkpt>
      <trkpt lat="42.879278669" lon="-6.765770735">
        <ele>1688.502</ele>
      </trkpt>
      <trkpt lat="42.879300546" lon="-6.76562422">
        <ele>1685.783</ele>
      </trkpt>
      <trkpt lat="42.879263498" lon="-6.765463287">
        <ele>1683.542</ele>
      </trkpt>
      <trkpt lat="42.879112959" lon="-6.765422886">
        <ele>1680.095</ele>
      </trkpt>
      <trkpt lat="42.878957558" lon="-6.76520546">
        <ele>1674.663</ele>
      </trkpt>
      <trkpt lat="42.878715908" lon="-6.764985099">
        <ele>1669.69</ele>
      </trkpt>
      <trkpt lat="42.878484568" lon="-6.764933132">
        <ele>1667.119</ele>
      </trkpt>
      <trkpt lat="42.878441066" lon="-6.764993398">
        <ele>1665.652</ele>
      </trkpt>
      <trkpt lat="42.878193213" lon="-6.765075373">
        <ele>1663.82</ele>
      </trkpt>
      <trkpt lat="42.878115512" lon="-6.765165646">
        <ele>1662.446</ele>
      </trkpt>
      <trkpt lat="42.877983665" lon="-6.765360106">
        <ele>1658.479</ele>
      </trkpt>
      <trkpt lat="42.877710247" lon="-6.765811387">
        <ele>1648.231</ele>
      </trkpt>
      <trkpt lat="42.877736147" lon="-6.765941223">
        <ele>1644.743</ele>
      </trkpt>
      <trkpt lat="42.877709577" lon="-6.766200559">
        <ele>1637.014</ele>
      </trkpt>
      <trkpt lat="42.877657777" lon="-6.766296448">
        <ele>1634.14</ele>
      </trkpt>
      <trkpt lat="42.877599774" lon="-6.766299633">
        <ele>1634.121</ele>
      </trkpt>
      <trkpt lat="42.877592817" lon="-6.766362078">
        <ele>1632.406</ele>
      </trkpt>
      <trkpt lat="42.877658196" lon="-6.766587803">
        <ele>1626.826</ele>
      </trkpt>
      <trkpt lat="42.877625758" lon="-6.766713448">
        <ele>1623.866</ele>
      </trkpt>
      <trkpt lat="42.877645791" lon="-6.766760806">
        <ele>1622.839</ele>
      </trkpt>
      <trkpt lat="42.877581669" lon="-6.766939173">
        <ele>1617.613</ele>
      </trkpt>
      <trkpt lat="42.877553422" lon="-6.767270258">
        <ele>1606.733</ele>
      </trkpt>
      <trkpt lat="42.877432723" lon="-6.767626153">
        <ele>1601.022</ele>
      </trkpt>
      <trkpt lat="42.877479158" lon="-6.767796641">
        <ele>1600.93</ele>
      </trkpt>
      <trkpt lat="42.877400704" lon="-6.768094534">
        <ele>1601.13</ele>
      </trkpt>
      <trkpt lat="42.877284531" lon="-6.768337525">
        <ele>1600.718</ele>
      </trkpt>
      <trkpt lat="42.877073642" lon="-6.768449256">
        <ele>1600.047</ele>
      </trkpt>
      <trkpt lat="42.87699502" lon="-6.76844473">
        <ele>1599.401</ele>
      </trkpt>
      <trkpt lat="42.876912793" lon="-6.768511701">
        <ele>1598.129</ele>
      </trkpt>
      <trkpt lat="42.876841966" lon="-6.768712196">
        <ele>1598.903</ele>
      </trkpt>
      <trkpt lat="42.876763428" lon="-6.768749161">
        <ele>1598.388</ele>
      </trkpt>
      <trkpt lat="42.876543151" lon="-6.76868747">
        <ele>1590.467</ele>
      </trkpt>
      <trkpt lat="42.876407113" lon="-6.768728122">
        <ele>1588.158</ele>
      </trkpt>
      <trkpt lat="42.876328155" lon="-6.768677915">
        <ele>1584.018</ele>
      </trkpt>
      <trkpt lat="42.876316337" lon="-6.768601136">
        <ele>1581.136</ele>
      </trkpt>
      <trkpt lat="42.876088601" lon="-6.768569704">
        <ele>1574.977</ele>
      </trkpt>
      <trkpt lat="42.875937307" lon="-6.768616559">
        <ele>1571.528</ele>
      </trkpt>
      <trkpt lat="42.875888776" lon="-6.768709598">
        <ele>1572.988</ele>
      </trkpt>
      <trkpt lat="42.875688616" lon="-6.768762153">
        <ele>1569.462</ele>
      </trkpt>
      <trkpt lat="42.875442524" lon="-6.768948147">
        <ele>1566.543</ele>
      </trkpt>
      <trkpt lat="42.875398267" lon="-6.769019393">
        <ele>1566.44</ele>
      </trkpt>
      <trkpt lat="42.875329452" lon="-6.769434717">
        <ele>1570.487</ele>
      </trkpt>
      <trkpt lat="42.875287626" lon="-6.769496324">
        <ele>1566.539</ele>
      </trkpt>
      <trkpt lat="42.875304557" lon="-6.769633703">
        <ele>1567.31</ele>
      </trkpt>
      <trkpt lat="42.875378905" lon="-6.769662034">
        <ele>1574.676</ele>
      </trkpt>
      <trkpt lat="42.875358034" lon="-6.769887256">
        <ele>1567.612</ele>
      </trkpt>
      <trkpt lat="42.87528595" lon="-6.769955652">
        <ele>1559.638</ele>
      </trkpt>
      <trkpt lat="42.875234317" lon="-6.769947102">
        <ele>1556.274</ele>
      </trkpt>
      <trkpt lat="42.875206824" lon="-6.769884657">
        <ele>1555.407</ele>
      </trkpt>
      <trkpt lat="42.875155108" lon="-6.769913407">
        <ele>1551.399</ele>
      </trkpt>
      <trkpt lat="42.875089729" lon="-6.770100156">
        <ele>1545.992</ele>
      </trkpt>
      <trkpt lat="42.875099201" lon="-6.770262178">
        <ele>1545.925</ele>
      </trkpt>
      <trkpt lat="42.875026111" lon="-6.770414226">
        <ele>1541.097</ele>
      </trkpt>
      <trkpt lat="42.874925612" lon="-6.770246085">
        <ele>1534.264</ele>
      </trkpt>
      <trkpt lat="42.874826621" lon="-6.770175844">
        <ele>1529.28</ele>
      </trkpt>
      <trkpt lat="42.874763003" lon="-6.770066712">
        <ele>1526.185</ele>
      </trkpt>
      <trkpt lat="42.874763506" lon="-6.769989263">
        <ele>1526.554</ele>
      </trkpt>
      <trkpt lat="42.874713968" lon="-6.769943414">
        <ele>1523.913</ele>
      </trkpt>
      <trkpt lat="42.874318594" lon="-6.769835372">
        <ele>1513.826</ele>
      </trkpt>
      <trkpt lat="42.874031262" lon="-6.770059252">
        <ele>1510.403</ele>
      </trkpt>
      <trkpt lat="42.873826576" lon="-6.770291431">
        <ele>1509.464</ele>
      </trkpt>
      <trkpt lat="42.873536395" lon="-6.770482119">
        <ele>1507.858</ele>
      </trkpt>
      <trkpt lat="42.873450732" lon="-6.770503242">
        <ele>1508.594</ele>
      </trkpt>
      <trkpt lat="42.873248393" lon="-6.770446748">
        <ele>1510.134</ele>
      </trkpt>
      <trkpt lat="42.873162646" lon="-6.770281205">
        <ele>1509.868</ele>
      </trkpt>
      <trkpt lat="42.87304664" lon="-6.770220101">
        <ele>1510.274</ele>
      </trkpt>
      <trkpt lat="42.872986877" lon="-6.770071406">
        <ele>1507.846</ele>
      </trkpt>
      <trkpt lat="42.87281706" lon="-6.769999741">
        <ele>1504.563</ele>
      </trkpt>
      <trkpt lat="42.872826699" lon="-6.76989153">
        <ele>1503.533</ele>
      </trkpt>
      <trkpt lat="42.872761991" lon="-6.769752558">
        <ele>1501.441</ele>
      </trkpt>
      <trkpt lat="42.872743048" lon="-6.769590871">
        <ele>1500.6</ele>
      </trkpt>
      <trkpt lat="42.872785879" lon="-6.769301277">
        <ele>1501.532</ele>
      </trkpt>
      <trkpt lat="42.872705245" lon="-6.769113438">
        <ele>1500.638</ele>
      </trkpt>
      <trkpt lat="42.87268538" lon="-6.768953679">
        <ele>1501.208</ele>
      </trkpt>
      <trkpt lat="42.87263534" lon="-6.768841948">
        <ele>1499.759</ele>
      </trkpt>
      <trkpt lat="42.872535009" lon="-6.768753687">
        <ele>1496.037</ele>
      </trkpt>
      <trkpt lat="42.872524783" lon="-6.768599376">
        <ele>1497.335</ele>
      </trkpt>
      <trkpt lat="42.872444149" lon="-6.768603735">
        <ele>1494.143</ele>
      </trkpt>
      <trkpt lat="42.872347087" lon="-6.768537601">
        <ele>1491.937</ele>
      </trkpt>
      <trkpt lat="42.872207193" lon="-6.768598203">
        <ele>1486.016</ele>
      </trkpt>
      <trkpt lat="42.872008793" lon="-6.76880138">
        <ele>1481.557</ele>
      </trkpt>
      <trkpt lat="42.871704027" lon="-6.768768691">
        <ele>1481.24</ele>
      </trkpt>
      <trkpt lat="42.871580981" lon="-6.769054011">
        <ele>1478.878</ele>
      </trkpt>
      <trkpt lat="42.871466232" lon="-6.769261463">
        <ele>1475.84</ele>
      </trkpt>
      <trkpt lat="42.871359531" lon="-6.769193318">
        <ele>1476.922</ele>
      </trkpt>
      <trkpt lat="42.871284429" lon="-6.769218547">
        <ele>1477.668</ele>
      </trkpt>
      <trkpt lat="42.871119389" lon="-6.769458186">
        <ele>1471.559</ele>
      </trkpt>
      <trkpt lat="42.871014867" lon="-6.769497162">
        <ele>1472.214</ele>
      </trkpt>
      <trkpt lat="42.870978825" lon="-6.769668404">
        <ele>1467.931</ele>
      </trkpt>
      <trkpt lat="42.870997265" lon="-6.769757336">
        <ele>1465.365</ele>
      </trkpt>
      <trkpt lat="42.870908082" lon="-6.769832019">
        <ele>1465.389</ele>
      </trkpt>
      <trkpt lat="42.870923504" lon="-6.769961519">
        <ele>1462.488</ele>
      </trkpt>
      <trkpt lat="42.870849827" lon="-6.770026814">
        <ele>1461.781</ele>
      </trkpt>
      <trkpt lat="42.870843709" lon="-6.770106945">
        <ele>1458.817</ele>
      </trkpt>
      <trkpt lat="42.8707588" lon="-6.770197889">
        <ele>1455.704</ele>
      </trkpt>
      <trkpt lat="42.870630389" lon="-6.770178024">
        <ele>1457.787</ele>
      </trkpt>
      <trkpt lat="42.8707215" lon="-6.770253545">
        <ele>1453.205</ele>
      </trkpt>
      <trkpt lat="42.87070415" lon="-6.770366533">
        <ele>1449.065</ele>
      </trkpt>
      <trkpt lat="42.870767936" lon="-6.770390337">
        <ele>1449.115</ele>
      </trkpt>
      <trkpt lat="42.870734157" lon="-6.770455129">
        <ele>1446.756</ele>
      </trkpt>
      <trkpt lat="42.870573224" lon="-6.770495111">
        <ele>1441.494</ele>
      </trkpt>
      <trkpt lat="42.870483454" lon="-6.770620169">
        <ele>1435.655</ele>
      </trkpt>
      <trkpt lat="42.870381782" lon="-6.770544983">
        <ele>1432.95</ele>
      </trkpt>
      <trkpt lat="42.870297125" lon="-6.770637352">
        <ele>1428.825</ele>
      </trkpt>
      <trkpt lat="42.87007777" lon="-6.770613715">
        <ele>1422.612</ele>
      </trkpt>
      <trkpt lat="42.869981546" lon="-6.770694768">
        <ele>1419.032</ele>
      </trkpt>
      <trkpt lat="42.869864618" lon="-6.770689152">
        <ele>1416.108</ele>
      </trkpt>
      <trkpt lat="42.869783482" lon="-6.770566693">
        <ele>1413.99</ele>
      </trkpt>
      <trkpt lat="42.86983964" lon="-6.770435181">
        <ele>1417.386</ele>
      </trkpt>
      <trkpt lat="42.869746182" lon="-6.770176934">
        <ele>1411.68</ele>
      </trkpt>
      <trkpt lat="42.869761605" lon="-6.769917095">
        <ele>1411.763</ele>
      </trkpt>
      <trkpt lat="42.869702512" lon="-6.769681061">
        <ele>1406.355</ele>
      </trkpt>
      <trkpt lat="42.869664794" lon="-6.769392136">
        <ele>1408.144</ele>
      </trkpt>
      <trkpt lat="42.869565468" lon="-6.769397669">
        <ele>1400.797</ele>
      </trkpt>
      <trkpt lat="42.869573683" lon="-6.769540161">
        <ele>1399.48</ele>
      </trkpt>
      <trkpt lat="42.869442422" lon="-6.769734956">
        <ele>1390.026</ele>
      </trkpt>
      <trkpt lat="42.869380061" lon="-6.769536473">
        <ele>1388.583</ele>
      </trkpt>
      <trkpt lat="42.869275203" lon="-6.769507723">
        <ele>1385.289</ele>
      </trkpt>
      <trkpt lat="42.869178476" lon="-6.769301863">
        <ele>1383.988</ele>
      </trkpt>
      <trkpt lat="42.868799949" lon="-6.769213686">
        <ele>1376.988</ele>
      </trkpt>
      <trkpt lat="42.868481521" lon="-6.76879392">
        <ele>1381.412</ele>
      </trkpt>
      <trkpt lat="42.868307261" lon="-6.768759051">
        <ele>1378.659</ele>
      </trkpt>
      <trkpt lat="42.868090253" lon="-6.7689515">
        <ele>1368.128</ele>
      </trkpt>
      <trkpt lat="42.86809084" lon="-6.769056106">
        <ele>1365.226</ele>
      </trkpt>
      <trkpt lat="42.868144987" lon="-6.769129029">
        <ele>1364.894</ele>
      </trkpt>
      <trkpt lat="42.868093941" lon="-6.769258194">
        <ele>1360.744</ele>
      </trkpt>
      <trkpt lat="42.867825218" lon="-6.769481571">
        <ele>1353.6</ele>
      </trkpt>
      <trkpt lat="42.86728425" lon="-6.769536808">
        <ele>1345.007</ele>
      </trkpt>
      <trkpt lat="42.866819054" lon="-6.769664548">
        <ele>1337.36</ele>
      </trkpt>
      <trkpt lat="42.866776306" lon="-6.769794468">
        <ele>1334.077</ele>
      </trkpt>
      <trkpt lat="42.866610596" lon="-6.769887004">
        <ele>1331.608</ele>
      </trkpt>
      <trkpt lat="42.866545888" lon="-6.769977864">
        <ele>1328.758</ele>
      </trkpt>
      <trkpt lat="42.866345728" lon="-6.76994266">
        <ele>1328.515</ele>
      </trkpt>
      <trkpt lat="42.866147831" lon="-6.770081213">
        <ele>1323.803</ele>
      </trkpt>
      <trkpt lat="42.865745416" lon="-6.770425625">
        <ele>1319.129</ele>
      </trkpt>
      <trkpt lat="42.86561491" lon="-6.770619331">
        <ele>1316.946</ele>
      </trkpt>
      <trkpt lat="42.865546597" lon="-6.770818485">
        <ele>1313.532</ele>
      </trkpt>
      <trkpt lat="42.865283154" lon="-6.77119961">
        <ele>1312.584</ele>
      </trkpt>
      <trkpt lat="42.865160443" lon="-6.771674026">
        <ele>1308.375</ele>
      </trkpt>
      <trkpt lat="42.865031864" lon="-6.771891955">
        <ele>1306.445</ele>
      </trkpt>
      <trkpt lat="42.864615703" lon="-6.772270314">
        <ele>1306.616</ele>
      </trkpt>
      <trkpt lat="42.864204403" lon="-6.772887306">
        <ele>1299.812</ele>
      </trkpt>
      <trkpt lat="42.864146652" lon="-6.772958385">
        <ele>1299.404</ele>
      </trkpt>
      <trkpt lat="42.864129804" lon="-6.772923432">
        <ele>1300.987</ele>
      </trkpt>
      <trkpt lat="42.864115387" lon="-6.772926282">
        <ele>1301.359</ele>
      </trkpt>
      <trkpt lat="42.86396971" lon="-6.773126274">
        <ele>1298.056</ele>
      </trkpt>
      <trkpt lat="42.863585232" lon="-6.77333381">
        <ele>1295.074</ele>
      </trkpt>
      <trkpt lat="42.862997996" lon="-6.773421736">
        <ele>1293.151</ele>
      </trkpt>
      <trkpt lat="42.86244655" lon="-6.773597589">
        <ele>1288.306</ele>
      </trkpt>
      <trkpt lat="42.862077076" lon="-6.773777716">
        <ele>1276.949</ele>
      </trkpt>
      <trkpt lat="42.861920586" lon="-6.773746787">
        <ele>1277.271</ele>
      </trkpt>
      <trkpt lat="42.861746158" lon="-6.773784505">
        <ele>1276.314</ele>
      </trkpt>
      <trkpt lat="42.861283813" lon="-6.77402691">
        <ele>1264.669</ele>
      </trkpt>
      <trkpt lat="42.860940071" lon="-6.7739389">
        <ele>1266.632</ele>
      </trkpt>
      <trkpt lat="42.860686854" lon="-6.774006123">
        <ele>1262.174</ele>
      </trkpt>
      <trkpt lat="42.860539332" lon="-6.773982905">
        <ele>1263.391</ele>
      </trkpt>
      <trkpt lat="42.86010758" lon="-6.773671936">
        <ele>1271.301</ele>
      </trkpt>
      <trkpt lat="42.859364022" lon="-6.772849923">
        <ele>1276.132</ele>
      </trkpt>
      <trkpt lat="42.859058417" lon="-6.772548007">
        <ele>1276.481</ele>
      </trkpt>
      <trkpt lat="42.858964037" lon="-6.772343991">
        <ele>1276.839</ele>
      </trkpt>
      <trkpt lat="42.859051209" lon="-6.772080045">
        <ele>1285.206</ele>
      </trkpt>
      <trkpt lat="42.858850714" lon="-6.771990526">
        <ele>1281.15</ele>
      </trkpt>
      <trkpt lat="42.858709311" lon="-6.771799922">
        <ele>1281.671</ele>
      </trkpt>
      <trkpt lat="42.858451316" lon="-6.771596409">
        <ele>1283.453</ele>
      </trkpt>
      <trkpt lat="42.858421896" lon="-6.771778129">
        <ele>1279.82</ele>
      </trkpt>
      <trkpt lat="42.858474031" lon="-6.771942582">
        <ele>1276.514</ele>
      </trkpt>
      <trkpt lat="42.858467828" lon="-6.772082895">
        <ele>1273.588</ele>
      </trkpt>
      <trkpt lat="42.858252833" lon="-6.772560328">
        <ele>1270.913</ele>
      </trkpt>
      <trkpt lat="42.858057702" lon="-6.77279192">
        <ele>1271.581</ele>
      </trkpt>
      <trkpt lat="42.85793189" lon="-6.772854365">
        <ele>1271.283</ele>
      </trkpt>
      <trkpt lat="42.857772382" lon="-6.772846235">
        <ele>1272.941</ele>
      </trkpt>
      <trkpt lat="42.857258068" lon="-6.772495955">
        <ele>1278.824</ele>
      </trkpt>
      <trkpt lat="42.857180787" lon="-6.772540715">
        <ele>1278.515</ele>
      </trkpt>
      <trkpt lat="42.856963528" lon="-6.772918068">
        <ele>1277.057</ele>
      </trkpt>
      <trkpt lat="42.856625738" lon="-6.773105152">
        <ele>1277.714</ele>
      </trkpt>
      <trkpt lat="42.856181664" lon="-6.773452498">
        <ele>1276.188</ele>
      </trkpt>
      <trkpt lat="42.856186107" lon="-6.773545118">
        <ele>1276.21</ele>
      </trkpt>
      <trkpt lat="42.856308902" lon="-6.773810489">
        <ele>1274.033</ele>
      </trkpt>
      <trkpt lat="42.856646441" lon="-6.774851857">
        <ele>1263.801</ele>
      </trkpt>
      <trkpt lat="42.856679633" lon="-6.775196102">
        <ele>1263.286</ele>
      </trkpt>
      <trkpt lat="42.85666245" lon="-6.775447307">
        <ele>1263.483</ele>
      </trkpt>
      <trkpt lat="42.856572261" lon="-6.775738494">
        <ele>1262.487</ele>
      </trkpt>
      <trkpt lat="42.856302448" lon="-6.776129929">
        <ele>1253.135</ele>
      </trkpt>
      <trkpt lat="42.855925765" lon="-6.776149292">
        <ele>1252.639</ele>
      </trkpt>
      <trkpt lat="42.855808921" lon="-6.776212575">
        <ele>1251.376</ele>
      </trkpt>
      <trkpt lat="42.854918847" lon="-6.777190072">
        <ele>1229.8</ele>
      </trkpt>
      <trkpt lat="42.854678789" lon="-6.777552003">
        <ele>1220.757</ele>
      </trkpt>
      <trkpt lat="42.854433367" lon="-6.77769349">
        <ele>1220.819</ele>
      </trkpt>
      <trkpt lat="42.854021313" lon="-6.77807847">
        <ele>1211.024</ele>
      </trkpt>
      <trkpt lat="42.853606325" lon="-6.778235547">
        <ele>1208.946</ele>
      </trkpt>
      <trkpt lat="42.853117492" lon="-6.778351134">
        <ele>1205.849</ele>
      </trkpt>
      <trkpt lat="42.852651794" lon="-6.778666629">
        <ele>1198.364</ele>
      </trkpt>
      <trkpt lat="42.851776974" lon="-6.778947422">
        <ele>1189.299</ele>
      </trkpt>
      <trkpt lat="42.851592908" lon="-6.779203909">
        <ele>1183.915</ele>
      </trkpt>
      <trkpt lat="42.851497103" lon="-6.779263588">
        <ele>1184.656</ele>
      </trkpt>
      <trkpt lat="42.850871896" lon="-6.780238319">
        <ele>1165.852</ele>
      </trkpt>
      <trkpt lat="42.850706438" lon="-6.780366143">
        <ele>1161.349</ele>
      </trkpt>
      <trkpt lat="42.850114424" lon="-6.780464798">
        <ele>1155.014</ele>
      </trkpt>
      <trkpt lat="42.849743022" lon="-6.780322222">
        <ele>1153.308</ele>
      </trkpt>
      <trkpt lat="42.849491145" lon="-6.780348038">
        <ele>1146.678</ele>
      </trkpt>
      <trkpt lat="42.849076074" lon="-6.780238654">
        <ele>1140.557</ele>
      </trkpt>
      <trkpt lat="42.848663349" lon="-6.780053247">
        <ele>1135.349</ele>
      </trkpt>
      <trkpt lat="42.848261269" lon="-6.779762898">
        <ele>1135.021</ele>
      </trkpt>
      <trkpt lat="42.847785596" lon="-6.779263588">
        <ele>1135.875</ele>
      </trkpt>
      <trkpt lat="42.846602993" lon="-6.777793486">
        <ele>1125.525</ele>
      </trkpt>
      <trkpt lat="42.846283056" lon="-6.77728747">
        <ele>1121.79</ele>
      </trkpt>
      <trkpt lat="42.845644606" lon="-6.776073771">
        <ele>1119.434</ele>
      </trkpt>
      <trkpt lat="42.845166754" lon="-6.775273215">
        <ele>1111.36</ele>
      </trkpt>
      <trkpt lat="42.844916051" lon="-6.774939951">
        <ele>1107.29</ele>
      </trkpt>
      <trkpt lat="42.844431074" lon="-6.774096815">
        <ele>1097.894</ele>
      </trkpt>
      <trkpt lat="42.844271399" lon="-6.773713091">
        <ele>1097.061</ele>
      </trkpt>
      <trkpt lat="42.844114657" lon="-6.773460377">
        <ele>1091.238</ele>
      </trkpt>
      <trkpt lat="42.843959844" lon="-6.773035079">
        <ele>1088.299</ele>
      </trkpt>
      <trkpt lat="42.843441255" lon="-6.772098737">
        <ele>1066.005</ele>
      </trkpt>
      <trkpt lat="42.843247466" lon="-6.771677379">
        <ele>1054.74</ele>
      </trkpt>
      <trkpt lat="42.843032386" lon="-6.771018058">
        <ele>1042.304</ele>
      </trkpt>
      <trkpt lat="42.842883607" lon="-6.770380028">
        <ele>1031.078</ele>
      </trkpt>
      <trkpt lat="42.842922248" lon="-6.769700842">
        <ele>1031.248</ele>
      </trkpt>
      <trkpt lat="42.842928115" lon="-6.769072786">
        <ele>1027.148</ele>
      </trkpt>
      <trkpt lat="42.842787132" lon="-6.767441081">
        <ele>1009.461</ele>
      </trkpt>
      <trkpt lat="42.842676407" lon="-6.767167747">
        <ele>1003.131</ele>
      </trkpt>
      <trkpt lat="42.842689985" lon="-6.766700791">
        <ele>1002.93</ele>
      </trkpt>
      <trkpt lat="42.842623768" lon="-6.765786745">
        <ele>998.48</ele>
      </trkpt>
      <trkpt lat="42.842489323" lon="-6.765405871">
        <ele>992.077</ele>
      </trkpt>
      <trkpt lat="42.842412461" lon="-6.765038492">
        <ele>989.167</ele>
      </trkpt>
      <trkpt lat="42.842097469" lon="-6.764390906">
        <ele>979.518</ele>
      </trkpt>
      <trkpt lat="42.842027983" lon="-6.764409849">
        <ele>977.879</ele>
      </trkpt>
      <trkpt lat="42.841989091" lon="-6.76436685">
        <ele>977.054</ele>
      </trkpt>
      <trkpt lat="42.841874678" lon="-6.763514662">
        <ele>978.343</ele>
      </trkpt>
      <trkpt lat="42.841479974" lon="-6.762660127">
        <ele>977.503</ele>
      </trkpt>
      <trkpt lat="42.841163389" lon="-6.762242876">
        <ele>978.402</ele>
      </trkpt>
      <trkpt lat="42.841124833" lon="-6.761991838">
        <ele>979.019</ele>
      </trkpt>
      <trkpt lat="42.840899359" lon="-6.761573916">
        <ele>978.11</ele>
      </trkpt>
      <trkpt lat="42.840484958" lon="-6.761303348">
        <ele>974.808</ele>
      </trkpt>
      <trkpt lat="42.840360319" lon="-6.761138393">
        <ele>973.12</ele>
      </trkpt>
      <trkpt lat="42.840294605" lon="-6.76092281">
        <ele>971.647</ele>
      </trkpt>
      <trkpt lat="42.840405833" lon="-6.760615865">
        <ele>973.766</ele>
      </trkpt>
      <trkpt lat="42.840470122" lon="-6.760186041">
        <ele>976.148</ele>
      </trkpt>
      <trkpt lat="42.840452688" lon="-6.760122171">
        <ele>976.207</ele>
      </trkpt>
      <trkpt lat="42.840238446" lon="-6.759871384">
        <ele>973.023</ele>
      </trkpt>
      <trkpt lat="42.839775179" lon="-6.759119863">
        <ele>971.309</ele>
      </trkpt>
      <trkpt lat="42.839469658" lon="-6.758749634">
        <ele>968.916</ele>
      </trkpt>
      <trkpt lat="42.839101693" lon="-6.758358786">
        <ele>964.24</ele>
      </trkpt>
      <trkpt lat="42.838654267" lon="-6.757967183">
        <ele>956.717</ele>
      </trkpt>
      <trkpt lat="42.838361906" lon="-6.757376092">
        <ele>955.658</ele>
      </trkpt>
      <trkpt lat="42.838229304" lon="-6.757153049">
        <ele>955.063</ele>
      </trkpt>
      <trkpt lat="42.83794608" lon="-6.756916177">
        <ele>952.043</ele>
      </trkpt>
      <trkpt lat="42.837763941" lon="-6.756483251">
        <ele>953.476</ele>
      </trkpt>
      <trkpt lat="42.837414499" lon="-6.756101288">
        <ele>952.521</ele>
      </trkpt>
      <trkpt lat="42.837276282" lon="-6.755755451">
        <ele>951.885</ele>
      </trkpt>
      <trkpt lat="42.837192211" lon="-6.755183386">
        <ele>956.008</ele>
      </trkpt>
      <trkpt lat="42.836837992" lon="-6.754611488">
        <ele>956.088</ele>
      </trkpt>
      <trkpt lat="42.836605813" lon="-6.754371012">
        <ele>949.795</ele>
      </trkpt>
      <trkpt lat="42.836405737" lon="-6.754010255">
        <ele>946.949</ele>
      </trkpt>
      <trkpt lat="42.835923443" lon="-6.753350599">
        <ele>941.705</ele>
      </trkpt>
      <trkpt lat="42.835788578" lon="-6.75302865">
        <ele>941.152</ele>
      </trkpt>
      <trkpt lat="42.835713727" lon="-6.752956146">
        <ele>941.682</ele>
      </trkpt>
      <trkpt lat="42.835474508" lon="-6.752522131">
        <ele>942.779</ele>
      </trkpt>
      <trkpt lat="42.835406782" lon="-6.752161374">
        <ele>947.459</ele>
      </trkpt>
      <trkpt lat="42.835228667" lon="-6.751797516">
        <ele>945.373</ele>
      </trkpt>
      <trkpt lat="42.835207796" lon="-6.751606157">
        <ele>948.328</ele>
      </trkpt>
      <trkpt lat="42.83514074" lon="-6.751483278">
        <ele>946.108</ele>
      </trkpt>
      <trkpt lat="42.835113583" lon="-6.751195025">
        <ele>946.357</ele>
      </trkpt>
      <trkpt lat="42.834914681" lon="-6.750790263">
        <ele>943.511</ele>
      </trkpt>
      <trkpt lat="42.83485827" lon="-6.750740893">
        <ele>941.867</ele>
      </trkpt>
      <trkpt lat="42.834769841" lon="-6.750475857">
        <ele>945.288</ele>
      </trkpt>
      <trkpt lat="42.834518636" lon="-6.750159357">
        <ele>945.563</ele>
      </trkpt>
      <trkpt lat="42.834105659" lon="-6.74983833">
        <ele>942.659</ele>
      </trkpt>
      <trkpt lat="42.83382629" lon="-6.749413451">
        <ele>945.629</ele>
      </trkpt>
      <trkpt lat="42.833596375" lon="-6.749166101">
        <ele>947.27</ele>
      </trkpt>
      <trkpt lat="42.833491517" lon="-6.748881117">
        <ele>949.851</ele>
      </trkpt>
      <trkpt lat="42.833129168" lon="-6.748202182">
        <ele>952.941</ele>
      </trkpt>
      <trkpt lat="42.832473116" lon="-6.747294255">
        <ele>951.053</ele>
      </trkpt>
      <trkpt lat="42.832265077" lon="-6.747204736">
        <ele>945.008</ele>
      </trkpt>
      <trkpt lat="42.831880515" lon="-6.746716909">
        <ele>944.9</ele>
      </trkpt>
      <trkpt lat="42.831654539" lon="-6.746609453">
        <ele>942.816</ele>
      </trkpt>
      <trkpt lat="42.83151146" lon="-6.746448688">
        <ele>946.372</ele>
      </trkpt>
      <trkpt lat="42.830948699" lon="-6.746027833">
        <ele>943.872</ele>
      </trkpt>
      <trkpt lat="42.830498423" lon="-6.745767156">
        <ele>938.081</ele>
      </trkpt>
      <trkpt lat="42.83025166" lon="-6.745442189">
        <ele>939.536</ele>
      </trkpt>
      <trkpt lat="42.829847066" lon="-6.745224763">
        <ele>938.287</ele>
      </trkpt>
      <trkpt lat="42.829439286" lon="-6.74476753">
        <ele>937.427</ele>
      </trkpt>
      <trkpt lat="42.829270978" lon="-6.744667953">
        <ele>936.504</ele>
      </trkpt>
      <trkpt lat="42.829081547" lon="-6.744444743">
        <ele>936.769</ele>
      </trkpt>
      <trkpt lat="42.828992615" lon="-6.744445078">
        <ele>935.482</ele>
      </trkpt>
      <trkpt lat="42.828693967" lon="-6.744290516">
        <ele>933.244</ele>
      </trkpt>
      <trkpt lat="42.828310831" lon="-6.744137462">
        <ele>929.556</ele>
      </trkpt>
      <trkpt lat="42.828068342" lon="-6.743764551">
        <ele>930.913</ele>
      </trkpt>
      <trkpt lat="42.827948229" lon="-6.743389629">
        <ele>926.192</ele>
      </trkpt>
      <trkpt lat="42.827829374" lon="-6.743173627">
        <ele>926.058</ele>
      </trkpt>
      <trkpt lat="42.827365436" lon="-6.74284338">
        <ele>921.278</ele>
      </trkpt>
      <trkpt lat="42.827132754" lon="-6.742834998">
        <ele>914.439</ele>
      </trkpt>
      <trkpt lat="42.826988082" lon="-6.742700804">
        <ele>914.098</ele>
      </trkpt>
      <trkpt lat="42.826459017" lon="-6.742476672">
        <ele>907.817</ele>
      </trkpt>
      <trkpt lat="42.825731384" lon="-6.741806287">
        <ele>905.837</ele>
      </trkpt>
      <trkpt lat="42.825468276" lon="-6.741996389">
        <ele>904.868</ele>
      </trkpt>
      <trkpt lat="42.825321257" lon="-6.742003514">
        <ele>906.322</ele>
      </trkpt>
      <trkpt lat="42.824986987" lon="-6.741781058">
        <ele>906.523</ele>
      </trkpt>
      <trkpt lat="42.824591026" lon="-6.741727497">
        <ele>911.766</ele>
      </trkpt>
      <trkpt lat="42.824376281" lon="-6.742136953">
        <ele>919.731</ele>
      </trkpt>
      <trkpt lat="42.824340742" lon="-6.742459824">
        <ele>921.637</ele>
      </trkpt>
      <trkpt lat="42.824382652" lon="-6.742835836">
        <ele>923.656</ele>
      </trkpt>
      <trkpt lat="42.824523048" lon="-6.743204976">
        <ele>927.647</ele>
      </trkpt>
      <trkpt lat="42.824682137" lon="-6.743333386">
        <ele>928.289</ele>
      </trkpt>
      <trkpt lat="42.82479479" lon="-6.743661622">
        <ele>929.849</ele>
      </trkpt>
      <trkpt lat="42.825078266" lon="-6.744006118">
        <ele>929.628</ele>
      </trkpt>
      <trkpt lat="42.825245317" lon="-6.744331587">
        <ele>930.773</ele>
      </trkpt>
      <trkpt lat="42.825245317" lon="-6.744331587">
        <ele>930.773</ele>
      </trkpt>
      <trkpt lat="42.82526428438902" lon="-6.744341940512091">
        <ele>930.7666737752032</ele>
      </trkpt>
      <trkpt lat="42.825494169" lon="-6.744467425">
        <ele>930.69</ele>
      </trkpt>
      <trkpt lat="42.825737122" lon="-6.744726039">
        <ele>931.725</ele>
      </trkpt>
      <trkpt lat="42.82609992" lon="-6.745088251">
        <ele>931.729</ele>
      </trkpt>
      <trkpt lat="42.826127124" lon="-6.745115412">
        <ele>931.773</ele>
      </trkpt>
      <trkpt lat="42.826127124" lon="-6.745115412">
        <ele>931.773</ele>
      </trkpt>
      <trkpt lat="42.826218764" lon="-6.745158999">
        <ele>931.757</ele>
      </trkpt>
    </trkseg>
  </trk>
</gpx>
