<?xml version="1.0" encoding="UTF-8"?>
<gpx creator="Garmin Connect" version="1.1" schemaLocation="http://www.topografix.com/GPX/1/1 http://www.topografix.com/GPX/1/1/gpx.xsd http://www.garmin.com/xmlschemas/GpxExtensions/v3 http://www.garmin.com/xmlschemas/GpxExtensionsv3.xsd http://www.garmin.com/xmlschemas/TrackPointExtension/v1 http://www.garmin.com/xmlschemas/TrackPointExtensionv1.xsd http://www.garmin.com/xmlschemas/PowerExtension/v1 http://www.garmin.com/xmlschemas/PowerExtensionv1.xsd http://www.topografix.com/GPX/gpx_style/0/2 http://www.topografix.com/GPX/gpx_style/0/2/gpx_style.xsd" xmlns="http://www.topografix.com/GPX/1/1" xmlns:xsi="http://www.w3.org/2001/XMLSchema-instance" xsi:schemaLocation="http://www.topografix.com/GPX/1/1 http://www.topografix.com/GPX/1/1/gpx.xsd http://www.garmin.com/xmlschemas/GpxExtensions/v3 http://www.garmin.com/xmlschemas/GpxExtensionsv3.xsd http://www.garmin.com/xmlschemas/TrackPointExtension/v1 http://www.garmin.com/xmlschemas/TrackPointExtensionv1.xsd http://www.garmin.com/xmlschemas/PowerExtension/v1 http://www.garmin.com/xmlschemas/PowerExtensionv1.xsd http://www.topografix.com/GPX/gpx_style/0/2 http://www.topografix.com/GPX/gpx_style/0/2/gpx_style.xsd" xmlns:gpxtpx="http://www.garmin.com/xmlschemas/TrackPointExtension/v1" xmlns:gpxx="http://www.garmin.com/xmlschemas/GpxExtensions/v3" xmlns:gpxpx="http://www.garmin.com/xmlschemas/PowerExtension/v1" xmlns:gpx_style="http://www.topografix.com/GPX/gpx_style/0/2">
  <metadata>
    <name>SpeedTrail-Ancares2026-11km_PROVISIONAL</name>
    <author>
      <name>gpx.studio</name>
      <link href="https://gpx.studio"/>
    </author>
    <link href="connect.garmin.com">
      <text>Garmin Connect</text>
    </link>
  </metadata>
  <trk>
    <name>SpeedTrail-Ancares2026-11km_PROVISIONAL</name>
    <type>trail_running</type>
    <trkseg>
      <trkpt lat="42.825936298753305" lon="-6.744943185121855">
        <ele>931.376034066415</ele>
      </trkpt>
      <trkpt lat="42.82552257325631" lon="-6.744703023425243">
        <ele>932.2904211324841</ele>
      </trkpt>
      <trkpt lat="42.82550019438409" lon="-6.744690032812002">
        <ele>932.3015690245595</ele>
      </trkpt>
      <trkpt lat="42.82516148535154" lon="-6.744664166587351">
        <ele>934.4703564427807</ele>
      </trkpt>
      <trkpt lat="42.82516148535154" lon="-6.744664166587351">
        <ele>939.2817598608783</ele>
      </trkpt>
      <trkpt lat="42.82515152357519" lon="-6.744668874889612">
        <ele>939.4000244140625</ele>
      </trkpt>
      <trkpt lat="42.82513073645532" lon="-6.744667952880263">
        <ele>939.5999755859375</ele>
      </trkpt>
      <trkpt lat="42.82511078752577" lon="-6.744660157710314">
        <ele>939.7999877929688</ele>
      </trkpt>
      <trkpt lat="42.82508572563529" lon="-6.7446418851614">
        <ele>940</ele>
      </trkpt>
      <trkpt lat="42.8250680398196" lon="-6.744623780250549">
        <ele>940.2000122070312</ele>
      </trkpt>
      <trkpt lat="42.8250471688807" lon="-6.744603244587779">
        <ele>940.5999755859375</ele>
      </trkpt>
      <trkpt lat="42.825029315426946" lon="-6.744583714753389">
        <ele>940.7999877929688</ele>
      </trkpt>
      <trkpt lat="42.82501355744898" lon="-6.744568459689617">
        <ele>941</ele>
      </trkpt>
      <trkpt lat="42.82499251887202" lon="-6.744547421112657">
        <ele>941.5999755859375</ele>
      </trkpt>
      <trkpt lat="42.82496930100024" lon="-6.744521269574761">
        <ele>942</ele>
      </trkpt>
      <trkpt lat="42.82495127990842" lon="-6.744500566273928">
        <ele>942.2000122070312</ele>
      </trkpt>
      <trkpt lat="42.824930157512426" lon="-6.744478857144713">
        <ele>942.4000244140625</ele>
      </trkpt>
      <trkpt lat="42.824906688183546" lon="-6.744455136358738">
        <ele>942.5999755859375</ele>
      </trkpt>
      <trkpt lat="42.82488799368038" lon="-6.7444379932666205">
        <ele>942.7850774302885</ele>
      </trkpt>
      <trkpt lat="42.8248864877969" lon="-6.744436612352729">
        <ele>942.7999877929688</ele>
      </trkpt>
      <trkpt lat="42.824864191934466" lon="-6.744421776384115">
        <ele>943</ele>
      </trkpt>
      <trkpt lat="42.824840219691396" lon="-6.744406940415502">
        <ele>943.2000122070312</ele>
      </trkpt>
      <trkpt lat="42.824819181114435" lon="-6.744400318711996">
        <ele>943.4000244140625</ele>
      </trkpt>
      <trkpt lat="42.824800154194236" lon="-6.7444004863500595">
        <ele>943.5999755859375</ele>
      </trkpt>
      <trkpt lat="42.82477542757988" lon="-6.74440492875874">
        <ele>944</ele>
      </trkpt>
      <trkpt lat="42.824760088697076" lon="-6.7444122210145">
        <ele>944.2000122070312</ele>
      </trkpt>
      <trkpt lat="42.824743911623955" lon="-6.74441616050899">
        <ele>944.5999755859375</ele>
      </trkpt>
      <trkpt lat="42.82472513616085" lon="-6.74441515468061">
        <ele>945.2000122070312</ele>
      </trkpt>
      <trkpt lat="42.82471364565993" lon="-6.744411666492832">
        <ele>945.3958328704721</ele>
      </trkpt>
      <trkpt lat="42.82470166683197" lon="-6.744408030062914">
        <ele>945.5999755859375</ele>
      </trkpt>
      <trkpt lat="42.82468096353114" lon="-6.744399480521679">
        <ele>946.2000122070312</ele>
      </trkpt>
      <trkpt lat="42.82464978285134" lon="-6.744396211579442">
        <ele>946.4000244140625</ele>
      </trkpt>
      <trkpt lat="42.82462849281728" lon="-6.74439612776041">
        <ele>947</ele>
      </trkpt>
      <trkpt lat="42.82461072318256" lon="-6.744398390874267">
        <ele>947.2000122070312</ele>
      </trkpt>
      <trkpt lat="42.82458867877722" lon="-6.744396546855569">
        <ele>947.5999755859375</ele>
      </trkpt>
      <trkpt lat="42.82457032240927" lon="-6.744393697008491">
        <ele>947.7999877929688</ele>
      </trkpt>
      <trkpt lat="42.824556240811944" lon="-6.744392355903983">
        <ele>948.4000244140625</ele>
      </trkpt>
      <trkpt lat="42.82454324886203" lon="-6.744393277913332">
        <ele>948.7999877929688</ele>
      </trkpt>
      <trkpt lat="42.82453159801662" lon="-6.744397636502981">
        <ele>949.2000122070312</ele>
      </trkpt>
      <trkpt lat="42.82452053390443" lon="-6.74441616050899">
        <ele>949.5999755859375</ele>
      </trkpt>
      <trkpt lat="42.8245170135051" lon="-6.744443317875266">
        <ele>950.4000244140625</ele>
      </trkpt>
      <trkpt lat="42.82451877370477" lon="-6.744471983984113">
        <ele>951</ele>
      </trkpt>
      <trkpt lat="42.824524054303765" lon="-6.744498303160071">
        <ele>951.2000122070312</ele>
      </trkpt>
      <trkpt lat="42.82452950254083" lon="-6.744523532688618">
        <ele>951.7999877929688</ele>
      </trkpt>
      <trkpt lat="42.824535788968205" lon="-6.744549432769418">
        <ele>952.4000244140625</ele>
      </trkpt>
      <trkpt lat="42.824537884444" lon="-6.744575584307313">
        <ele>952.7999877929688</ele>
      </trkpt>
      <trkpt lat="42.82453746534884" lon="-6.744595281779766">
        <ele>953.4000244140625</ele>
      </trkpt>
      <trkpt lat="42.824536291882396" lon="-6.744618332013488">
        <ele>953.7999877929688</ele>
      </trkpt>
      <trkpt lat="42.82453981228173" lon="-6.74464238807559">
        <ele>954.2000122070312</ele>
      </trkpt>
      <trkpt lat="42.82454366795719" lon="-6.744666025042534">
        <ele>954.5999755859375</ele>
      </trkpt>
      <trkpt lat="42.82454869709909" lon="-6.744696199893951">
        <ele>955</ele>
      </trkpt>
      <trkpt lat="42.82455213367939" lon="-6.744717741385102">
        <ele>955.5999755859375</ele>
      </trkpt>
      <trkpt lat="42.824557246640325" lon="-6.744741881266236">
        <ele>955.7999877929688</ele>
      </trkpt>
      <trkpt lat="42.82456059940159" lon="-6.7447680328041315">
        <ele>956.2000122070312</ele>
      </trkpt>
      <trkpt lat="42.824562191963196" lon="-6.744795273989439">
        <ele>956.7999877929688</ele>
      </trkpt>
      <trkpt lat="42.824565544724464" lon="-6.744820335879922">
        <ele>957.4000244140625</ele>
      </trkpt>
      <trkpt lat="42.82456663437188" lon="-6.744842967018485">
        <ele>957.7999877929688</ele>
      </trkpt>
      <trkpt lat="42.82456713728607" lon="-6.744866771623492">
        <ele>958.2000122070312</ele>
      </trkpt>
      <trkpt lat="42.824568562209606" lon="-6.744890408590436">
        <ele>958.5999755859375</ele>
      </trkpt>
      <trkpt lat="42.824568981304765" lon="-6.744913961738348">
        <ele>959.2000122070312</ele>
      </trkpt>
      <trkpt lat="42.824569903314114" lon="-6.7449382692575455">
        <ele>959.5999755859375</ele>
      </trkpt>
      <trkpt lat="42.8245672211051" lon="-6.744959894567728">
        <ele>960.2000122070312</ele>
      </trkpt>
      <trkpt lat="42.82456177286804" lon="-6.744977999478579">
        <ele>960.7999877929688</ele>
      </trkpt>
      <trkpt lat="42.824557749554515" lon="-6.744999708607793">
        <ele>961.2000122070312</ele>
      </trkpt>
      <trkpt lat="42.82455121167004" lon="-6.745020495727658">
        <ele>961.7999877929688</ele>
      </trkpt>
      <trkpt lat="42.82454727217555" lon="-6.745042121037841">
        <ele>962.2000122070312</ele>
      </trkpt>
      <trkpt lat="42.824545511975884" lon="-6.745061315596104">
        <ele>962.5999755859375</ele>
      </trkpt>
      <trkpt lat="42.824544589966536" lon="-6.745080426335335">
        <ele>963</ele>
      </trkpt>
      <trkpt lat="42.82454526051879" lon="-6.745098447427154">
        <ele>963.2000122070312</ele>
      </trkpt>
      <trkpt lat="42.82454643398523" lon="-6.7451155465096235">
        <ele>963.7999877929688</ele>
      </trkpt>
      <trkpt lat="42.82454886473715" lon="-6.745135746896267">
        <ele>964.2000122070312</ele>
      </trkpt>
      <trkpt lat="42.8245516307652" lon="-6.745153097435832">
        <ele>964.5999755859375</ele>
      </trkpt>
      <trkpt lat="42.82455523498356" lon="-6.745170280337334">
        <ele>964.5999755859375</ele>
      </trkpt>
      <trkpt lat="42.82455842010677" lon="-6.7451900616288185">
        <ele>964.5999755859375</ele>
      </trkpt>
      <trkpt lat="42.82456520944834" lon="-6.745211184024811">
        <ele>965.2000122070312</ele>
      </trkpt>
      <trkpt lat="42.82457124441862" lon="-6.745225768536329">
        <ele>965.4000244140625</ele>
      </trkpt>
      <trkpt lat="42.82457510009408" lon="-6.745243454352021">
        <ele>965.5999755859375</ele>
      </trkpt>
      <trkpt lat="42.82457660883665" lon="-6.745255775749683">
        <ele>965.7999877929688</ele>
      </trkpt>
      <trkpt lat="42.824586583301425" lon="-6.745277652516961">
        <ele>966</ele>
      </trkpt>
      <trkpt lat="42.82459069043398" lon="-6.745292069390416">
        <ele>966</ele>
      </trkpt>
      <trkpt lat="42.82460049726069" lon="-6.745311347767711">
        <ele>966</ele>
      </trkpt>
      <trkpt lat="42.824610974639654" lon="-6.745326099917293">
        <ele>966</ele>
      </trkpt>
      <trkpt lat="42.824622709304094" lon="-6.745340684428811">
        <ele>966</ele>
      </trkpt>
      <trkpt lat="42.82463561743498" lon="-6.74535870552063">
        <ele>966</ele>
      </trkpt>
      <trkpt lat="42.82464433461428" lon="-6.745375050231814">
        <ele>966</ele>
      </trkpt>
      <trkpt lat="42.824654560536146" lon="-6.74539097584784">
        <ele>966</ele>
      </trkpt>
      <trkpt lat="42.824663361534476" lon="-6.745407488197088">
        <ele>966.2000122070312</ele>
      </trkpt>
      <trkpt lat="42.82467249780893" lon="-6.745424587279558">
        <ele>966.2000122070312</ele>
      </trkpt>
      <trkpt lat="42.82468062825501" lon="-6.745437327772379">
        <ele>966.4000244140625</ele>
      </trkpt>
      <trkpt lat="42.824687752872705" lon="-6.745447805151343">
        <ele>966.5999755859375</ele>
      </trkpt>
      <trkpt lat="42.8246983140707" lon="-6.745461467653513">
        <ele>966.5999755859375</ele>
      </trkpt>
      <trkpt lat="42.824707785621285" lon="-6.7454739566892385">
        <ele>966.5999755859375</ele>
      </trkpt>
      <trkpt lat="42.82471792772412" lon="-6.745485607534647">
        <ele>966.4000244140625</ele>
      </trkpt>
      <trkpt lat="42.824728321284056" lon="-6.745499772951007">
        <ele>966.4000244140625</ele>
      </trkpt>
      <trkpt lat="42.82473678700626" lon="-6.745513938367367">
        <ele>966.4000244140625</ele>
      </trkpt>
      <trkpt lat="42.82474793493748" lon="-6.745524415746331">
        <ele>966.4000244140625</ele>
      </trkpt>
      <trkpt lat="42.82475774176419" lon="-6.745537240058184">
        <ele>966.4000244140625</ele>
      </trkpt>
      <trkpt lat="42.82476654276252" lon="-6.745554003864527">
        <ele>966.5999755859375</ele>
      </trkpt>
      <trkpt lat="42.824776601046324" lon="-6.745572024956346">
        <ele>966.5999755859375</ele>
      </trkpt>
      <trkpt lat="42.82478665933013" lon="-6.7455908842384815">
        <ele>966.7999877929688</ele>
      </trkpt>
      <trkpt lat="42.82479487359524" lon="-6.7456073965877295">
        <ele>967</ele>
      </trkpt>
      <trkpt lat="42.82480183057487" lon="-6.7456212267279625">
        <ele>967.2000122070312</ele>
      </trkpt>
      <trkpt lat="42.82480929046869" lon="-6.745634973049164">
        <ele>967.2000122070312</ele>
      </trkpt>
      <trkpt lat="42.824817169457674" lon="-6.745649809017777">
        <ele>967.2000122070312</ele>
      </trkpt>
      <trkpt lat="42.82482513226569" lon="-6.74566506408155">
        <ele>967.2000122070312</ele>
      </trkpt>
      <trkpt lat="42.824836280196905" lon="-6.745687862858176">
        <ele>967.2000122070312</ele>
      </trkpt>
      <trkpt lat="42.82484466210008" lon="-6.745705883949995">
        <ele>967.2000122070312</ele>
      </trkpt>
      <trkpt lat="42.824854301288724" lon="-6.745725832879543">
        <ele>967.4000244140625</ele>
      </trkpt>
      <trkpt lat="42.824865616858006" lon="-6.745753660798073">
        <ele>967.4000244140625</ele>
      </trkpt>
      <trkpt lat="42.82487156800926" lon="-6.745766066014767">
        <ele>967.4000244140625</ele>
      </trkpt>
      <trkpt lat="42.82487944699824" lon="-6.7457833327353">
        <ele>967.4000244140625</ele>
      </trkpt>
      <trkpt lat="42.824882632121444" lon="-6.745798839256167">
        <ele>967.4000244140625</ele>
      </trkpt>
      <trkpt lat="42.82488288357854" lon="-6.745820213109255">
        <ele>967.4000244140625</ele>
      </trkpt>
      <trkpt lat="42.82488942146301" lon="-6.7458379827439785">
        <ele>967.4000244140625</ele>
      </trkpt>
      <trkpt lat="42.82489805482328" lon="-6.74585172906518">
        <ele>967.5999755859375</ele>
      </trkpt>
      <trkpt lat="42.824906604364514" lon="-6.745876707136631">
        <ele>967.5999755859375</ele>
      </trkpt>
      <trkpt lat="42.82491356134415" lon="-6.745899086818099">
        <ele>967.5999755859375</ele>
      </trkpt>
      <trkpt lat="42.82491968013346" lon="-6.7459148447960615">
        <ele>967.5999755859375</ele>
      </trkpt>
      <trkpt lat="42.82492579892278" lon="-6.745925489813089">
        <ele>967.5999755859375</ele>
      </trkpt>
      <trkpt lat="42.82493812032044" lon="-6.745931440964341">
        <ele>967.7999877929688</ele>
      </trkpt>
      <trkpt lat="42.82495664432645" lon="-6.745938146486878">
        <ele>968</ele>
      </trkpt>
      <trkpt lat="42.82497248612344" lon="-6.745943175628781">
        <ele>968.2000122070312</ele>
      </trkpt>
      <trkpt lat="42.82498707063496" lon="-6.745950635522604">
        <ele>968.4000244140625</ele>
      </trkpt>
      <trkpt lat="42.824998050928116" lon="-6.745958682149649">
        <ele>968.5999755859375</ele>
      </trkpt>
      <trkpt lat="42.82500953413546" lon="-6.745968656614423">
        <ele>968.5999755859375</ele>
      </trkpt>
      <trkpt lat="42.82501925714314" lon="-6.745974775403738">
        <ele>968.7999877929688</ele>
      </trkpt>
      <trkpt lat="42.825026884675026" lon="-6.745977709069848">
        <ele>968.7999877929688</ele>
      </trkpt>
      <trkpt lat="42.82503484748304" lon="-6.745984330773354">
        <ele>969</ele>
      </trkpt>
      <trkpt lat="42.825044486671686" lon="-6.745990281924605">
        <ele>969.2000122070312</ele>
      </trkpt>
      <trkpt lat="42.825052700936794" lon="-6.745999585837126">
        <ele>969.4000244140625</ele>
      </trkpt>
      <trkpt lat="42.82506166957319" lon="-6.746015511453152">
        <ele>969.5999755859375</ele>
      </trkpt>
      <trkpt lat="42.8250661958009" lon="-6.746034873649478">
        <ele>969.7999877929688</ele>
      </trkpt>
      <trkpt lat="42.82507315278053" lon="-6.746058007702231">
        <ele>970</ele>
      </trkpt>
      <trkpt lat="42.825080109760165" lon="-6.746078375726938">
        <ele>970.2000122070312</ele>
      </trkpt>
      <trkpt lat="42.825081534683704" lon="-6.746092038229108">
        <ele>970.2000122070312</ele>
      </trkpt>
      <trkpt lat="42.82508078031242" lon="-6.746107544749975">
        <ele>970.4000244140625</ele>
      </trkpt>
      <trkpt lat="42.82507969066501" lon="-6.746128248050809">
        <ele>970.5999755859375</ele>
      </trkpt>
      <trkpt lat="42.8250799421221" lon="-6.746143838390708">
        <ele>971</ele>
      </trkpt>
      <trkpt lat="42.82507843337953" lon="-6.7461619433015585">
        <ele>971.2000122070312</ele>
      </trkpt>
      <trkpt lat="42.825077595189214" lon="-6.746177952736616">
        <ele>971.5999755859375</ele>
      </trkpt>
      <trkpt lat="42.82508044503629" lon="-6.746192453429103">
        <ele>971.7999877929688</ele>
      </trkpt>
      <trkpt lat="42.82508773729205" lon="-6.74621039070189">
        <ele>972</ele>
      </trkpt>
      <trkpt lat="42.825093772262335" lon="-6.7462267354130745">
        <ele>972</ele>
      </trkpt>
      <trkpt lat="42.825096203014255" lon="-6.746241403743625">
        <ele>972.2000122070312</ele>
      </trkpt>
      <trkpt lat="42.82509754411876" lon="-6.746258335188031">
        <ele>972.2000122070312</ele>
      </trkpt>
      <trkpt lat="42.825096203014255" lon="-6.746272752061486">
        <ele>972.4000244140625</ele>
      </trkpt>
      <trkpt lat="42.82510005868971" lon="-6.746286079287529">
        <ele>972.5999755859375</ele>
      </trkpt>
      <trkpt lat="42.82510726712644" lon="-6.746294293552637">
        <ele>972.5999755859375</ele>
      </trkpt>
      <trkpt lat="42.825122606009245" lon="-6.746297394856811">
        <ele>972.5999755859375</ele>
      </trkpt>
      <trkpt lat="42.82512822188437" lon="-6.746296053752303">
        <ele>972.7999877929688</ele>
      </trkpt>
      <trkpt lat="42.825140208005905" lon="-6.746295718476176">
        <ele>973</ele>
      </trkpt>
      <trkpt lat="42.825155295431614" lon="-6.746298233047128">
        <ele>973</ele>
      </trkpt>
      <trkpt lat="42.82517264597118" lon="-6.74629638902843">
        <ele>973</ele>
      </trkpt>
      <trkpt lat="42.825190583243966" lon="-6.746296640485525">
        <ele>973</ele>
      </trkpt>
      <trkpt lat="42.82520919106901" lon="-6.746291778981686">
        <ele>973.2000122070312</ele>
      </trkpt>
      <trkpt lat="42.82522587105632" lon="-6.746285576373339">
        <ele>973.2000122070312</ele>
      </trkpt>
      <trkpt lat="42.82523483969271" lon="-6.746280211955309">
        <ele>973.2000122070312</ele>
      </trkpt>
      <trkpt lat="42.825244730338454" lon="-6.7462771106511354">
        <ele>973.2000122070312</ele>
      </trkpt>
      <trkpt lat="42.8252546209842" lon="-6.746277026832104">
        <ele>973.2000122070312</ele>
      </trkpt>
      <trkpt lat="42.82526635564864" lon="-6.7462776973843575">
        <ele>973.2000122070312</ele>
      </trkpt>
      <trkpt lat="42.82527792267501" lon="-6.746274176985025">
        <ele>973.4000244140625</ele>
      </trkpt>
      <trkpt lat="42.825284292921424" lon="-6.746272835880518">
        <ele>973.4000244140625</ele>
      </trkpt>
      <trkpt lat="42.82529108226299" lon="-6.746278954669833">
        <ele>973.4000244140625</ele>
      </trkpt>
      <trkpt lat="42.825302397832274" lon="-6.746290689334273">
        <ele>973.5999755859375</ele>
      </trkpt>
      <trkpt lat="42.82531505450606" lon="-6.746306195855141">
        <ele>973.5999755859375</ele>
      </trkpt>
      <trkpt lat="42.825325364246964" lon="-6.746318265795708">
        <ele>973.5999755859375</ele>
      </trkpt>
      <trkpt lat="42.825336595997214" lon="-6.746332095935941">
        <ele>973.5999755859375</ele>
      </trkpt>
      <trkpt lat="42.82534715719521" lon="-6.746343746781349">
        <ele>973.5999755859375</ele>
      </trkpt>
      <trkpt lat="42.82535537146032" lon="-6.7463551461696625">
        <ele>973.5999755859375</ele>
      </trkpt>
      <trkpt lat="42.8253632504493" lon="-6.746366797015071">
        <ele>973.7999877929688</ele>
      </trkpt>
      <trkpt lat="42.8253751527518" lon="-6.746379621326923">
        <ele>973.7999877929688</ele>
      </trkpt>
      <trkpt lat="42.82538948580623" lon="-6.746395546942949">
        <ele>973.7999877929688</ele>
      </trkpt>
      <trkpt lat="42.82540197484195" lon="-6.7464090418070555">
        <ele>973.7999877929688</ele>
      </trkpt>
      <trkpt lat="42.825413374230266" lon="-6.746424464508891">
        <ele>974</ele>
      </trkpt>
      <trkpt lat="42.82542636618018" lon="-6.746443659067154">
        <ele>974</ele>
      </trkpt>
      <trkpt lat="42.8254375141114" lon="-6.74646008759737">
        <ele>974</ele>
      </trkpt>
      <trkpt lat="42.82544681802392" lon="-6.746471654623747">
        <ele>974.2000122070312</ele>
      </trkpt>
      <trkpt lat="42.825458301231265" lon="-6.746486909687519">
        <ele>974.4000244140625</ele>
      </trkpt>
      <trkpt lat="42.825468610972166" lon="-6.7465009074658155">
        <ele>974.5999755859375</ele>
      </trkpt>
      <trkpt lat="42.82547766342759" lon="-6.746513396501541">
        <ele>974.5999755859375</ele>
      </trkpt>
      <trkpt lat="42.82548990100622" lon="-6.746527226641774">
        <ele>974.5999755859375</ele>
      </trkpt>
      <trkpt lat="42.82549995929003" lon="-6.746537871658802">
        <ele>974.5999755859375</ele>
      </trkpt>
      <trkpt lat="42.825511526316404" lon="-6.746549690142274">
        <ele>974.5999755859375</ele>
      </trkpt>
      <trkpt lat="42.825525691732764" lon="-6.746560838073492">
        <ele>974.7999877929688</ele>
      </trkpt>
      <trkpt lat="42.82554010860622" lon="-6.746573830023408">
        <ele>974.7999877929688</ele>
      </trkpt>
      <trkpt lat="42.8255548607558" lon="-6.746586235240102">
        <ele>974.7999877929688</ele>
      </trkpt>
      <trkpt lat="42.82556567341089" lon="-6.746597299352288">
        <ele>974.7999877929688</ele>
      </trkpt>
      <trkpt lat="42.82557615078986" lon="-6.746608447283506">
        <ele>974.7999877929688</ele>
      </trkpt>
      <trkpt lat="42.8255910705775" lon="-6.746621020138264">
        <ele>974.7999877929688</ele>
      </trkpt>
      <trkpt lat="42.825603391975164" lon="-6.746632335707545">
        <ele>975</ele>
      </trkpt>
      <trkpt lat="42.82561529427767" lon="-6.746646165847778">
        <ele>975</ele>
      </trkpt>
      <trkpt lat="42.82562719658017" lon="-6.7466608341783285">
        <ele>975.2000122070312</ele>
      </trkpt>
      <trkpt lat="42.825640607625246" lon="-6.746674831956625">
        <ele>975.2000122070312</ele>
      </trkpt>
      <trkpt lat="42.82565049827099" lon="-6.74668681807816">
        <ele>975.4000244140625</ele>
      </trkpt>
      <trkpt lat="42.82566281966865" lon="-6.746699307113886">
        <ele>975.4000244140625</ele>
      </trkpt>
      <trkpt lat="42.825672291219234" lon="-6.746708191931248">
        <ele>975.4000244140625</ele>
      </trkpt>
      <trkpt lat="42.82568327151239" lon="-6.746720848605037">
        <ele>975.4000244140625</ele>
      </trkpt>
      <trkpt lat="42.82569391652942" lon="-6.746735014021397">
        <ele>975.4000244140625</ele>
      </trkpt>
      <trkpt lat="42.82570481300354" lon="-6.746751526370645">
        <ele>975.4000244140625</ele>
      </trkpt>
      <trkpt lat="42.82571252435446" lon="-6.746768290176988">
        <ele>975.4000244140625</ele>
      </trkpt>
      <trkpt lat="42.82572048716247" lon="-6.746781785041094">
        <ele>975.5999755859375</ele>
      </trkpt>
      <trkpt lat="42.82573062926531" lon="-6.746798548847437">
        <ele>975.5999755859375</ele>
      </trkpt>
      <trkpt lat="42.8257448785007" lon="-6.746815899387002">
        <ele>975.5999755859375</ele>
      </trkpt>
      <trkpt lat="42.825758289545774" lon="-6.746832076460123">
        <ele>975.7999877929688</ele>
      </trkpt>
      <trkpt lat="42.82576985657215" lon="-6.746846828609705">
        <ele>976</ele>
      </trkpt>
      <trkpt lat="42.825778406113386" lon="-6.7468563839793205">
        <ele>976</ele>
      </trkpt>
      <trkpt lat="42.82578544691205" lon="-6.746869292110205">
        <ele>976</ele>
      </trkpt>
      <trkpt lat="42.82579416409135" lon="-6.7468832060694695">
        <ele>976.2000122070312</ele>
      </trkpt>
      <trkpt lat="42.8258019592613" lon="-6.746897790580988">
        <ele>976.4000244140625</ele>
      </trkpt>
      <trkpt lat="42.825812101364136" lon="-6.746916230767965">
        <ele>976.7999877929688</ele>
      </trkpt>
      <trkpt lat="42.82581972889602" lon="-6.746934503316879">
        <ele>977.2000122070312</ele>
      </trkpt>
      <trkpt lat="42.825827272608876" lon="-6.746952272951603">
        <ele>977.2000122070312</ele>
      </trkpt>
      <trkpt lat="42.825833139941096" lon="-6.74697071313858">
        <ele>977.2000122070312</ele>
      </trkpt>
      <trkpt lat="42.82583959400654" lon="-6.746994936838746">
        <ele>977.2000122070312</ele>
      </trkpt>
      <trkpt lat="42.825844790786505" lon="-6.747009940445423">
        <ele>977.4000244140625</ele>
      </trkpt>
      <trkpt lat="42.82585049048066" lon="-6.747022680938244">
        <ele>977.4000244140625</ele>
      </trkpt>
      <trkpt lat="42.82585912384093" lon="-6.747040534391999">
        <ele>977.4000244140625</ele>
      </trkpt>
      <trkpt lat="42.82585912384093" lon="-6.747040534391999">
        <ele>977.4000244140625</ele>
      </trkpt>
      <trkpt lat="42.82586817629635" lon="-6.747060650959611">
        <ele>977.5999755859375</ele>
      </trkpt>
      <trkpt lat="42.82587722875178" lon="-6.747074732556939">
        <ele>977.5999755859375</ele>
      </trkpt>
      <trkpt lat="42.825882425531745" lon="-6.747097028419375">
        <ele>977.7999877929688</ele>
      </trkpt>
      <trkpt lat="42.82588552683592" lon="-6.747119072824717">
        <ele>978</ele>
      </trkpt>
      <trkpt lat="42.82588670030236" lon="-6.74713877029717">
        <ele>978.2000122070312</ele>
      </trkpt>
      <trkpt lat="42.82588661648333" lon="-6.747152851894498">
        <ele>978.4000244140625</ele>
      </trkpt>
      <trkpt lat="42.8258846886456" lon="-6.7471671011298895">
        <ele>978.5999755859375</ele>
      </trkpt>
      <trkpt lat="42.82588276080787" lon="-6.747180512174964">
        <ele>978.7999877929688</ele>
      </trkpt>
      <trkpt lat="42.82588024623692" lon="-6.747190738096833">
        <ele>978.7999877929688</ele>
      </trkpt>
      <trkpt lat="42.82587773166597" lon="-6.747210854664445">
        <ele>979</ele>
      </trkpt>
      <trkpt lat="42.82587697729468" lon="-6.747225522994995">
        <ele>979.2000122070312</ele>
      </trkpt>
      <trkpt lat="42.82587580382824" lon="-6.747246980667114">
        <ele>979.4000244140625</ele>
      </trkpt>
      <trkpt lat="42.82587546855211" lon="-6.74726827070117">
        <ele>979.5999755859375</ele>
      </trkpt>
      <trkpt lat="42.82587672583759" lon="-6.7472863756120205">
        <ele>979.7999877929688</ele>
      </trkpt>
      <trkpt lat="42.82588116824627" lon="-6.747308000922203">
        <ele>980</ele>
      </trkpt>
      <trkpt lat="42.825887287035584" lon="-6.747325351461768">
        <ele>980.2000122070312</ele>
      </trkpt>
      <trkpt lat="42.825893154367805" lon="-6.747345803305507">
        <ele>980.4000244140625</ele>
      </trkpt>
      <trkpt lat="42.82590069808066" lon="-6.747363656759262">
        <ele>980.5999755859375</ele>
      </trkpt>
      <trkpt lat="42.82591184601188" lon="-6.747379247099161">
        <ele>981</ele>
      </trkpt>
      <trkpt lat="42.8259211499244" lon="-6.747387796640396">
        <ele>981.4000244140625</ele>
      </trkpt>
      <trkpt lat="42.82593447715044" lon="-6.747396932914853">
        <ele>981.7999877929688</ele>
      </trkpt>
      <trkpt lat="42.825948391109705" lon="-6.747407326474786">
        <ele>982.2000122070312</ele>
      </trkpt>
      <trkpt lat="42.825957611203194" lon="-6.747411852702498">
        <ele>982.4000244140625</ele>
      </trkpt>
      <trkpt lat="42.825969429686666" lon="-6.7474171333014965">
        <ele>982.7999877929688</ele>
      </trkpt>
      <trkpt lat="42.82598049379885" lon="-6.747419144958258">
        <ele>983.4000244140625</ele>
      </trkpt>
      <trkpt lat="42.82599373720586" lon="-6.747422832995653">
        <ele>983.7999877929688</ele>
      </trkpt>
      <trkpt lat="42.82600622624159" lon="-6.747426772490144">
        <ele>984.2000122070312</ele>
      </trkpt>
      <trkpt lat="42.82601888291538" lon="-6.747438255697489">
        <ele>984.2000122070312</ele>
      </trkpt>
      <trkpt lat="42.82602868974209" lon="-6.747448984533548">
        <ele>984.5999755859375</ele>
      </trkpt>
      <trkpt lat="42.82604092732072" lon="-6.747458036988974">
        <ele>984.7999877929688</ele>
      </trkpt>
      <trkpt lat="42.82604897394776" lon="-6.747459210455418">
        <ele>985.2000122070312</ele>
      </trkpt>
      <trkpt lat="42.82605668529868" lon="-6.747473627328873">
        <ele>985.5999755859375</ele>
      </trkpt>
      <trkpt lat="42.82606213353574" lon="-6.747484942898154">
        <ele>985.7999877929688</ele>
      </trkpt>
      <trkpt lat="42.82606431283057" lon="-6.747493492439389">
        <ele>986.2000122070312</ele>
      </trkpt>
      <trkpt lat="42.82606825232506" lon="-6.747505562379956">
        <ele>986.2000122070312</ele>
      </trkpt>
      <trkpt lat="42.82607093453407" lon="-6.747516710311174">
        <ele>986.4000244140625</ele>
      </trkpt>
      <trkpt lat="42.826073952019215" lon="-6.747527774423361">
        <ele>986.7999877929688</ele>
      </trkpt>
      <trkpt lat="42.82608007080853" lon="-6.747539089992642">
        <ele>987.2000122070312</ele>
      </trkpt>
      <trkpt lat="42.826086608693004" lon="-6.7475473042577505">
        <ele>987.2000122070312</ele>
      </trkpt>
      <trkpt lat="42.8260953258723" lon="-6.747557362541556">
        <ele>987.4000244140625</ele>
      </trkpt>
      <trkpt lat="42.826102869585156" lon="-6.747573455795646">
        <ele>987.7999877929688</ele>
      </trkpt>
      <trkpt lat="42.826109156012535" lon="-6.747582508251071">
        <ele>988</ele>
      </trkpt>
      <trkpt lat="42.826116448268294" lon="-6.747596589848399">
        <ele>988.4000244140625</ele>
      </trkpt>
      <trkpt lat="42.82612005248666" lon="-6.74760933034122">
        <ele>988.5999755859375</ele>
      </trkpt>
      <trkpt lat="42.82612441107631" lon="-6.747619975358248">
        <ele>989</ele>
      </trkpt>
      <trkpt lat="42.82612793147564" lon="-6.747634895145893">
        <ele>989.4000244140625</ele>
      </trkpt>
      <trkpt lat="42.826130613684654" lon="-6.747646713629365">
        <ele>989.7999877929688</ele>
      </trkpt>
      <trkpt lat="42.82613581046462" lon="-6.747660962864757">
        <ele>990</ele>
      </trkpt>
      <trkpt lat="42.82613966614008" lon="-6.74767479300499">
        <ele>990</ele>
      </trkpt>
      <trkpt lat="42.82614318653941" lon="-6.747687617316842">
        <ele>990.2000122070312</ele>
      </trkpt>
      <trkpt lat="42.826147712767124" lon="-6.74770069308579">
        <ele>990.4000244140625</ele>
      </trkpt>
      <trkpt lat="42.8261508140713" lon="-6.747715445235372">
        <ele>990.5999755859375</ele>
      </trkpt>
      <trkpt lat="42.826151652261615" lon="-6.747722737491131">
        <ele>991.2000122070312</ele>
      </trkpt>
      <trkpt lat="42.82615223899484" lon="-6.747734136879444">
        <ele>991.4000244140625</ele>
      </trkpt>
      <trkpt lat="42.82615106552839" lon="-6.747749894857407">
        <ele>991.5999755859375</ele>
      </trkpt>
      <trkpt lat="42.82615249045193" lon="-6.7477646470069885">
        <ele>991.7999877929688</ele>
      </trkpt>
      <trkpt lat="42.826153077185154" lon="-6.747769508510828">
        <ele>992</ele>
      </trkpt>
      <trkpt lat="42.82615383155644" lon="-6.747779734432697">
        <ele>992.4000244140625</ele>
      </trkpt>
      <trkpt lat="42.82615676522255" lon="-6.747787361964583">
        <ele>992.5999755859375</ele>
      </trkpt>
      <trkpt lat="42.82616179436445" lon="-6.747796079143882">
        <ele>993</ele>
      </trkpt>
      <trkpt lat="42.826167745515704" lon="-6.747800186276436">
        <ele>993.4000244140625</ele>
      </trkpt>
      <trkpt lat="42.82617503777146" lon="-6.7478094063699245">
        <ele>993.7999877929688</ele>
      </trkpt>
      <trkpt lat="42.82617889344692" lon="-6.747814854606986">
        <ele>994</ele>
      </trkpt>
      <trkpt lat="42.82618216238916" lon="-6.747825667262077">
        <ele>994.2000122070312</ele>
      </trkpt>
      <trkpt lat="42.82618350349367" lon="-6.7478350549936295">
        <ele>994.5999755859375</ele>
      </trkpt>
      <trkpt lat="42.826179983094335" lon="-6.74784192815423">
        <ele>994.7999877929688</ele>
      </trkpt>
      <trkpt lat="42.82617880962789" lon="-6.747849220409989">
        <ele>994.7999877929688</ele>
      </trkpt>
      <trkpt lat="42.82618224620819" lon="-6.7478590272367">
        <ele>995.2000122070312</ele>
      </trkpt>
      <trkpt lat="42.826187778264284" lon="-6.7478615418076515">
        <ele>995.4000244140625</ele>
      </trkpt>
      <trkpt lat="42.82619054429233" lon="-6.747863385826349">
        <ele>995.5999755859375</ele>
      </trkpt>
      <trkpt lat="42.826195154339075" lon="-6.747864140197635">
        <ele>995.7999877929688</ele>
      </trkpt>
      <trkpt lat="42.82620035111904" lon="-6.747866151854396">
        <ele>996</ele>
      </trkpt>
      <trkpt lat="42.826204877346754" lon="-6.747878137975931">
        <ele>996.4000244140625</ele>
      </trkpt>
      <trkpt lat="42.826207391917706" lon="-6.747887190431356">
        <ele>996.5999755859375</ele>
      </trkpt>
      <trkpt lat="42.826208816841245" lon="-6.747895572334528">
        <ele>997</ele>
      </trkpt>
      <trkpt lat="42.82620940357447" lon="-6.747900601476431">
        <ele>997.4000244140625</ele>
      </trkpt>
      <trkpt lat="42.82620772719383" lon="-6.747910492122173">
        <ele>997.5999755859375</ele>
      </trkpt>
      <trkpt lat="42.82620387151837" lon="-6.74791376106441">
        <ele>997.5999755859375</ele>
      </trkpt>
      <trkpt lat="42.826200518757105" lon="-6.747916778549552">
        <ele>998</ele>
      </trkpt>
      <trkpt lat="42.826196076348424" lon="-6.747932452708483">
        <ele>998.2000122070312</ele>
      </trkpt>
      <trkpt lat="42.8261938970536" lon="-6.747945277020335">
        <ele>998.4000244140625</ele>
      </trkpt>
      <trkpt lat="42.82619146630168" lon="-6.7479537427425385">
        <ele>998.7999877929688</ele>
      </trkpt>
      <trkpt lat="42.826188281178474" lon="-6.747959107160568">
        <ele>999.2000122070312</ele>
      </trkpt>
      <trkpt lat="42.826189287006855" lon="-6.747963465750217">
        <ele>999.5999755859375</ele>
      </trkpt>
      <trkpt lat="42.826191298663616" lon="-6.747966567054391">
        <ele>999.7999877929688</ele>
      </trkpt>
      <trkpt lat="42.82619255594909" lon="-6.7479722667485476">
        <ele>1000</ele>
      </trkpt>
      <trkpt lat="42.8261920530349" lon="-6.74798215739429">
        <ele>1000.4000244140625</ele>
      </trkpt>
      <trkpt lat="42.82619490288198" lon="-6.747994562610984">
        <ele>1000.7999877929688</ele>
      </trkpt>
      <trkpt lat="42.82619800418615" lon="-6.748006213456392">
        <ele>1001</ele>
      </trkpt>
      <trkpt lat="42.82620211131871" lon="-6.748017277568579">
        <ele>1001.4000244140625</ele>
      </trkpt>
      <trkpt lat="42.82620571553707" lon="-6.748022390529513">
        <ele>1001.5999755859375</ele>
      </trkpt>
      <trkpt lat="42.82621141523123" lon="-6.748029096052051">
        <ele>1002</ele>
      </trkpt>
      <trkpt lat="42.82621627673507" lon="-6.748038148507476">
        <ele>1002.4000244140625</ele>
      </trkpt>
      <trkpt lat="42.82622046768665" lon="-6.748043345287442">
        <ele>1002.5999755859375</ele>
      </trkpt>
      <trkpt lat="42.82622516155243" lon="-6.748055834323168">
        <ele>1002.7999877929688</ele>
      </trkpt>
      <trkpt lat="42.82622960396111" lon="-6.7480674013495445">
        <ele>1003</ele>
      </trkpt>
      <trkpt lat="42.826233208179474" lon="-6.7480794712901115">
        <ele>1003.2000122070312</ele>
      </trkpt>
      <trkpt lat="42.826235638931394" lon="-6.748091038316488">
        <ele>1003.2000122070312</ele>
      </trkpt>
      <trkpt lat="42.8262369800359" lon="-6.748092463240027">
        <ele>1003.4000244140625</ele>
      </trkpt>
      <trkpt lat="42.82623790204525" lon="-6.748096151277423">
        <ele>1003.4000244140625</ele>
      </trkpt>
      <trkpt lat="42.826238572597504" lon="-6.748103946447372">
        <ele>1003.4000244140625</ele>
      </trkpt>
      <trkpt lat="42.82623924314976" lon="-6.748108137398958">
        <ele>1003.4000244140625</ele>
      </trkpt>
      <trkpt lat="42.826241087168455" lon="-6.748109729960561">
        <ele>1003.7999877929688</ele>
      </trkpt>
      <trkpt lat="42.82624460756779" lon="-6.748106712475419">
        <ele>1004</ele>
      </trkpt>
      <trkpt lat="42.826247373595834" lon="-6.748102772980928">
        <ele>1004.2000122070312</ele>
      </trkpt>
      <trkpt lat="42.82624946907163" lon="-6.7481086403131485">
        <ele>1004.4000244140625</ele>
      </trkpt>
      <trkpt lat="42.82625055871904" lon="-6.748120794072747">
        <ele>1004.5999755859375</ele>
      </trkpt>
      <trkpt lat="42.8262507263571" lon="-6.748129175975919">
        <ele>1004.7999877929688</ele>
      </trkpt>
      <trkpt lat="42.82625164836645" lon="-6.748138060793281">
        <ele>1005.2000122070312</ele>
      </trkpt>
      <trkpt lat="42.82625349238515" lon="-6.7481481190770864">
        <ele>1005.2000122070312</ele>
      </trkpt>
      <trkpt lat="42.82625558786094" lon="-6.748156417161226">
        <ele>1005.2000122070312</ele>
      </trkpt>
      <trkpt lat="42.826256174594164" lon="-6.748160859569907">
        <ele>1005.4000244140625</ele>
      </trkpt>
      <trkpt lat="42.82625173218548" lon="-6.748163290321827">
        <ele>1005.5999755859375</ele>
      </trkpt>
      <trkpt lat="42.8262472897768" lon="-6.748163625597954">
        <ele>1005.7999877929688</ele>
      </trkpt>
      <trkpt lat="42.82624812796712" lon="-6.748170917853713">
        <ele>1006</ele>
      </trkpt>
      <trkpt lat="42.82625340856612" lon="-6.748185250908136">
        <ele>1006.4000244140625</ele>
      </trkpt>
      <trkpt lat="42.826260114088655" lon="-6.748202685266733">
        <ele>1006.5999755859375</ele>
      </trkpt>
      <trkpt lat="42.82626438885927" lon="-6.748215006664395">
        <ele>1006.7999877929688</ele>
      </trkpt>
      <trkpt lat="42.82627109438181" lon="-6.748231770470738">
        <ele>1007</ele>
      </trkpt>
      <trkpt lat="42.826278721913695" lon="-6.748246103525162">
        <ele>1007.2000122070312</ele>
      </trkpt>
      <trkpt lat="42.82628660090268" lon="-6.748259095475078">
        <ele>1007.5999755859375</ele>
      </trkpt>
      <trkpt lat="42.82629263587296" lon="-6.748267728835344">
        <ele>1008</ele>
      </trkpt>
      <trkpt lat="42.82629883848131" lon="-6.748278373852372">
        <ele>1008.4000244140625</ele>
      </trkpt>
      <trkpt lat="42.826302191242576" lon="-6.748285749927163">
        <ele>1008.7999877929688</ele>
      </trkpt>
      <trkpt lat="42.82630738802254" lon="-6.7482938803732395">
        <ele>1009.2000122070312</ele>
      </trkpt>
      <trkpt lat="42.82631082460284" lon="-6.748305866494775">
        <ele>1009.4000244140625</ele>
      </trkpt>
      <trkpt lat="42.826312920078635" lon="-6.748316176235676">
        <ele>1009.5999755859375</ele>
      </trkpt>
      <trkpt lat="42.82631610520184" lon="-6.748326402157545">
        <ele>1009.7999877929688</ele>
      </trkpt>
      <trkpt lat="42.82631702721119" lon="-6.748336125165224">
        <ele>1010.2000122070312</ele>
      </trkpt>
      <trkpt lat="42.82631568610668" lon="-6.748346267268062">
        <ele>1010.5999755859375</ele>
      </trkpt>
      <trkpt lat="42.826315853744745" lon="-6.74835205078125">
        <ele>1011</ele>
      </trkpt>
      <trkpt lat="42.82631451264024" lon="-6.74835741519928">
        <ele>1011.2000122070312</ele>
      </trkpt>
      <trkpt lat="42.82631350681186" lon="-6.748367641121149">
        <ele>1011.5999755859375</ele>
      </trkpt>
      <trkpt lat="42.826313842087984" lon="-6.748380046337843">
        <ele>1011.7999877929688</ele>
      </trkpt>
      <trkpt lat="42.82631593756378" lon="-6.7483901884406805">
        <ele>1012</ele>
      </trkpt>
      <trkpt lat="42.82632188871503" lon="-6.748410137370229">
        <ele>1012</ele>
      </trkpt>
      <trkpt lat="42.82632490620017" lon="-6.748426733538508">
        <ele>1012</ele>
      </trkpt>
      <trkpt lat="42.826329097151756" lon="-6.748440144583583">
        <ele>1012.2000122070312</ele>
      </trkpt>
      <trkpt lat="42.82633722759783" lon="-6.748451543971896">
        <ele>1012.4000244140625</ele>
      </trkpt>
      <trkpt lat="42.8263474535197" lon="-6.748458668589592">
        <ele>1012.4000244140625</ele>
      </trkpt>
      <trkpt lat="42.826356170699" lon="-6.748463781550527">
        <ele>1012.5999755859375</ele>
      </trkpt>
      <trkpt lat="42.826361786574125" lon="-6.748468307778239">
        <ele>1012.7999877929688</ele>
      </trkpt>
      <trkpt lat="42.82636949792504" lon="-6.748479371890426">
        <ele>1012.7999877929688</ele>
      </trkpt>
      <trkpt lat="42.8263770416379" lon="-6.748495381325483">
        <ele>1013.2000122070312</ele>
      </trkpt>
      <trkpt lat="42.82638559117913" lon="-6.748511977493763">
        <ele>1013.5999755859375</ele>
      </trkpt>
      <trkpt lat="42.82639414072037" lon="-6.748532680794597">
        <ele>1014</ele>
      </trkpt>
      <trkpt lat="42.82639833167195" lon="-6.748549276962876">
        <ele>1014</ele>
      </trkpt>
      <trkpt lat="42.8264098148793" lon="-6.748569309711456">
        <ele>1014.2000122070312</ele>
      </trkpt>
      <trkpt lat="42.82642213627696" lon="-6.748585235327482">
        <ele>1014.4000244140625</ele>
      </trkpt>
      <trkpt lat="42.826434122398496" lon="-6.748599987477064">
        <ele>1014.4000244140625</ele>
      </trkpt>
      <trkpt lat="42.82644501887262" lon="-6.748615158721805">
        <ele>1014.7999877929688</ele>
      </trkpt>
      <trkpt lat="42.82645490951836" lon="-6.748625468462706">
        <ele>1015</ele>
      </trkpt>
      <trkpt lat="42.82646019011736" lon="-6.74863058142364">
        <ele>1015.2000122070312</ele>
      </trkpt>
      <trkpt lat="42.82646899111569" lon="-6.748641226440668">
        <ele>1015.2000122070312</ele>
      </trkpt>
      <trkpt lat="42.82647552900016" lon="-6.74865061417222">
        <ele>1015.2000122070312</ele>
      </trkpt>
      <trkpt lat="42.82648550346494" lon="-6.748664528131485">
        <ele>1015.4000244140625</ele>
      </trkpt>
      <trkpt lat="42.82649329863489" lon="-6.748671066015959">
        <ele>1015.7999877929688</ele>
      </trkpt>
      <trkpt lat="42.82650411128998" lon="-6.748681543394923">
        <ele>1015.7999877929688</ele>
      </trkpt>
      <trkpt lat="42.826513750478625" lon="-6.748691601678729">
        <ele>1015.7999877929688</ele>
      </trkpt>
      <trkpt lat="42.82652330584824" lon="-6.7487032525241375">
        <ele>1016</ele>
      </trkpt>
      <trkpt lat="42.82653361558914" lon="-6.748711047694087">
        <ele>1016.4000244140625</ele>
      </trkpt>
      <trkpt lat="42.82654124312103" lon="-6.748717837035656">
        <ele>1016.4000244140625</ele>
      </trkpt>
      <trkpt lat="42.82655197195709" lon="-6.748727560043335">
        <ele>1016.4000244140625</ele>
      </trkpt>
      <trkpt lat="42.82656328752637" lon="-6.748738037422299">
        <ele>1016.5999755859375</ele>
      </trkpt>
      <trkpt lat="42.826572926715016" lon="-6.748753376305103">
        <ele>1016.7999877929688</ele>
      </trkpt>
      <trkpt lat="42.82658248208463" lon="-6.748765949159861">
        <ele>1017</ele>
      </trkpt>
      <trkpt lat="42.82659354619682" lon="-6.748777013272047">
        <ele>1017.2000122070312</ele>
      </trkpt>
      <trkpt lat="42.82660494558513" lon="-6.748785898089409">
        <ele>1017.4000244140625</ele>
      </trkpt>
      <trkpt lat="42.826615171507" lon="-6.748796291649342">
        <ele>1017.7999877929688</ele>
      </trkpt>
      <trkpt lat="42.82662380486727" lon="-6.748812133446336">
        <ele>1018</ele>
      </trkpt>
      <trkpt lat="42.826628498733044" lon="-6.748824203386903">
        <ele>1018.2000122070312</ele>
      </trkpt>
      <trkpt lat="42.82663168385625" lon="-6.74883870407939">
        <ele>1018.7999877929688</ele>
      </trkpt>
      <trkpt lat="42.82663428224623" lon="-6.748852618038654">
        <ele>1019</ele>
      </trkpt>
      <trkpt lat="42.8266376350075" lon="-6.748861838132143">
        <ele>1019.4000244140625</ele>
      </trkpt>
      <trkpt lat="42.82664341852069" lon="-6.748870722949505">
        <ele>1019.5999755859375</ele>
      </trkpt>
      <trkpt lat="42.82664677128196" lon="-6.748879859223962">
        <ele>1019.7999877929688</ele>
      </trkpt>
      <trkpt lat="42.826648112386465" lon="-6.748888744041324">
        <ele>1020.4000244140625</ele>
      </trkpt>
      <trkpt lat="42.8266479447484" lon="-6.74889394082129">
        <ele>1020.5999755859375</ele>
      </trkpt>
      <trkpt lat="42.826646603643894" lon="-6.7488976288586855">
        <ele>1021</ele>
      </trkpt>
      <trkpt lat="42.826650543138385" lon="-6.74890810623765">
        <ele>1021.2000122070312</ele>
      </trkpt>
      <trkpt lat="42.826655488461256" lon="-6.74891741015017">
        <ele>1021.5999755859375</ele>
      </trkpt>
      <trkpt lat="42.82665967941284" lon="-6.748930066823959">
        <ele>1022</ele>
      </trkpt>
      <trkpt lat="42.82666462473571" lon="-6.748942639678717">
        <ele>1022.4000244140625</ele>
      </trkpt>
      <trkpt lat="42.826667642220855" lon="-6.748951943591237">
        <ele>1022.7999877929688</ele>
      </trkpt>
      <trkpt lat="42.826669653877616" lon="-6.748961750417948">
        <ele>1023</ele>
      </trkpt>
      <trkpt lat="42.82667133025825" lon="-6.748970551416278">
        <ele>1023.2000122070312</ele>
      </trkpt>
      <trkpt lat="42.826672084629536" lon="-6.748979603871703">
        <ele>1023.4000244140625</ele>
      </trkpt>
      <trkpt lat="42.826675521209836" lon="-6.7489883210510015">
        <ele>1023.5999755859375</ele>
      </trkpt>
      <trkpt lat="42.82667996361852" lon="-6.748994691297412">
        <ele>1024</ele>
      </trkpt>
      <trkpt lat="42.82668155618012" lon="-6.749001564458013">
        <ele>1024</ele>
      </trkpt>
      <trkpt lat="42.826683819293976" lon="-6.749011622741818">
        <ele>1024</ele>
      </trkpt>
      <trkpt lat="42.826683232560754" lon="-6.749018412083387">
        <ele>1024.199951171875</ele>
      </trkpt>
      <trkpt lat="42.82668205909431" lon="-6.749022183939815">
        <ele>1024.4000244140625</ele>
      </trkpt>
      <trkpt lat="42.82668465748429" lon="-6.749029979109764">
        <ele>1024.4000244140625</ele>
      </trkpt>
      <trkpt lat="42.82669094391167" lon="-6.749033918604255">
        <ele>1024.5999755859375</ele>
      </trkpt>
      <trkpt lat="42.82669429667294" lon="-6.7490398697555065">
        <ele>1024.5999755859375</ele>
      </trkpt>
      <trkpt lat="42.8266981523484" lon="-6.749046910554171">
        <ele>1025</ele>
      </trkpt>
      <trkpt lat="42.82670418731868" lon="-6.749054370447993">
        <ele>1025.4000244140625</ele>
      </trkpt>
      <trkpt lat="42.82670938409865" lon="-6.749061243608594">
        <ele>1025.5999755859375</ele>
      </trkpt>
      <trkpt lat="42.82671860419214" lon="-6.7490678653120995">
        <ele>1026</ele>
      </trkpt>
      <trkpt lat="42.82672229222953" lon="-6.749080270528793">
        <ele>1026</ele>
      </trkpt>
      <trkpt lat="42.82672371715307" lon="-6.749090412631631">
        <ele>1026.4000244140625</ele>
      </trkpt>
      <trkpt lat="42.82672765664756" lon="-6.749098710715771">
        <ele>1026.5999755859375</ele>
      </trkpt>
      <trkpt lat="42.826732685789466" lon="-6.749107092618942">
        <ele>1026.800048828125</ele>
      </trkpt>
      <trkpt lat="42.826738469302654" lon="-6.749117067083716">
        <ele>1027</ele>
      </trkpt>
      <trkpt lat="42.82674358226359" lon="-6.749124946072698">
        <ele>1027.199951171875</ele>
      </trkpt>
      <trkpt lat="42.826749701052904" lon="-6.749135171994567">
        <ele>1027.4000244140625</ele>
      </trkpt>
      <trkpt lat="42.82675037160516" lon="-6.749148080125451">
        <ele>1027.5999755859375</ele>
      </trkpt>
      <trkpt lat="42.826750203967094" lon="-6.749155288562179">
        <ele>1027.5999755859375</ele>
      </trkpt>
      <trkpt lat="42.826749281957746" lon="-6.74916367046535">
        <ele>1027.800048828125</ele>
      </trkpt>
      <trkpt lat="42.826749784871936" lon="-6.749172220006585">
        <ele>1028</ele>
      </trkpt>
      <trkpt lat="42.82674886286259" lon="-6.749186972156167">
        <ele>1028.199951171875</ele>
      </trkpt>
      <trkpt lat="42.82675825059414" lon="-6.749205915257335">
        <ele>1028.199951171875</ele>
      </trkpt>
      <trkpt lat="42.8267621062696" lon="-6.749217566102743">
        <ele>1028.5999755859375</ele>
      </trkpt>
      <trkpt lat="42.82676797360182" lon="-6.749230809509754">
        <ele>1028.5999755859375</ele>
      </trkpt>
      <trkpt lat="42.82677534967661" lon="-6.749244052916765">
        <ele>1029</ele>
      </trkpt>
      <trkpt lat="42.8267845697701" lon="-6.74925846979022">
        <ele>1029.4000244140625</ele>
      </trkpt>
      <trkpt lat="42.82679110765457" lon="-6.749270707368851">
        <ele>1029.5999755859375</ele>
      </trkpt>
      <trkpt lat="42.82679697498679" lon="-6.749284202232957">
        <ele>1029.800048828125</ele>
      </trkpt>
      <trkpt lat="42.82680024392903" lon="-6.749292500317097">
        <ele>1029.800048828125</ele>
      </trkpt>
      <trkpt lat="42.82680569216609" lon="-6.7493013851344585">
        <ele>1030</ele>
      </trkpt>
      <trkpt lat="42.826811308041215" lon="-6.749312030151486">
        <ele>1030.199951171875</ele>
      </trkpt>
      <trkpt lat="42.8268154989928" lon="-6.749319490045309">
        <ele>1030.4000244140625</ele>
      </trkpt>
      <trkpt lat="42.8268207795918" lon="-6.749331811442971">
        <ele>1030.5999755859375</ele>
      </trkpt>
      <trkpt lat="42.82682714983821" lon="-6.749342707917094">
        <ele>1031</ele>
      </trkpt>
      <trkpt lat="42.82683067023754" lon="-6.749349748715758">
        <ele>1031.199951171875</ele>
      </trkpt>
      <trkpt lat="42.82683536410332" lon="-6.749362153932452">
        <ele>1031.5999755859375</ele>
      </trkpt>
      <trkpt lat="42.82684290781617" lon="-6.749376319348812">
        <ele>1031.5999755859375</ele>
      </trkpt>
      <trkpt lat="42.82685179263353" lon="-6.749391490593553">
        <ele>1031.800048828125</ele>
      </trkpt>
      <trkpt lat="42.82686084508896" lon="-6.7494045663625">
        <ele>1032</ele>
      </trkpt>
      <trkpt lat="42.82686855643988" lon="-6.7494130320847034">
        <ele>1032.199951171875</ele>
      </trkpt>
      <trkpt lat="42.826876770704985" lon="-6.749425856396556">
        <ele>1032.4000244140625</ele>
      </trkpt>
      <trkpt lat="42.826886577531695" lon="-6.74943532794714">
        <ele>1032.5999755859375</ele>
      </trkpt>
      <trkpt lat="42.826896887272596" lon="-6.749440608546138">
        <ele>1032.5999755859375</ele>
      </trkpt>
      <trkpt lat="42.82690493389964" lon="-6.749450666829944">
        <ele>1032.800048828125</ele>
      </trkpt>
      <trkpt lat="42.82691189087927" lon="-6.7494618985801935">
        <ele>1033.199951171875</ele>
      </trkpt>
      <trkpt lat="42.82691759057343" lon="-6.749474136158824">
        <ele>1033.5999755859375</ele>
      </trkpt>
      <trkpt lat="42.82692496664822" lon="-6.749478494748473">
        <ele>1033.800048828125</ele>
      </trkpt>
      <trkpt lat="42.826932929456234" lon="-6.749485367909074">
        <ele>1034</ele>
      </trkpt>
      <trkpt lat="42.826944245025516" lon="-6.749497102573514">
        <ele>1034.199951171875</ele>
      </trkpt>
      <trkpt lat="42.82695195637643" lon="-6.749506322667003">
        <ele>1034.4000244140625</ele>
      </trkpt>
      <trkpt lat="42.82695975154638" lon="-6.749514872208238">
        <ele>1034.5999755859375</ele>
      </trkpt>
      <trkpt lat="42.82696637324989" lon="-6.749525684863329">
        <ele>1034.800048828125</ele>
      </trkpt>
      <trkpt lat="42.82697165384889" lon="-6.749538257718086">
        <ele>1035</ele>
      </trkpt>
      <trkpt lat="42.826977940276265" lon="-6.749554770067334">
        <ele>1035.199951171875</ele>
      </trkpt>
      <trkpt lat="42.82698062248528" lon="-6.749563822522759">
        <ele>1035.199951171875</ele>
      </trkpt>
      <trkpt lat="42.826985232532024" lon="-6.7495764791965485">
        <ele>1035.5999755859375</ele>
      </trkpt>
      <trkpt lat="42.826994117349386" lon="-6.749590560793877">
        <ele>1035.5999755859375</ele>
      </trkpt>
      <trkpt lat="42.82700350508094" lon="-6.74960539676249">
        <ele>1036</ele>
      </trkpt>
      <trkpt lat="42.82701096497476" lon="-6.749621154740453">
        <ele>1036.199951171875</ele>
      </trkpt>
      <trkpt lat="42.827015575021505" lon="-6.749640181660652">
        <ele>1036.4000244140625</ele>
      </trkpt>
      <trkpt lat="42.82701917923987" lon="-6.749658286571503">
        <ele>1036.4000244140625</ele>
      </trkpt>
      <trkpt lat="42.82702228054404" lon="-6.749678822234273">
        <ele>1036.800048828125</ele>
      </trkpt>
      <trkpt lat="42.8270279802382" lon="-6.749698352068663">
        <ele>1037</ele>
      </trkpt>
      <trkpt lat="42.827031752094626" lon="-6.749714529141784">
        <ele>1037.199951171875</ele>
      </trkpt>
      <trkpt lat="42.82703870907426" lon="-6.749736070632935">
        <ele>1037.5999755859375</ele>
      </trkpt>
      <trkpt lat="42.82704893499613" lon="-6.749751158058643">
        <ele>1037.800048828125</ele>
      </trkpt>
      <trkpt lat="42.82705941237509" lon="-6.749764233827591">
        <ele>1037.800048828125</ele>
      </trkpt>
      <trkpt lat="42.827073745429516" lon="-6.749774795025587">
        <ele>1038.199951171875</ele>
      </trkpt>
      <trkpt lat="42.827084977179766" lon="-6.749779488891363">
        <ele>1038.5999755859375</ele>
      </trkpt>
      <trkpt lat="42.827096628025174" lon="-6.749784266576171">
        <ele>1039</ele>
      </trkpt>
      <trkpt lat="42.82710685394704" lon="-6.749790636822581">
        <ele>1039.4000244140625</ele>
      </trkpt>
      <trkpt lat="42.82711364328861" lon="-6.7497979290783405">
        <ele>1039.4000244140625</ele>
      </trkpt>
      <trkpt lat="42.82712076790631" lon="-6.74980572424829">
        <ele>1039.5999755859375</ele>
      </trkpt>
      <trkpt lat="42.827125964686275" lon="-6.749813938513398">
        <ele>1039.800048828125</ele>
      </trkpt>
      <trkpt lat="42.82713250257075" lon="-6.749826176092029">
        <ele>1039.800048828125</ele>
      </trkpt>
      <trkpt lat="42.82713694497943" lon="-6.749836737290025">
        <ele>1040.199951171875</ele>
      </trkpt>
      <trkpt lat="42.82714247703552" lon="-6.749851992353797">
        <ele>1040.4000244140625</ele>
      </trkpt>
      <trkpt lat="42.827148512005806" lon="-6.749868420884013">
        <ele>1040.5999755859375</ele>
      </trkpt>
      <trkpt lat="42.82715613953769" lon="-6.749886106699705">
        <ele>1041</ele>
      </trkpt>
      <trkpt lat="42.82716033048928" lon="-6.749897003173828">
        <ele>1041</ele>
      </trkpt>
      <trkpt lat="42.82716678455472" lon="-6.749908905476332">
        <ele>1041.4000244140625</ele>
      </trkpt>
      <trkpt lat="42.82717349007726" lon="-6.749919131398201">
        <ele>1041.5999755859375</ele>
      </trkpt>
      <trkpt lat="42.82718036323786" lon="-6.749931033700705">
        <ele>1041.5999755859375</ele>
      </trkpt>
      <trkpt lat="42.8271852247417" lon="-6.749941511079669">
        <ele>1041.800048828125</ele>
      </trkpt>
      <trkpt lat="42.82719268463552" lon="-6.74995425157249">
        <ele>1042</ele>
      </trkpt>
      <trkpt lat="42.827198300510645" lon="-6.749963304027915">
        <ele>1042</ele>
      </trkpt>
      <trkpt lat="42.82720492221415" lon="-6.74997135065496">
        <ele>1042.199951171875</ele>
      </trkpt>
      <trkpt lat="42.82721221446991" lon="-6.7499790620058775">
        <ele>1042.5999755859375</ele>
      </trkpt>
      <trkpt lat="42.82722000963986" lon="-6.749991802498698">
        <ele>1042.800048828125</ele>
      </trkpt>
      <trkpt lat="42.82722537405789" lon="-6.750003369525075">
        <ele>1043.199951171875</ele>
      </trkpt>
      <trkpt lat="42.82723291777074" lon="-6.7500185407698154">
        <ele>1043.5999755859375</ele>
      </trkpt>
      <trkpt lat="42.82724171876907" lon="-6.750029688701034">
        <ele>1043.5999755859375</ele>
      </trkpt>
      <trkpt lat="42.827249178662896" lon="-6.750040417537093">
        <ele>1043.800048828125</ele>
      </trkpt>
      <trkpt lat="42.827257392928004" lon="-6.750048464164138">
        <ele>1044</ele>
      </trkpt>
      <trkpt lat="42.82726543955505" lon="-6.750056007876992">
        <ele>1044.199951171875</ele>
      </trkpt>
      <trkpt lat="42.82727432437241" lon="-6.750067910179496">
        <ele>1044.4000244140625</ele>
      </trkpt>
      <trkpt lat="42.827282790094614" lon="-6.750080734491348">
        <ele>1044.5999755859375</ele>
      </trkpt>
      <trkpt lat="42.82728731632233" lon="-6.750089284032583">
        <ele>1045</ele>
      </trkpt>
      <trkpt lat="42.82729335129261" lon="-6.750099258497357">
        <ele>1045.199951171875</ele>
      </trkpt>
      <trkpt lat="42.82729921862483" lon="-6.7501074727624655">
        <ele>1045.4000244140625</ele>
      </trkpt>
      <trkpt lat="42.82730173319578" lon="-6.750117028132081">
        <ele>1045.5999755859375</ele>
      </trkpt>
      <trkpt lat="42.82730642706156" lon="-6.750128008425236">
        <ele>1045.800048828125</ele>
      </trkpt>
      <trkpt lat="42.82731078565121" lon="-6.750139826908708">
        <ele>1046.199951171875</ele>
      </trkpt>
      <trkpt lat="42.82731589861214" lon="-6.750152735039592">
        <ele>1046.5999755859375</ele>
      </trkpt>
      <trkpt lat="42.82732252031565" lon="-6.750166900455952">
        <ele>1046.800048828125</ele>
      </trkpt>
      <trkpt lat="42.82732939347625" lon="-6.750181065872312">
        <ele>1047</ele>
      </trkpt>
      <trkpt lat="42.827338529750705" lon="-6.750199589878321">
        <ele>1047.199951171875</ele>
      </trkpt>
      <trkpt lat="42.82734607346356" lon="-6.7502127494663">
        <ele>1047.4000244140625</ele>
      </trkpt>
      <trkpt lat="42.82735202461481" lon="-6.750224232673645">
        <ele>1047.4000244140625</ele>
      </trkpt>
      <trkpt lat="42.82736174762249" lon="-6.7502364702522755">
        <ele>1047.5999755859375</ele>
      </trkpt>
      <trkpt lat="42.82736610621214" lon="-6.750243930146098">
        <ele>1047.5999755859375</ele>
      </trkpt>
      <trkpt lat="42.8273749910295" lon="-6.750253736972809">
        <ele>1047.800048828125</ele>
      </trkpt>
      <trkpt lat="42.82738169655204" lon="-6.750260274857283">
        <ele>1048</ele>
      </trkpt>
      <trkpt lat="42.82738764770329" lon="-6.750270584598184">
        <ele>1048.199951171875</ele>
      </trkpt>
      <trkpt lat="42.827395275235176" lon="-6.750283241271973">
        <ele>1048.4000244140625</ele>
      </trkpt>
      <trkpt lat="42.82740072347224" lon="-6.750293970108032">
        <ele>1048.5999755859375</ele>
      </trkpt>
      <trkpt lat="42.82740759663284" lon="-6.750307632610202">
        <ele>1049</ele>
      </trkpt>
      <trkpt lat="42.82741346396506" lon="-6.750318529084325">
        <ele>1049.4000244140625</ele>
      </trkpt>
      <trkpt lat="42.82742100767791" lon="-6.750329760834575">
        <ele>1049.4000244140625</ele>
      </trkpt>
      <trkpt lat="42.827428383752704" lon="-6.750344429165125">
        <ele>1049.5999755859375</ele>
      </trkpt>
      <trkpt lat="42.82743609510362" lon="-6.750358259305358">
        <ele>1050</ele>
      </trkpt>
      <trkpt lat="42.82744028605521" lon="-6.750363539904356">
        <ele>1050.4000244140625</ele>
      </trkpt>
      <trkpt lat="42.82744523137808" lon="-6.750370329245925">
        <ele>1050.5999755859375</ele>
      </trkpt>
      <trkpt lat="42.82745311036706" lon="-6.750379716977477">
        <ele>1050.800048828125</ele>
      </trkpt>
      <trkpt lat="42.82745989970863" lon="-6.750393463298678">
        <ele>1051</ele>
      </trkpt>
      <trkpt lat="42.82746911980212" lon="-6.7504078801721334">
        <ele>1051.199951171875</ele>
      </trkpt>
      <trkpt lat="42.82747968100011" lon="-6.750421794131398">
        <ele>1051.4000244140625</ele>
      </trkpt>
      <trkpt lat="42.827487308532" lon="-6.750432439148426">
        <ele>1051.800048828125</ele>
      </trkpt>
      <trkpt lat="42.82749376259744" lon="-6.7504424136132">
        <ele>1051.800048828125</ele>
      </trkpt>
      <trkpt lat="42.82749895937741" lon="-6.750453058630228">
        <ele>1052.199951171875</ele>
      </trkpt>
      <trkpt lat="42.827504742890596" lon="-6.750464541837573">
        <ele>1052.4000244140625</ele>
      </trkpt>
      <trkpt lat="42.827509101480246" lon="-6.750471917912364">
        <ele>1052.4000244140625</ele>
      </trkpt>
      <trkpt lat="42.82751429826021" lon="-6.750485077500343">
        <ele>1052.5999755859375</ele>
      </trkpt>
      <trkpt lat="42.827522763982415" lon="-6.750496560707688">
        <ele>1052.5999755859375</ele>
      </trkpt>
      <trkpt lat="42.827534414827824" lon="-6.750510139390826">
        <ele>1053</ele>
      </trkpt>
      <trkpt lat="42.82754355110228" lon="-6.750520616769791">
        <ele>1053.199951171875</ele>
      </trkpt>
      <trkpt lat="42.8275510109961" lon="-6.750528244301677">
        <ele>1053.4000244140625</ele>
      </trkpt>
      <trkpt lat="42.82756115309894" lon="-6.750535704195499">
        <ele>1053.800048828125</ele>
      </trkpt>
      <trkpt lat="42.8275631647557" lon="-6.7505425773561">
        <ele>1053.800048828125</ele>
      </trkpt>
      <trkpt lat="42.827566768974066" lon="-6.750549785792828">
        <ele>1054</ele>
      </trkpt>
      <trkpt lat="42.827567774802446" lon="-6.750560095533729">
        <ele>1054.199951171875</ele>
      </trkpt>
      <trkpt lat="42.827571630477905" lon="-6.7505674716085196">
        <ele>1054.4000244140625</ele>
      </trkpt>
      <trkpt lat="42.82758001238108" lon="-6.750580379739404">
        <ele>1054.5999755859375</ele>
      </trkpt>
      <trkpt lat="42.82758655026555" lon="-6.750591276213527">
        <ele>1054.5999755859375</ele>
      </trkpt>
      <trkpt lat="42.827590741217136" lon="-6.750603597611189">
        <ele>1054.800048828125</ele>
      </trkpt>
      <trkpt lat="42.82759954221547" lon="-6.7506137397140265">
        <ele>1055</ele>
      </trkpt>
      <trkpt lat="42.82760398462415" lon="-6.7506213672459126">
        <ele>1055.199951171875</ele>
      </trkpt>
      <trkpt lat="42.82761010341346" lon="-6.750631341710687">
        <ele>1055.4000244140625</ele>
      </trkpt>
      <trkpt lat="42.82761538401246" lon="-6.750640729442239">
        <ele>1055.800048828125</ele>
      </trkpt>
      <trkpt lat="42.827621418982744" lon="-6.750649027526379">
        <ele>1056.199951171875</ele>
      </trkpt>
      <trkpt lat="42.82762284390628" lon="-6.750660762190819">
        <ele>1056.199951171875</ele>
      </trkpt>
      <trkpt lat="42.82762083224952" lon="-6.750672496855259">
        <ele>1056.4000244140625</ele>
      </trkpt>
      <trkpt lat="42.82762309536338" lon="-6.75068280659616">
        <ele>1056.5999755859375</ele>
      </trkpt>
      <trkpt lat="42.827627286314964" lon="-6.7506911884993315">
        <ele>1057</ele>
      </trkpt>
      <trkpt lat="42.82763340510428" lon="-6.750703761354089">
        <ele>1057.199951171875</ele>
      </trkpt>
      <trkpt lat="42.82763885334134" lon="-6.750717591494322">
        <ele>1057.4000244140625</ele>
      </trkpt>
      <trkpt lat="42.827642457559705" lon="-6.750729074701667">
        <ele>1057.5999755859375</ele>
      </trkpt>
      <trkpt lat="42.82763826660812" lon="-6.750742569565773">
        <ele>1057.800048828125</ele>
      </trkpt>
      <trkpt lat="42.82764279283583" lon="-6.750751789659262">
        <ele>1058</ele>
      </trkpt>
      <trkpt lat="42.8276479896158" lon="-6.750761428847909">
        <ele>1058.4000244140625</ele>
      </trkpt>
      <trkpt lat="42.827655114233494" lon="-6.75077173858881">
        <ele>1058.5999755859375</ele>
      </trkpt>
      <trkpt lat="42.82766307704151" lon="-6.750780874863267">
        <ele>1058.800048828125</ele>
      </trkpt>
      <trkpt lat="42.82766844145954" lon="-6.750791855156422">
        <ele>1059</ele>
      </trkpt>
      <trkpt lat="42.82767137512565" lon="-6.750806607306004">
        <ele>1059.4000244140625</ele>
      </trkpt>
      <trkpt lat="42.8276736382395" lon="-6.750822952017188">
        <ele>1059.5999755859375</ele>
      </trkpt>
      <trkpt lat="42.827675146982074" lon="-6.750838039442897">
        <ele>1059.800048828125</ele>
      </trkpt>
      <trkpt lat="42.827676236629486" lon="-6.750852623954415">
        <ele>1060</ele>
      </trkpt>
      <trkpt lat="42.827678080648184" lon="-6.750864023342729">
        <ele>1060.4000244140625</ele>
      </trkpt>
      <trkpt lat="42.82768227159977" lon="-6.750875758007169">
        <ele>1060.5999755859375</ele>
      </trkpt>
      <trkpt lat="42.82768654637039" lon="-6.7508855648338795">
        <ele>1060.800048828125</ele>
      </trkpt>
      <trkpt lat="42.82769501209259" lon="-6.750904759392142">
        <ele>1061</ele>
      </trkpt>
      <trkpt lat="42.82769937068224" lon="-6.75092026591301">
        <ele>1061.199951171875</ele>
      </trkpt>
      <trkpt lat="42.827703477814794" lon="-6.750930408015847">
        <ele>1061.4000244140625</ele>
      </trkpt>
      <trkpt lat="42.827704986557364" lon="-6.750942813232541">
        <ele>1061.800048828125</ele>
      </trkpt>
      <trkpt lat="42.827709428966045" lon="-6.750957230105996">
        <ele>1061.800048828125</ele>
      </trkpt>
      <trkpt lat="42.82771412283182" lon="-6.750971144065261">
        <ele>1062</ele>
      </trkpt>
      <trkpt lat="42.82772141508758" lon="-6.750985477119684">
        <ele>1062</ele>
      </trkpt>
      <trkpt lat="42.82772954553366" lon="-6.751002240926027">
        <ele>1062.199951171875</ele>
      </trkpt>
      <trkpt lat="42.827734323218465" lon="-6.751016238704324">
        <ele>1062.4000244140625</ele>
      </trkpt>
      <trkpt lat="42.827741699293256" lon="-6.751031996682286">
        <ele>1062.5999755859375</ele>
      </trkpt>
      <trkpt lat="42.82774781808257" lon="-6.7510466650128365">
        <ele>1062.800048828125</ele>
      </trkpt>
      <trkpt lat="42.8277513384819" lon="-6.751056052744389">
        <ele>1062.800048828125</ele>
      </trkpt>
      <trkpt lat="42.82775645144284" lon="-6.751071559265256">
        <ele>1063</ele>
      </trkpt>
      <trkpt lat="42.827762654051185" lon="-6.751084551215172">
        <ele>1063.199951171875</ele>
      </trkpt>
      <trkpt lat="42.82777111977339" lon="-6.751100309193134">
        <ele>1063.199951171875</ele>
      </trkpt>
      <trkpt lat="42.82777606509626" lon="-6.751115061342716">
        <ele>1063.4000244140625</ele>
      </trkpt>
      <trkpt lat="42.82778084278107" lon="-6.751131154596806">
        <ele>1063.4000244140625</ele>
      </trkpt>
      <trkpt lat="42.82778645865619" lon="-6.751147415488958">
        <ele>1063.5999755859375</ele>
      </trkpt>
      <trkpt lat="42.82779777422547" lon="-6.751158479601145">
        <ele>1063.5999755859375</ele>
      </trkpt>
      <trkpt lat="42.827804144471884" lon="-6.751165771856904">
        <ele>1063.800048828125</ele>
      </trkpt>
      <trkpt lat="42.82781034708023" lon="-6.751175997778773">
        <ele>1064</ele>
      </trkpt>
      <trkpt lat="42.82782090827823" lon="-6.751179518178105">
        <ele>1064.199951171875</ele>
      </trkpt>
      <trkpt lat="42.827829625457525" lon="-6.751190917566419">
        <ele>1064.4000244140625</ele>
      </trkpt>
      <trkpt lat="42.82784027047455" lon="-6.751207346096635">
        <ele>1064.5999755859375</ele>
      </trkpt>
      <trkpt lat="42.8278517536819" lon="-6.751219080761075">
        <ele>1064.800048828125</ele>
      </trkpt>
      <trkpt lat="42.82786399126053" lon="-6.751228552311659">
        <ele>1065.199951171875</ele>
      </trkpt>
      <trkpt lat="42.827874049544334" lon="-6.751236515119672">
        <ele>1065.4000244140625</ele>
      </trkpt>
      <trkpt lat="42.82788603566587" lon="-6.751250512897968">
        <ele>1065.4000244140625</ele>
      </trkpt>
      <trkpt lat="42.827894166111946" lon="-6.751265348866582">
        <ele>1065.4000244140625</ele>
      </trkpt>
      <trkpt lat="42.827903386205435" lon="-6.751284375786781">
        <ele>1065.5999755859375</ele>
      </trkpt>
      <trkpt lat="42.82791260629892" lon="-6.751305498182774">
        <ele>1065.800048828125</ele>
      </trkpt>
      <trkpt lat="42.82792040146887" lon="-6.751321675255895">
        <ele>1066</ele>
      </trkpt>
      <trkpt lat="42.82792710699141" lon="-6.751335337758064">
        <ele>1066.199951171875</ele>
      </trkpt>
      <trkpt lat="42.8279294539243" lon="-6.751347659155726">
        <ele>1066.4000244140625</ele>
      </trkpt>
      <trkpt lat="42.82793196849525" lon="-6.751358807086945">
        <ele>1066.4000244140625</ele>
      </trkpt>
      <trkpt lat="42.82793574035168" lon="-6.75138202495873">
        <ele>1066.5999755859375</ele>
      </trkpt>
      <trkpt lat="42.82793582417071" lon="-6.751396106556058">
        <ele>1066.800048828125</ele>
      </trkpt>
      <trkpt lat="42.82793389633298" lon="-6.7514147982001305">
        <ele>1067</ele>
      </trkpt>
      <trkpt lat="42.827931800857186" lon="-6.751427873969078">
        <ele>1067.199951171875</ele>
      </trkpt>
      <trkpt lat="42.8279292024672" lon="-6.75144262611866">
        <ele>1067.4000244140625</ele>
      </trkpt>
      <trkpt lat="42.827928783372045" lon="-6.751458635553718">
        <ele>1067.5999755859375</ele>
      </trkpt>
      <trkpt lat="42.827931717038155" lon="-6.751476237550378">
        <ele>1067.5999755859375</ele>
      </trkpt>
      <trkpt lat="42.827934734523296" lon="-6.751492498442531">
        <ele>1068</ele>
      </trkpt>
      <trkpt lat="42.827936578541994" lon="-6.751504819840193">
        <ele>1068.199951171875</ele>
      </trkpt>
      <trkpt lat="42.82793884165585" lon="-6.751522840932012">
        <ele>1068.199951171875</ele>
      </trkpt>
      <trkpt lat="42.827941942960024" lon="-6.751536503434181">
        <ele>1068.5999755859375</ele>
      </trkpt>
      <trkpt lat="42.827945966273546" lon="-6.7515461426228285">
        <ele>1068.800048828125</ele>
      </trkpt>
      <trkpt lat="42.82795158214867" lon="-6.751561481505632">
        <ele>1069</ele>
      </trkpt>
      <trkpt lat="42.82795753329992" lon="-6.751572964712977">
        <ele>1069.199951171875</ele>
      </trkpt>
      <trkpt lat="42.82796432264149" lon="-6.7515835259109735">
        <ele>1069.4000244140625</ele>
      </trkpt>
      <trkpt lat="42.82796901650727" lon="-6.751590985804796">
        <ele>1069.5999755859375</ele>
      </trkpt>
      <trkpt lat="42.827976141124964" lon="-6.7516053188592196">
        <ele>1070</ele>
      </trkpt>
      <trkpt lat="42.82798318192363" lon="-6.7516212444752455">
        <ele>1070</ele>
      </trkpt>
      <trkpt lat="42.82798728905618" lon="-6.751631889492273">
        <ele>1070.5999755859375</ele>
      </trkpt>
      <trkpt lat="42.82799106091261" lon="-6.751646641641855">
        <ele>1071.199951171875</ele>
      </trkpt>
      <trkpt lat="42.82799449749291" lon="-6.751660974696279">
        <ele>1071.199951171875</ele>
      </trkpt>
      <trkpt lat="42.827999610453844" lon="-6.751679414883256">
        <ele>1071.199951171875</ele>
      </trkpt>
      <trkpt lat="42.82800631597638" lon="-6.751693245023489">
        <ele>1071.4000244140625</ele>
      </trkpt>
      <trkpt lat="42.82801201567054" lon="-6.751702968031168">
        <ele>1071.800048828125</ele>
      </trkpt>
      <trkpt lat="42.828016709536314" lon="-6.751717468723655">
        <ele>1072.199951171875</ele>
      </trkpt>
      <trkpt lat="42.828023163601756" lon="-6.751733394339681">
        <ele>1072.4000244140625</ele>
      </trkpt>
      <trkpt lat="42.8280277736485" lon="-6.751739680767059">
        <ele>1072.5999755859375</ele>
      </trkpt>
      <trkpt lat="42.82803322188556" lon="-6.751750996336341">
        <ele>1073</ele>
      </trkpt>
      <trkpt lat="42.828036323189735" lon="-6.751759713515639">
        <ele>1073.4000244140625</ele>
      </trkpt>
      <trkpt lat="42.82804696820676" lon="-6.751772705465555">
        <ele>1073.5999755859375</ele>
      </trkpt>
      <trkpt lat="42.8280518297106" lon="-6.751779997721314">
        <ele>1073.800048828125</ele>
      </trkpt>
      <trkpt lat="42.828056355938315" lon="-6.751790894195437">
        <ele>1073.800048828125</ele>
      </trkpt>
      <trkpt lat="42.82805887050927" lon="-6.751797683537006">
        <ele>1074</ele>
      </trkpt>
      <trkpt lat="42.828058786690235" lon="-6.751800198107958">
        <ele>1074.199951171875</ele>
      </trkpt>
      <trkpt lat="42.82806440256536" lon="-6.751808999106288">
        <ele>1074.4000244140625</ele>
      </trkpt>
      <trkpt lat="42.8280692640692" lon="-6.751817129552364">
        <ele>1074.5999755859375</ele>
      </trkpt>
      <trkpt lat="42.82807353883982" lon="-6.751825511455536">
        <ele>1074.800048828125</ele>
      </trkpt>
      <trkpt lat="42.8280795738101" lon="-6.751830372959375">
        <ele>1075</ele>
      </trkpt>
      <trkpt lat="42.82808787189424" lon="-6.751835150644183">
        <ele>1075.199951171875</ele>
      </trkpt>
      <trkpt lat="42.828095918521285" lon="-6.75184478983283">
        <ele>1075.199951171875</ele>
      </trkpt>
      <trkpt lat="42.82810245640576" lon="-6.751856608316302">
        <ele>1075.199951171875</ele>
      </trkpt>
      <trkpt lat="42.828108072280884" lon="-6.751867923885584">
        <ele>1075.4000244140625</ele>
      </trkpt>
      <trkpt lat="42.82811477780342" lon="-6.751877395436168">
        <ele>1075.4000244140625</ele>
      </trkpt>
      <trkpt lat="42.8281194716692" lon="-6.751889297738671">
        <ele>1075.5999755859375</ele>
      </trkpt>
      <trkpt lat="42.828123243525624" lon="-6.751902457326651">
        <ele>1076</ele>
      </trkpt>
      <trkpt lat="42.82812802121043" lon="-6.75191218033433">
        <ele>1076.4000244140625</ele>
      </trkpt>
      <trkpt lat="42.82813422381878" lon="-6.751926681026816">
        <ele>1076.5999755859375</ele>
      </trkpt>
      <trkpt lat="42.828141348436475" lon="-6.75194201990962">
        <ele>1076.800048828125</ele>
      </trkpt>
      <trkpt lat="42.82814654521644" lon="-6.751953000202775">
        <ele>1077</ele>
      </trkpt>
      <trkpt lat="42.828148724511266" lon="-6.751960711553693">
        <ele>1077.4000244140625</ele>
      </trkpt>
      <trkpt lat="42.82815375365317" lon="-6.751966830343008">
        <ele>1077.4000244140625</ele>
      </trkpt>
      <trkpt lat="42.828158447518945" lon="-6.751975296065211">
        <ele>1077.5999755859375</ele>
      </trkpt>
      <trkpt lat="42.828158447518945" lon="-6.751975296065211">
        <ele>1077.800048828125</ele>
      </trkpt>
      <trkpt lat="42.82816356047988" lon="-6.751981498673558">
        <ele>1078</ele>
      </trkpt>
      <trkpt lat="42.82816490158439" lon="-6.751993149518967">
        <ele>1078.199951171875</ele>
      </trkpt>
      <trkpt lat="42.82816590741277" lon="-6.752009075134993">
        <ele>1078.4000244140625</ele>
      </trkpt>
      <trkpt lat="42.82817051745951" lon="-6.752023743465543">
        <ele>1078.5999755859375</ele>
      </trkpt>
      <trkpt lat="42.828172612935305" lon="-6.752036735415459">
        <ele>1078.800048828125</ele>
      </trkpt>
      <trkpt lat="42.82817353494465" lon="-6.752054337412119">
        <ele>1078.800048828125</ele>
      </trkpt>
      <trkpt lat="42.82818024046719" lon="-6.75206464715302">
        <ele>1079</ele>
      </trkpt>
      <trkpt lat="42.82818887382746" lon="-6.752072274684906">
        <ele>1079.4000244140625</ele>
      </trkpt>
      <trkpt lat="42.82819432206452" lon="-6.7520794831216335">
        <ele>1079.5999755859375</ele>
      </trkpt>
      <trkpt lat="42.828200440853834" lon="-6.7520921397954226">
        <ele>1079.5999755859375</ele>
      </trkpt>
      <trkpt lat="42.82820647582412" lon="-6.752107897773385">
        <ele>1079.800048828125</ele>
      </trkpt>
      <trkpt lat="42.82821343280375" lon="-6.752123320475221">
        <ele>1080</ele>
      </trkpt>
      <trkpt lat="42.82821913249791" lon="-6.752143772318959">
        <ele>1080.4000244140625</ele>
      </trkpt>
      <trkpt lat="42.82822256907821" lon="-6.7521589435637">
        <ele>1080.800048828125</ele>
      </trkpt>
      <trkpt lat="42.82822508364916" lon="-6.752170762047172">
        <ele>1080.800048828125</ele>
      </trkpt>
      <trkpt lat="42.82823053188622" lon="-6.752194231376052">
        <ele>1081</ele>
      </trkpt>
      <trkpt lat="42.82823606394231" lon="-6.752210408449173">
        <ele>1081</ele>
      </trkpt>
      <trkpt lat="42.828241512179375" lon="-6.75222004763782">
        <ele>1081.199951171875</ele>
      </trkpt>
      <trkpt lat="42.82824419438839" lon="-6.752230608835816">
        <ele>1081.4000244140625</ele>
      </trkpt>
      <trkpt lat="42.828245870769024" lon="-6.752241505309939">
        <ele>1081.800048828125</ele>
      </trkpt>
      <trkpt lat="42.82824746333063" lon="-6.752253156155348">
        <ele>1082</ele>
      </trkpt>
      <trkpt lat="42.82825106754899" lon="-6.7522691655904055">
        <ele>1082.4000244140625</ele>
      </trkpt>
      <trkpt lat="42.828252241015434" lon="-6.752283414825797">
        <ele>1082.800048828125</ele>
      </trkpt>
      <trkpt lat="42.828254252672195" lon="-6.75230017863214">
        <ele>1083</ele>
      </trkpt>
      <trkpt lat="42.82825626432896" lon="-6.752314008772373">
        <ele>1083.5999755859375</ele>
      </trkpt>
      <trkpt lat="42.82826045528054" lon="-6.75232850946486">
        <ele>1083.800048828125</ele>
      </trkpt>
      <trkpt lat="42.82826473005116" lon="-6.752348206937313">
        <ele>1084</ele>
      </trkpt>
      <trkpt lat="42.82826808281243" lon="-6.7523622047156096">
        <ele>1084.199951171875</ele>
      </trkpt>
      <trkpt lat="42.82827193848789" lon="-6.752376286312938">
        <ele>1084.4000244140625</ele>
      </trkpt>
      <trkpt lat="42.82827503979206" lon="-6.7523907870054245">
        <ele>1084.5999755859375</ele>
      </trkpt>
      <trkpt lat="42.828276716172695" lon="-6.752407131716609">
        <ele>1084.5999755859375</ele>
      </trkpt>
      <trkpt lat="42.8282817453146" lon="-6.752416267991066">
        <ele>1084.800048828125</ele>
      </trkpt>
      <trkpt lat="42.82829029485583" lon="-6.752429092302918">
        <ele>1085</ele>
      </trkpt>
      <trkpt lat="42.828297754749656" lon="-6.752435378730297">
        <ele>1085.199951171875</ele>
      </trkpt>
      <trkpt lat="42.82830915413797" lon="-6.752448957413435">
        <ele>1085.4000244140625</ele>
      </trkpt>
      <trkpt lat="42.82831753604114" lon="-6.75246094353497">
        <ele>1085.4000244140625</ele>
      </trkpt>
      <trkpt lat="42.82832792960107" lon="-6.752483071759343">
        <ele>1085.4000244140625</ele>
      </trkpt>
      <trkpt lat="42.82833572477102" lon="-6.752499919384718">
        <ele>1085.5999755859375</ele>
      </trkpt>
      <trkpt lat="42.82834184356034" lon="-6.752518527209759">
        <ele>1085.5999755859375</ele>
      </trkpt>
      <trkpt lat="42.82834393903613" lon="-6.752534033730626">
        <ele>1085.800048828125</ele>
      </trkpt>
      <trkpt lat="42.82834494486451" lon="-6.752549791708589">
        <ele>1085.800048828125</ele>
      </trkpt>
      <trkpt lat="42.8283472917974" lon="-6.752567142248154">
        <ele>1085.800048828125</ele>
      </trkpt>
      <trkpt lat="42.82834821380675" lon="-6.752579547464848">
        <ele>1086</ele>
      </trkpt>
      <trkpt lat="42.82834921963513" lon="-6.752595389261842">
        <ele>1086</ele>
      </trkpt>
      <trkpt lat="42.828348549082875" lon="-6.752612069249153">
        <ele>1086.199951171875</ele>
      </trkpt>
      <trkpt lat="42.828346621245146" lon="-6.752627911046147">
        <ele>1086.199951171875</ele>
      </trkpt>
      <trkpt lat="42.82834578305483" lon="-6.752643836662173">
        <ele>1086.199951171875</ele>
      </trkpt>
      <trkpt lat="42.828345112502575" lon="-6.752660516649485">
        <ele>1086.4000244140625</ele>
      </trkpt>
      <trkpt lat="42.828344609588385" lon="-6.75268130376935">
        <ele>1086.4000244140625</ele>
      </trkpt>
      <trkpt lat="42.82834687270224" lon="-6.752703599631786">
        <ele>1086.4000244140625</ele>
      </trkpt>
      <trkpt lat="42.828351398929954" lon="-6.752719776704907">
        <ele>1086.5999755859375</ele>
      </trkpt>
      <trkpt lat="42.82835408113897" lon="-6.752734947949648">
        <ele>1086.800048828125</ele>
      </trkpt>
      <trkpt lat="42.828355338424444" lon="-6.752748861908913">
        <ele>1086.800048828125</ele>
      </trkpt>
      <trkpt lat="42.82835475169122" lon="-6.752762272953987">
        <ele>1087</ele>
      </trkpt>
      <trkpt lat="42.828350560739636" lon="-6.752780210226774">
        <ele>1087</ele>
      </trkpt>
      <trkpt lat="42.828346621245146" lon="-6.752797141671181">
        <ele>1087.199951171875</ele>
      </trkpt>
      <trkpt lat="42.82834100537002" lon="-6.752818683162332">
        <ele>1087.199951171875</ele>
      </trkpt>
      <trkpt lat="42.828340670093894" lon="-6.752837039530277">
        <ele>1087.199951171875</ele>
      </trkpt>
      <trkpt lat="42.82834402285516" lon="-6.752846594899893">
        <ele>1087.199951171875</ele>
      </trkpt>
      <trkpt lat="42.82834435813129" lon="-6.752845840528607">
        <ele>1087.199951171875</ele>
      </trkpt>
      <trkpt lat="42.82834636978805" lon="-6.752848690375686">
        <ele>1087.199951171875</ele>
      </trkpt>
      <trkpt lat="42.82834812998772" lon="-6.752855312079191">
        <ele>1087.199951171875</ele>
      </trkpt>
      <trkpt lat="42.82835307531059" lon="-6.752874003723264">
        <ele>1087.4000244140625</ele>
      </trkpt>
      <trkpt lat="42.8283557575196" lon="-6.752889342606068">
        <ele>1087.4000244140625</ele>
      </trkpt>
      <trkpt lat="42.82836204394698" lon="-6.752905771136284">
        <ele>1087.5999755859375</ele>
      </trkpt>
      <trkpt lat="42.82837461680174" lon="-6.752923456951976">
        <ele>1087.5999755859375</ele>
      </trkpt>
      <trkpt lat="42.82838593237102" lon="-6.752937454730272">
        <ele>1087.800048828125</ele>
      </trkpt>
      <trkpt lat="42.828399343416095" lon="-6.752952793613076">
        <ele>1087.800048828125</ele>
      </trkpt>
      <trkpt lat="42.828406216576695" lon="-6.7529653664678335">
        <ele>1087.800048828125</ele>
      </trkpt>
      <trkpt lat="42.82841275446117" lon="-6.752983471378684">
        <ele>1087.800048828125</ele>
      </trkpt>
      <trkpt lat="42.82841954380274" lon="-6.752996379509568">
        <ele>1088</ele>
      </trkpt>
      <trkpt lat="42.82842759042978" lon="-6.753015238791704">
        <ele>1088</ele>
      </trkpt>
      <trkpt lat="42.82843245193362" lon="-6.753030326217413">
        <ele>1088.199951171875</ele>
      </trkpt>
      <trkpt lat="42.828441839665174" lon="-6.753046168014407">
        <ele>1088.4000244140625</ele>
      </trkpt>
      <trkpt lat="42.82845047302544" lon="-6.753056729212403">
        <ele>1088.800048828125</ele>
      </trkpt>
      <trkpt lat="42.82846371643245" lon="-6.753069888800383">
        <ele>1088.800048828125</ele>
      </trkpt>
      <trkpt lat="42.82847670838237" lon="-6.753082210198045">
        <ele>1088.800048828125</ele>
      </trkpt>
      <trkpt lat="42.828486263751984" lon="-6.753090173006058">
        <ele>1088.800048828125</ele>
      </trkpt>
      <trkpt lat="42.82849783077836" lon="-6.7530978843569756">
        <ele>1088.800048828125</ele>
      </trkpt>
      <trkpt lat="42.82850939780474" lon="-6.753109199926257">
        <ele>1088.800048828125</ele>
      </trkpt>
      <trkpt lat="42.828519120812416" lon="-6.753120766952634">
        <ele>1088.800048828125</ele>
      </trkpt>
      <trkpt lat="42.828529262915254" lon="-6.753135435283184">
        <ele>1088.800048828125</ele>
      </trkpt>
      <trkpt lat="42.82853948883712" lon="-6.753156138584018">
        <ele>1088.800048828125</ele>
      </trkpt>
      <trkpt lat="42.8285441827029" lon="-6.753172567114234">
        <ele>1089</ele>
      </trkpt>
      <trkpt lat="42.8285457752645" lon="-6.753193438053131">
        <ele>1089</ele>
      </trkpt>
      <trkpt lat="42.82854803837836" lon="-6.753205759450793">
        <ele>1089</ele>
      </trkpt>
      <trkpt lat="42.82854627817869" lon="-6.753221517428756">
        <ele>1089</ele>
      </trkpt>
      <trkpt lat="42.828544015064836" lon="-6.7532475013285875">
        <ele>1089.199951171875</ele>
      </trkpt>
      <trkpt lat="42.828543931245804" lon="-6.75326962955296">
        <ele>1089.4000244140625</ele>
      </trkpt>
      <trkpt lat="42.82854627817869" lon="-6.753286141902208">
        <ele>1089.4000244140625</ele>
      </trkpt>
      <trkpt lat="42.82854703254998" lon="-6.7532990500330925">
        <ele>1089.5999755859375</ele>
      </trkpt>
      <trkpt lat="42.82854904420674" lon="-6.753309443593025">
        <ele>1090</ele>
      </trkpt>
      <trkpt lat="42.828550301492214" lon="-6.753319250419736">
        <ele>1090.4000244140625</ele>
      </trkpt>
      <trkpt lat="42.82855013385415" lon="-6.753332745283842">
        <ele>1090.5999755859375</ele>
      </trkpt>
      <trkpt lat="42.82854820601642" lon="-6.753348084166646">
        <ele>1091</ele>
      </trkpt>
      <trkpt lat="42.82854611054063" lon="-6.753361914306879">
        <ele>1091.199951171875</ele>
      </trkpt>
      <trkpt lat="42.82854334451258" lon="-6.753377169370651">
        <ele>1091.4000244140625</ele>
      </trkpt>
      <trkpt lat="42.82853772863746" lon="-6.753394855186343">
        <ele>1091.800048828125</ele>
      </trkpt>
      <trkpt lat="42.82853353768587" lon="-6.753405500203371">
        <ele>1092.199951171875</ele>
      </trkpt>
      <trkpt lat="42.82853194512427" lon="-6.753421342000365">
        <ele>1092.5999755859375</ele>
      </trkpt>
      <trkpt lat="42.82853110693395" lon="-6.753435088321567">
        <ele>1093</ele>
      </trkpt>
      <trkpt lat="42.828529849648476" lon="-6.7534510139375925">
        <ele>1093.199951171875</ele>
      </trkpt>
      <trkpt lat="42.8285304363817" lon="-6.753460066393018">
        <ele>1093.4000244140625</ele>
      </trkpt>
      <trkpt lat="42.82852817326784" lon="-6.753476662561297">
        <ele>1093.5999755859375</ele>
      </trkpt>
      <trkpt lat="42.82852708362043" lon="-6.75348998978734">
        <ele>1093.5999755859375</ele>
      </trkpt>
      <trkpt lat="42.82852532342076" lon="-6.753506753593683">
        <ele>1093.800048828125</ele>
      </trkpt>
      <trkpt lat="42.82852456904948" lon="-6.7535187397152185">
        <ele>1093.800048828125</ele>
      </trkpt>
      <trkpt lat="42.828523479402065" lon="-6.753528965637088">
        <ele>1094</ele>
      </trkpt>
      <trkpt lat="42.82852180302143" lon="-6.753540113568306">
        <ele>1094</ele>
      </trkpt>
      <trkpt lat="42.828519623726606" lon="-6.7535514291375875">
        <ele>1094</ele>
      </trkpt>
      <trkpt lat="42.82851769588888" lon="-6.753565259277821">
        <ele>1094</ele>
      </trkpt>
      <trkpt lat="42.828514175489545" lon="-6.753582442179322">
        <ele>1094</ele>
      </trkpt>
      <trkpt lat="42.828513672575355" lon="-6.753600463271141">
        <ele>1094</ele>
      </trkpt>
      <trkpt lat="42.82851442694664" lon="-6.753618065267801">
        <ele>1094</ele>
      </trkpt>
      <trkpt lat="42.828515181317925" lon="-6.75362971611321">
        <ele>1094</ele>
      </trkpt>
      <trkpt lat="42.82851652242243" lon="-6.7536533530801535">
        <ele>1094</ele>
      </trkpt>
      <trkpt lat="42.82851769588888" lon="-6.753672380000353">
        <ele>1094</ele>
      </trkpt>
      <trkpt lat="42.82851979136467" lon="-6.753688137978315">
        <ele>1094</ele>
      </trkpt>
      <trkpt lat="42.828521048650146" lon="-6.753700794652104">
        <ele>1094</ele>
      </trkpt>
      <trkpt lat="42.828520545735955" lon="-6.753711439669132">
        <ele>1094.199951171875</ele>
      </trkpt>
      <trkpt lat="42.82851970754564" lon="-6.753728790208697">
        <ele>1094.199951171875</ele>
      </trkpt>
      <trkpt lat="42.82851777970791" lon="-6.753744129091501">
        <ele>1094.199951171875</ele>
      </trkpt>
      <trkpt lat="42.82851777970791" lon="-6.753754857927561">
        <ele>1094.199951171875</ele>
      </trkpt>
      <trkpt lat="42.828519539907575" lon="-6.753761395812035">
        <ele>1094.199951171875</ele>
      </trkpt>
      <trkpt lat="42.82851702533662" lon="-6.753764413297176">
        <ele>1094.199951171875</ele>
      </trkpt>
      <trkpt lat="42.828517612069845" lon="-6.7537767346948385">
        <ele>1094.199951171875</ele>
      </trkpt>
      <trkpt lat="42.82851652242243" lon="-6.753792325034738">
        <ele>1094.199951171875</ele>
      </trkpt>
      <trkpt lat="42.82851576805115" lon="-6.753802634775639">
        <ele>1094.199951171875</ele>
      </trkpt>
      <trkpt lat="42.8285148460418" lon="-6.75381294451654">
        <ele>1094.199951171875</ele>
      </trkpt>
      <trkpt lat="42.82851476222277" lon="-6.753821326419711">
        <ele>1094.199951171875</ele>
      </trkpt>
      <trkpt lat="42.82851627096534" lon="-6.75383104942739">
        <ele>1094.4000244140625</ele>
      </trkpt>
      <trkpt lat="42.828518617898226" lon="-6.753849321976304">
        <ele>1094.4000244140625</ele>
      </trkpt>
      <trkpt lat="42.82852238975465" lon="-6.753867343068123">
        <ele>1094.5999755859375</ele>
      </trkpt>
      <trkpt lat="42.828526832163334" lon="-6.753883771598339">
        <ele>1094.5999755859375</ele>
      </trkpt>
      <trkpt lat="42.828529262915254" lon="-6.753894500434399">
        <ele>1094.5999755859375</ele>
      </trkpt>
      <trkpt lat="42.82853303477168" lon="-6.753898439928889">
        <ele>1094.5999755859375</ele>
      </trkpt>
      <trkpt lat="42.82853605225682" lon="-6.753900367766619">
        <ele>1094.800048828125</ele>
      </trkpt>
      <trkpt lat="42.828536219894886" lon="-6.753897434100509">
        <ele>1094.800048828125</ele>
      </trkpt>
      <trkpt lat="42.82853697426617" lon="-6.753889136016369">
        <ele>1094.800048828125</ele>
      </trkpt>
      <trkpt lat="42.82854133285582" lon="-6.753889555111527">
        <ele>1094.800048828125</ele>
      </trkpt>
      <trkpt lat="42.82854015938938" lon="-6.753886621445417">
        <ele>1095</ele>
      </trkpt>
      <trkpt lat="42.82854091376066" lon="-6.753889303654432">
        <ele>1095.199951171875</ele>
      </trkpt>
      <trkpt lat="42.82854376360774" lon="-6.753892572596669">
        <ele>1095.4000244140625</ele>
      </trkpt>
      <trkpt lat="42.8285476192832" lon="-6.753892404958606">
        <ele>1095.4000244140625</ele>
      </trkpt>
      <trkpt lat="42.82855239696801" lon="-6.753892572596669">
        <ele>1095.4000244140625</ele>
      </trkpt>
      <trkpt lat="42.828553235158324" lon="-6.753896763548255">
        <ele>1095.4000244140625</ele>
      </trkpt>
      <trkpt lat="42.828553318977356" lon="-6.75389944575727">
        <ele>1095.4000244140625</ele>
      </trkpt>
      <trkpt lat="42.82855214551091" lon="-6.753905061632395">
        <ele>1095.199951171875</ele>
      </trkpt>
      <trkpt lat="42.82854896038771" lon="-6.753913862630725">
        <ele>1095.199951171875</ele>
      </trkpt>
      <trkpt lat="42.8285423386842" lon="-6.753928195685148">
        <ele>1095</ele>
      </trkpt>
      <trkpt lat="42.82853747718036" lon="-6.753938505426049">
        <ele>1095</ele>
      </trkpt>
      <trkpt lat="42.8285320289433" lon="-6.7539463844150305">
        <ele>1094.800048828125</ele>
      </trkpt>
      <trkpt lat="42.82853068783879" lon="-6.753947976976633">
        <ele>1094.5999755859375</ele>
      </trkpt>
      <trkpt lat="42.82853194512427" lon="-6.753947474062443">
        <ele>1094.5999755859375</ele>
      </trkpt>
      <trkpt lat="42.828532699495554" lon="-6.753948982805014">
        <ele>1094.5999755859375</ele>
      </trkpt>
      <trkpt lat="42.82853881828487" lon="-6.7539457976818085">
        <ele>1094.5999755859375</ele>
      </trkpt>
      <trkpt lat="42.82854116521776" lon="-6.753944708034396">
        <ele>1094.800048828125</ele>
      </trkpt>
      <trkpt lat="42.8285389021039" lon="-6.753946132957935">
        <ele>1095.199951171875</ele>
      </trkpt>
      <trkpt lat="42.828536219894886" lon="-6.753949066624045">
        <ele>1095.4000244140625</ele>
      </trkpt>
      <trkpt lat="42.82853596843779" lon="-6.7539481446146965">
        <ele>1095.5999755859375</ele>
      </trkpt>
      <trkpt lat="42.82853596843779" lon="-6.753945713862777">
        <ele>1095.800048828125</ele>
      </trkpt>
      <trkpt lat="42.828531777486205" lon="-6.753944791853428">
        <ele>1095.800048828125</ele>
      </trkpt>
      <trkpt lat="42.828526832163334" lon="-6.753945630043745">
        <ele>1095.800048828125</ele>
      </trkpt>
      <trkpt lat="42.828520042821765" lon="-6.753946132957935">
        <ele>1096</ele>
      </trkpt>
      <trkpt lat="42.828514678403735" lon="-6.75394881516695">
        <ele>1096</ele>
      </trkpt>
      <trkpt lat="42.82850990071893" lon="-6.753952754661441">
        <ele>1096</ele>
      </trkpt>
      <trkpt lat="42.82850721850991" lon="-6.75395761616528">
        <ele>1096</ele>
      </trkpt>
      <trkpt lat="42.828507302328944" lon="-6.753961639478803">
        <ele>1096</ele>
      </trkpt>
      <trkpt lat="42.82850914634764" lon="-6.753963148221374">
        <ele>1096</ele>
      </trkpt>
      <trkpt lat="42.82850763760507" lon="-6.753979241475463">
        <ele>1096</ele>
      </trkpt>
      <trkpt lat="42.82850520685315" lon="-6.753984605893493">
        <ele>1096</ele>
      </trkpt>
      <trkpt lat="42.82850302755833" lon="-6.753990054130554">
        <ele>1096</ele>
      </trkpt>
      <trkpt lat="42.828501937910914" lon="-6.75399374216795">
        <ele>1096.199951171875</ele>
      </trkpt>
      <trkpt lat="42.82850285992026" lon="-6.753990640863776">
        <ele>1096.199951171875</ele>
      </trkpt>
      <trkpt lat="42.82850068062544" lon="-6.75399080850184">
        <ele>1096.4000244140625</ele>
      </trkpt>
      <trkpt lat="42.82849598675966" lon="-6.753988042473793">
        <ele>1096.4000244140625</ele>
      </trkpt>
      <trkpt lat="42.82849154435098" lon="-6.753994328901172">
        <ele>1096.5999755859375</ele>
      </trkpt>
      <trkpt lat="42.828489784151316" lon="-6.753994161263108">
        <ele>1096.5999755859375</ele>
      </trkpt>
      <trkpt lat="42.828486850485206" lon="-6.75399667583406">
        <ele>1096.5999755859375</ele>
      </trkpt>
      <trkpt lat="42.828483330085874" lon="-6.753999777138233">
        <ele>1096.5999755859375</ele>
      </trkpt>
      <trkpt lat="42.82847620546818" lon="-6.75400354899466">
        <ele>1097.199951171875</ele>
      </trkpt>
      <trkpt lat="42.828476624563336" lon="-6.7540117632597685">
        <ele>1097.199951171875</ele>
      </trkpt>
      <trkpt lat="42.82847570255399" lon="-6.7540203128010035">
        <ele>1097.199951171875</ele>
      </trkpt>
      <trkpt lat="42.82847737893462" lon="-6.75402944907546">
        <ele>1097.4000244140625</ele>
      </trkpt>
      <trkpt lat="42.828478552401066" lon="-6.754032215103507">
        <ele>1097.4000244140625</ele>
      </trkpt>
      <trkpt lat="42.828481486067176" lon="-6.754034897312522">
        <ele>1097.4000244140625</ele>
      </trkpt>
      <trkpt lat="42.82848425209522" lon="-6.754040513187647">
        <ele>1097.4000244140625</ele>
      </trkpt>
      <trkpt lat="42.828487856313586" lon="-6.75404311157763">
        <ele>1097.5999755859375</ele>
      </trkpt>
      <trkpt lat="42.82849037088454" lon="-6.754042021930218">
        <ele>1097.5999755859375</ele>
      </trkpt>
      <trkpt lat="42.828493723645806" lon="-6.754042943939567">
        <ele>1097.5999755859375</ele>
      </trkpt>
      <trkpt lat="42.82849347218871" lon="-6.75404361449182">
        <ele>1097.5999755859375</ele>
      </trkpt>
      <trkpt lat="42.828496154397726" lon="-6.754046380519867">
        <ele>1097.5999755859375</ele>
      </trkpt>
      <trkpt lat="42.8284974116832" lon="-6.754045961424708">
        <ele>1097.5999755859375</ele>
      </trkpt>
      <trkpt lat="42.82850026153028" lon="-6.75404897890985">
        <ele>1097.4000244140625</ele>
      </trkpt>
      <trkpt lat="42.82849933952093" lon="-6.75404311157763">
        <ele>1097.199951171875</ele>
      </trkpt>
      <trkpt lat="42.828496657311916" lon="-6.754041938111186">
        <ele>1097.199951171875</ele>
      </trkpt>
      <trkpt lat="42.82849732786417" lon="-6.754047889262438">
        <ele>1097.199951171875</ele>
      </trkpt>
      <trkpt lat="42.828499507158995" lon="-6.754057528451085">
        <ele>1097.199951171875</ele>
      </trkpt>
      <trkpt lat="42.82850227318704" lon="-6.754060629755259">
        <ele>1097.199951171875</ele>
      </trkpt>
      <trkpt lat="42.828502440825105" lon="-6.754062809050083">
        <ele>1097.199951171875</ele>
      </trkpt>
      <trkpt lat="42.828501434996724" lon="-6.754067754372954">
        <ele>1097.4000244140625</ele>
      </trkpt>
      <trkpt lat="42.82849883660674" lon="-6.754072783514857">
        <ele>1097.4000244140625</ele>
      </trkpt>
      <trkpt lat="42.8284976631403" lon="-6.75408074632287">
        <ele>1097.4000244140625</ele>
      </trkpt>
      <trkpt lat="42.82849648967385" lon="-6.754082925617695">
        <ele>1097.4000244140625</ele>
      </trkpt>
      <trkpt lat="42.82849523238838" lon="-6.754085775464773">
        <ele>1097.4000244140625</ele>
      </trkpt>
      <trkpt lat="42.82849439419806" lon="-6.754094660282135">
        <ele>1097.4000244140625</ele>
      </trkpt>
      <trkpt lat="42.828493136912584" lon="-6.7540977615863085">
        <ele>1097.4000244140625</ele>
      </trkpt>
      <trkpt lat="42.82849305309355" lon="-6.7540971748530865">
        <ele>1097.5999755859375</ele>
      </trkpt>
      <trkpt lat="42.82849405892193" lon="-6.754095247015357">
        <ele>1097.5999755859375</ele>
      </trkpt>
      <trkpt lat="42.82849062234163" lon="-6.754094492644072">
        <ele>1097.5999755859375</ele>
      </trkpt>
      <trkpt lat="42.82849255017936" lon="-6.754099354147911">
        <ele>1097.5999755859375</ele>
      </trkpt>
      <trkpt lat="42.828489700332284" lon="-6.754103461280465">
        <ele>1097.5999755859375</ele>
      </trkpt>
      <trkpt lat="42.8284852579236" lon="-6.7541098315268755">
        <ele>1097.5999755859375</ele>
      </trkpt>
      <trkpt lat="42.82848106697202" lon="-6.7541115917265415">
        <ele>1097.800048828125</ele>
      </trkpt>
      <trkpt lat="42.8284767922014" lon="-6.754115950316191">
        <ele>1097.800048828125</ele>
      </trkpt>
      <trkpt lat="42.82847343944013" lon="-6.754123996943235">
        <ele>1098</ele>
      </trkpt>
      <trkpt lat="42.82847000285983" lon="-6.75413548015058">
        <ele>1098</ele>
      </trkpt>
      <trkpt lat="42.828467823565006" lon="-6.7541454546153545">
        <ele>1098.4000244140625</ele>
      </trkpt>
      <trkpt lat="42.82846597954631" lon="-6.754158111289144">
        <ele>1098.4000244140625</ele>
      </trkpt>
      <trkpt lat="42.82846497371793" lon="-6.754167499020696">
        <ele>1098.5999755859375</ele>
      </trkpt>
      <trkpt lat="42.82846572808921" lon="-6.754173533990979">
        <ele>1098.5999755859375</ele>
      </trkpt>
      <trkpt lat="42.82846899703145" lon="-6.754181077703834">
        <ele>1098.800048828125</ele>
      </trkpt>
      <trkpt lat="42.828472098335624" lon="-6.754188537597656">
        <ele>1099</ele>
      </trkpt>
      <trkpt lat="42.82847486436367" lon="-6.754195662215352">
        <ele>1099</ele>
      </trkpt>
      <trkpt lat="42.82847729511559" lon="-6.75420043990016">
        <ele>1099.199951171875</ele>
      </trkpt>
      <trkpt lat="42.828478049486876" lon="-6.754213180392981">
        <ele>1099.199951171875</ele>
      </trkpt>
      <trkpt lat="42.828476624563336" lon="-6.754224244505167">
        <ele>1099.199951171875</ele>
      </trkpt>
      <trkpt lat="42.82847620546818" lon="-6.754229608923197">
        <ele>1099.199951171875</ele>
      </trkpt>
      <trkpt lat="42.82847687602043" lon="-6.754234135150909">
        <ele>1099.199951171875</ele>
      </trkpt>
      <trkpt lat="42.82847226597369" lon="-6.75424637272954">
        <ele>1099.199951171875</ele>
      </trkpt>
      <trkpt lat="42.82847084105015" lon="-6.754250647500157">
        <ele>1099.4000244140625</ele>
      </trkpt>
      <trkpt lat="42.82846254296601" lon="-6.754259197041392">
        <ele>1099.4000244140625</ele>
      </trkpt>
      <trkpt lat="42.82846111804247" lon="-6.754262801259756">
        <ele>1099.5999755859375</ele>
      </trkpt>
      <trkpt lat="42.82845340669155" lon="-6.754268249496818">
        <ele>1099.800048828125</ele>
      </trkpt>
      <trkpt lat="42.82844410277903" lon="-6.754268249496818">
        <ele>1099.800048828125</ele>
      </trkpt>
      <trkpt lat="42.8284371457994" lon="-6.754270261153579">
        <ele>1100</ele>
      </trkpt>
      <trkpt lat="42.828430105000734" lon="-6.754276715219021">
        <ele>1100.199951171875</ele>
      </trkpt>
      <trkpt lat="42.82842247746885" lon="-6.754280151799321">
        <ele>1100.5999755859375</ele>
      </trkpt>
      <trkpt lat="42.82841635867953" lon="-6.75428400747478">
        <ele>1100.5999755859375</ele>
      </trkpt>
      <trkpt lat="42.82840847969055" lon="-6.754290880635381">
        <ele>1100.5999755859375</ele>
      </trkpt>
      <trkpt lat="42.828403282910585" lon="-6.754294149577618">
        <ele>1100.800048828125</ele>
      </trkpt>
      <trkpt lat="42.82839708030224" lon="-6.754297167062759">
        <ele>1101</ele>
      </trkpt>
      <trkpt lat="42.828390039503574" lon="-6.7543036211282015">
        <ele>1101.199951171875</ele>
      </trkpt>
      <trkpt lat="42.82838643528521" lon="-6.754309488460422">
        <ele>1101.4000244140625</ele>
      </trkpt>
      <trkpt lat="42.82838450744748" lon="-6.754321223124862">
        <ele>1101.5999755859375</ele>
      </trkpt>
      <trkpt lat="42.828383166342974" lon="-6.7543363105505705">
        <ele>1102</ele>
      </trkpt>
      <trkpt lat="42.828380316495895" lon="-6.754342513158917">
        <ele>1102</ele>
      </trkpt>
      <trkpt lat="42.828379813581705" lon="-6.754349637776613">
        <ele>1102.199951171875</ele>
      </trkpt>
      <trkpt lat="42.828383250162005" lon="-6.754360785707831">
        <ele>1102.199951171875</ele>
      </trkpt>
      <trkpt lat="42.82838727347553" lon="-6.7543678265064955">
        <ele>1102.4000244140625</ele>
      </trkpt>
      <trkpt lat="42.828388614580035" lon="-6.754369921982288">
        <ele>1102.199951171875</ele>
      </trkpt>
      <trkpt lat="42.82839087769389" lon="-6.754373526200652">
        <ele>1102.199951171875</ele>
      </trkpt>
      <trkpt lat="42.828392051160336" lon="-6.7543769627809525">
        <ele>1102.199951171875</ele>
      </trkpt>
      <trkpt lat="42.82839087769389" lon="-6.754382997751236">
        <ele>1102.199951171875</ele>
      </trkpt>
      <trkpt lat="42.82838920131326" lon="-6.754386685788631">
        <ele>1102.199951171875</ele>
      </trkpt>
      <trkpt lat="42.82838786020875" lon="-6.7543913796544075">
        <ele>1102.199951171875</ele>
      </trkpt>
      <trkpt lat="42.82838400453329" lon="-6.754388278350234">
        <ele>1102.199951171875</ele>
      </trkpt>
      <trkpt lat="42.82838584855199" lon="-6.754398252815008">
        <ele>1102.199951171875</ele>
      </trkpt>
      <trkpt lat="42.82838584855199" lon="-6.754407305270433">
        <ele>1102.199951171875</ele>
      </trkpt>
      <trkpt lat="42.828383250162005" lon="-6.7544040363281965">
        <ele>1102.199951171875</ele>
      </trkpt>
      <trkpt lat="42.82838358543813" lon="-6.754402108490467">
        <ele>1102.199951171875</ele>
      </trkpt>
      <trkpt lat="42.828384255990386" lon="-6.754401940852404">
        <ele>1102.199951171875</ele>
      </trkpt>
      <trkpt lat="42.82838459126651" lon="-6.754405293613672">
        <ele>1102.4000244140625</ele>
      </trkpt>
      <trkpt lat="42.82838433980942" lon="-6.754408394917846">
        <ele>1102.4000244140625</ele>
      </trkpt>
      <trkpt lat="42.828384255990386" lon="-6.754413424059749">
        <ele>1102.5999755859375</ele>
      </trkpt>
      <trkpt lat="42.82838501036167" lon="-6.754418788477778">
        <ele>1102.800048828125</ele>
      </trkpt>
      <trkpt lat="42.82838291488588" lon="-6.754425745457411">
        <ele>1102.5999755859375</ele>
      </trkpt>
      <trkpt lat="42.82837805338204" lon="-6.754436055198312">
        <ele>1102.800048828125</ele>
      </trkpt>
      <trkpt lat="42.82837285660207" lon="-6.754445945844054">
        <ele>1102.800048828125</ele>
      </trkpt>
      <trkpt lat="42.82836439087987" lon="-6.754457093775272">
        <ele>1102.800048828125</ele>
      </trkpt>
      <trkpt lat="42.82835667952895" lon="-6.754466649144888">
        <ele>1102.800048828125</ele>
      </trkpt>
      <trkpt lat="42.82834829762578" lon="-6.754473438486457">
        <ele>1102.800048828125</ele>
      </trkpt>
      <trkpt lat="42.828342178836465" lon="-6.754482574760914">
        <ele>1103</ele>
      </trkpt>
      <trkpt lat="42.82833614386618" lon="-6.754493387416005">
        <ele>1103.199951171875</ele>
      </trkpt>
      <trkpt lat="42.82832868397236" lon="-6.7545077204704285">
        <ele>1103.4000244140625</ele>
      </trkpt>
      <trkpt lat="42.828323068097234" lon="-6.754524651914835">
        <ele>1103.4000244140625</ele>
      </trkpt>
      <trkpt lat="42.82831837423146" lon="-6.754537643864751">
        <ele>1103.5999755859375</ele>
      </trkpt>
      <trkpt lat="42.82831259071827" lon="-6.7545513063669205">
        <ele>1103.800048828125</ele>
      </trkpt>
      <trkpt lat="42.82830613665283" lon="-6.75456253811717">
        <ele>1103.800048828125</ele>
      </trkpt>
      <trkpt lat="42.828298257663846" lon="-6.754574691876769">
        <ele>1104</ele>
      </trkpt>
      <trkpt lat="42.82829264178872" lon="-6.754579804837704">
        <ele>1104</ele>
      </trkpt>
      <trkpt lat="42.828285433351994" lon="-6.75458743236959">
        <ele>1104</ele>
      </trkpt>
      <trkpt lat="42.82827747054398" lon="-6.75459916703403">
        <ele>1104.199951171875</ele>
      </trkpt>
      <trkpt lat="42.82827193848789" lon="-6.754607800394297">
        <ele>1104.199951171875</ele>
      </trkpt>
      <trkpt lat="42.8282677475363" lon="-6.754614505916834">
        <ele>1104.4000244140625</ele>
      </trkpt>
      <trkpt lat="42.82826464623213" lon="-6.754620457068086">
        <ele>1104.4000244140625</ele>
      </trkpt>
      <trkpt lat="42.828262969851494" lon="-6.754622468724847">
        <ele>1104.4000244140625</ele>
      </trkpt>
      <trkpt lat="42.82826037146151" lon="-6.754625737667084">
        <ele>1104.4000244140625</ele>
      </trkpt>
      <trkpt lat="42.828256180509925" lon="-6.7546293418854475">
        <ele>1104.4000244140625</ele>
      </trkpt>
      <trkpt lat="42.828248888254166" lon="-6.754634957760572">
        <ele>1104.5999755859375</ele>
      </trkpt>
      <trkpt lat="42.82824142836034" lon="-6.754643674939871">
        <ele>1105</ele>
      </trkpt>
      <trkpt lat="42.82823455519974" lon="-6.754652056843042">
        <ele>1105</ele>
      </trkpt>
      <trkpt lat="42.828229945153" lon="-6.754657588899136">
        <ele>1105</ele>
      </trkpt>
      <trkpt lat="42.82822751440108" lon="-6.75465976819396">
        <ele>1105.199951171875</ele>
      </trkpt>
      <trkpt lat="42.82822776585817" lon="-6.754656415432692">
        <ele>1105.199951171875</ele>
      </trkpt>
      <trkpt lat="42.82822374254465" lon="-6.754662785679102">
        <ele>1105</ele>
      </trkpt>
      <trkpt lat="42.82822567038238" lon="-6.754668317735195">
        <ele>1105</ele>
      </trkpt>
      <trkpt lat="42.82822617329657" lon="-6.754677118733525">
        <ele>1105</ele>
      </trkpt>
      <trkpt lat="42.828225921839476" lon="-6.7546844109892845">
        <ele>1105</ele>
      </trkpt>
      <trkpt lat="42.828222988173366" lon="-6.754696983844042">
        <ele>1105.199951171875</ele>
      </trkpt>
      <trkpt lat="42.828219970688224" lon="-6.754707293584943">
        <ele>1105.199951171875</ele>
      </trkpt>
      <trkpt lat="42.82821494154632" lon="-6.75471693277359">
        <ele>1105.199951171875</ele>
      </trkpt>
      <trkpt lat="42.82820764929056" lon="-6.754727745428681">
        <ele>1105.4000244140625</ele>
      </trkpt>
      <trkpt lat="42.82820605672896" lon="-6.754731684923172">
        <ele>1105.5999755859375</ele>
      </trkpt>
      <trkpt lat="42.82820136286318" lon="-6.7547406535595655">
        <ele>1105.800048828125</ele>
      </trkpt>
      <trkpt lat="42.82819616608322" lon="-6.75475649535656">
        <ele>1105.800048828125</ele>
      </trkpt>
      <trkpt lat="42.82819231040776" lon="-6.7547698225826025">
        <ele>1106</ele>
      </trkpt>
      <trkpt lat="42.82818996347487" lon="-6.754780216142535">
        <ele>1106.199951171875</ele>
      </trkpt>
      <trkpt lat="42.82818694598973" lon="-6.754789017140865">
        <ele>1106.199951171875</ele>
      </trkpt>
      <trkpt lat="42.828182922676206" lon="-6.754799075424671">
        <ele>1106.199951171875</ele>
      </trkpt>
      <trkpt lat="42.82817915081978" lon="-6.754815336316824">
        <ele>1106.5999755859375</ele>
      </trkpt>
      <trkpt lat="42.82817546278238" lon="-6.75482640042901">
        <ele>1106.5999755859375</ele>
      </trkpt>
      <trkpt lat="42.82816951163113" lon="-6.754835871979594">
        <ele>1106.800048828125</ele>
      </trkpt>
      <trkpt lat="42.82816297374666" lon="-6.754844840615988">
        <ele>1106.800048828125</ele>
      </trkpt>
      <trkpt lat="42.82816004008055" lon="-6.754851378500462">
        <ele>1106.800048828125</ele>
      </trkpt>
      <trkpt lat="42.82815685495734" lon="-6.754861688241363">
        <ele>1107</ele>
      </trkpt>
      <trkpt lat="42.82815467566252" lon="-6.7548690643161535">
        <ele>1107.199951171875</ele>
      </trkpt>
      <trkpt lat="42.828152161091566" lon="-6.7548770271241665">
        <ele>1107.4000244140625</ele>
      </trkpt>
      <trkpt lat="42.82814989797771" lon="-6.754887420684099">
        <ele>1107.5999755859375</ele>
      </trkpt>
      <trkpt lat="42.82814797013998" lon="-6.754895467311144">
        <ele>1107.5999755859375</ele>
      </trkpt>
      <trkpt lat="42.828145287930965" lon="-6.754902089014649">
        <ele>1107.800048828125</ele>
      </trkpt>
      <trkpt lat="42.82814444974065" lon="-6.754905860871077">
        <ele>1108</ele>
      </trkpt>
      <trkpt lat="42.82814403064549" lon="-6.754909800365567">
        <ele>1108</ele>
      </trkpt>
      <trkpt lat="42.828142857179046" lon="-6.754917344078422">
        <ele>1108.199951171875</ele>
      </trkpt>
      <trkpt lat="42.828140845522285" lon="-6.7549217864871025">
        <ele>1108.4000244140625</ele>
      </trkpt>
      <trkpt lat="42.8281416837126" lon="-6.754926983267069">
        <ele>1108.5999755859375</ele>
      </trkpt>
      <trkpt lat="42.82814444974065" lon="-6.75493243150413">
        <ele>1108.800048828125</ele>
      </trkpt>
      <trkpt lat="42.8281435277313" lon="-6.7549350298941135">
        <ele>1108.800048828125</ele>
      </trkpt>
      <trkpt lat="42.82814243808389" lon="-6.754934778437018">
        <ele>1108.800048828125</ele>
      </trkpt>
      <trkpt lat="42.82814076170325" lon="-6.75493729300797">
        <ele>1109</ele>
      </trkpt>
      <trkpt lat="42.82813925296068" lon="-6.754938047379255">
        <ele>1109</ele>
      </trkpt>
      <trkpt lat="42.82813816331327" lon="-6.754941986873746">
        <ele>1109</ele>
      </trkpt>
      <trkpt lat="42.82813606783748" lon="-6.754945255815983">
        <ele>1109</ele>
      </trkpt>
      <trkpt lat="42.82813715748489" lon="-6.754947602748871">
        <ele>1109.199951171875</ele>
      </trkpt>
      <trkpt lat="42.82813807949424" lon="-6.754953470081091">
        <ele>1109.4000244140625</ele>
      </trkpt>
      <trkpt lat="42.82813590019941" lon="-6.754957912489772">
        <ele>1109.5999755859375</ele>
      </trkpt>
      <trkpt lat="42.828134559094906" lon="-6.754964115098119">
        <ele>1109.800048828125</ele>
      </trkpt>
      <trkpt lat="42.828135984018445" lon="-6.754963109269738">
        <ele>1109.800048828125</ele>
      </trkpt>
      <trkpt lat="42.82813363708556" lon="-6.754969982430339">
        <ele>1110</ele>
      </trkpt>
      <trkpt lat="42.82813078723848" lon="-6.754973670467734">
        <ele>1110.199951171875</ele>
      </trkpt>
      <trkpt lat="42.82812760211527" lon="-6.754978112876415">
        <ele>1110.199951171875</ele>
      </trkpt>
      <trkpt lat="42.82812341116369" lon="-6.754985740408301">
        <ele>1110.199951171875</ele>
      </trkpt>
      <trkpt lat="42.828127183020115" lon="-6.754986075684428">
        <ele>1110.4000244140625</ele>
      </trkpt>
      <trkpt lat="42.82812776975334" lon="-6.754981381818652">
        <ele>1110.199951171875</ele>
      </trkpt>
      <trkpt lat="42.82812433317304" lon="-6.75498909316957">
        <ele>1110.199951171875</ele>
      </trkpt>
      <trkpt lat="42.82812114804983" lon="-6.754990350455046">
        <ele>1110.199951171875</ele>
      </trkpt>
      <trkpt lat="42.82811536453664" lon="-6.754997810348868">
        <ele>1110.4000244140625</ele>
      </trkpt>
      <trkpt lat="42.82811117358506" lon="-6.755003845319152">
        <ele>1110.4000244140625</ele>
      </trkpt>
      <trkpt lat="42.82810723409057" lon="-6.755012897774577">
        <ele>1110.199951171875</ele>
      </trkpt>
      <trkpt lat="42.82810413278639" lon="-6.75501742400229">
        <ele>1110.199951171875</ele>
      </trkpt>
      <trkpt lat="42.828102204948664" lon="-6.75502278842032">
        <ele>1110.199951171875</ele>
      </trkpt>
      <trkpt lat="42.82809717580676" lon="-6.755028823390603">
        <ele>1110.199951171875</ele>
      </trkpt>
      <trkpt lat="42.82809583470225" lon="-6.755031505599618">
        <ele>1110.199951171875</ele>
      </trkpt>
      <trkpt lat="42.82809566706419" lon="-6.755030415952206">
        <ele>1110.199951171875</ele>
      </trkpt>
      <trkpt lat="42.82809759490192" lon="-6.7550375405699015">
        <ele>1109.800048828125</ele>
      </trkpt>
      <trkpt lat="42.82809323631227" lon="-6.7550410609692335">
        <ele>1109.5999755859375</ele>
      </trkpt>
      <trkpt lat="42.82809189520776" lon="-6.75504332408309">
        <ele>1109.4000244140625</ele>
      </trkpt>
      <trkpt lat="42.82808770425618" lon="-6.75504432991147">
        <ele>1109.4000244140625</ele>
      </trkpt>
      <trkpt lat="42.82808351330459" lon="-6.755053885281086">
        <ele>1109.4000244140625</ele>
      </trkpt>
      <trkpt lat="42.82807940617204" lon="-6.75506042316556">
        <ele>1109.4000244140625</ele>
      </trkpt>
      <trkpt lat="42.8280742932111" lon="-6.7550687212497">
        <ele>1109.4000244140625</ele>
      </trkpt>
      <trkpt lat="42.82807018607855" lon="-6.755072996020317">
        <ele>1109.4000244140625</ele>
      </trkpt>
      <trkpt lat="42.82806876115501" lon="-6.755077019333839">
        <ele>1109.5999755859375</ele>
      </trkpt>
      <trkpt lat="42.828074879944324" lon="-6.755081294104457">
        <ele>1109.5999755859375</ele>
      </trkpt>
      <trkpt lat="42.8280727006495" lon="-6.755083808675408">
        <ele>1109.800048828125</ele>
      </trkpt>
      <trkpt lat="42.828066665679216" lon="-6.755087748169899">
        <ele>1109.800048828125</ele>
      </trkpt>
      <trkpt lat="42.82806783914566" lon="-6.75508975982666">
        <ele>1109.800048828125</ele>
      </trkpt>
      <trkpt lat="42.82806976698339" lon="-6.755088334903121">
        <ele>1110</ele>
      </trkpt>
      <trkpt lat="42.82806624658406" lon="-6.755089424550533">
        <ele>1110</ele>
      </trkpt>
      <trkpt lat="42.828062642365694" lon="-6.755090765655041">
        <ele>1110</ele>
      </trkpt>
      <trkpt lat="42.828060211613774" lon="-6.755087077617645">
        <ele>1110</ele>
      </trkpt>
      <trkpt lat="42.828056272119284" lon="-6.7550869937986135">
        <ele>1110</ele>
      </trkpt>
      <trkpt lat="42.82805082388222" lon="-6.755086574703455">
        <ele>1110</ele>
      </trkpt>
      <trkpt lat="42.82804579474032" lon="-6.75508925691247">
        <ele>1110</ele>
      </trkpt>
      <trkpt lat="42.82804286107421" lon="-6.755092274397612">
        <ele>1110</ele>
      </trkpt>
      <trkpt lat="42.82803749665618" lon="-6.755101075395942">
        <ele>1110</ele>
      </trkpt>
      <trkpt lat="42.82803473062813" lon="-6.755103589966893">
        <ele>1110</ele>
      </trkpt>
      <trkpt lat="42.828033892437816" lon="-6.755103170871735">
        <ele>1110</ele>
      </trkpt>
      <trkpt lat="42.82803263515234" lon="-6.75510635599494">
        <ele>1110</ele>
      </trkpt>
      <trkpt lat="42.828031461685896" lon="-6.75510685890913">
        <ele>1110.199951171875</ele>
      </trkpt>
      <trkpt lat="42.82802978530526" lon="-6.755109876394272">
        <ele>1110.199951171875</ele>
      </trkpt>
      <trkpt lat="42.82802643254399" lon="-6.755112810060382">
        <ele>1110.199951171875</ele>
      </trkpt>
      <trkpt lat="42.82802148722112" lon="-6.755117503926158">
        <ele>1110.199951171875</ele>
      </trkpt>
      <trkpt lat="42.82801830209792" lon="-6.755118845030665">
        <ele>1110.199951171875</ele>
      </trkpt>
      <trkpt lat="42.828016206622124" lon="-6.755117503926158">
        <ele>1110.199951171875</ele>
      </trkpt>
      <trkpt lat="42.82801511697471" lon="-6.755120689049363">
        <ele>1110.199951171875</ele>
      </trkpt>
      <trkpt lat="42.8280140273273" lon="-6.755122449249029">
        <ele>1110.199951171875</ele>
      </trkpt>
      <trkpt lat="42.8280124347657" lon="-6.7551258858293295">
        <ele>1110.199951171875</ele>
      </trkpt>
      <trkpt lat="42.82801126129925" lon="-6.755129573866725">
        <ele>1110.199951171875</ele>
      </trkpt>
      <trkpt lat="42.82800832763314" lon="-6.755137201398611">
        <ele>1110.199951171875</ele>
      </trkpt>
      <trkpt lat="42.82800774089992" lon="-6.755139632150531">
        <ele>1110.199951171875</ele>
      </trkpt>
      <trkpt lat="42.828008411452174" lon="-6.755144912749529">
        <ele>1110.4000244140625</ele>
      </trkpt>
      <trkpt lat="42.82800489105284" lon="-6.755146756768227">
        <ele>1110.5999755859375</ele>
      </trkpt>
      <trkpt lat="42.82800438813865" lon="-6.755149606615305">
        <ele>1111</ele>
      </trkpt>
      <trkpt lat="42.82800120301545" lon="-6.755153881385922">
        <ele>1111</ele>
      </trkpt>
      <trkpt lat="42.8279968444258" lon="-6.755155390128493">
        <ele>1111</ele>
      </trkpt>
      <trkpt lat="42.82799240201712" lon="-6.755158323794603">
        <ele>1111</ele>
      </trkpt>
      <trkpt lat="42.82799148000777" lon="-6.755155473947525">
        <ele>1110.800048828125</ele>
      </trkpt>
      <trkpt lat="42.827992821112275" lon="-6.75514935515821">
        <ele>1110.5999755859375</ele>
      </trkpt>
      <trkpt lat="42.82799240201712" lon="-6.755150947719812">
        <ele>1110.5999755859375</ele>
      </trkpt>
      <trkpt lat="42.8279931563884" lon="-6.755156395956874">
        <ele>1110.5999755859375</ele>
      </trkpt>
      <trkpt lat="42.82798770815134" lon="-6.755170142278075">
        <ele>1110.5999755859375</ele>
      </trkpt>
      <trkpt lat="42.82798619940877" lon="-6.755173075944185">
        <ele>1110.5999755859375</ele>
      </trkpt>
      <trkpt lat="42.8279862832278" lon="-6.755173746496439">
        <ele>1110.5999755859375</ele>
      </trkpt>
      <trkpt lat="42.827985947951674" lon="-6.755174333229661">
        <ele>1110.5999755859375</ele>
      </trkpt>
      <trkpt lat="42.82798636704683" lon="-6.755174584686756">
        <ele>1110.800048828125</ele>
      </trkpt>
      <trkpt lat="42.82798611558974" lon="-6.755174584686756">
        <ele>1110.800048828125</ele>
      </trkpt>
      <trkpt lat="42.82798611558974" lon="-6.755174500867724">
        <ele>1111</ele>
      </trkpt>
      <trkpt lat="42.82798712141812" lon="-6.755173997953534">
        <ele>1111</ele>
      </trkpt>
      <trkpt lat="42.82798670232296" lon="-6.75518112257123">
        <ele>1111</ele>
      </trkpt>
      <trkpt lat="42.82798318192363" lon="-6.755184391513467">
        <ele>1111</ele>
      </trkpt>
      <trkpt lat="42.82797312363982" lon="-6.755205597728491">
        <ele>1111.199951171875</ele>
      </trkpt>
      <trkpt lat="42.8279794100672" lon="-6.755194449797273">
        <ele>1111.199951171875</ele>
      </trkpt>
      <trkpt lat="42.82797312363982" lon="-6.755205597728491">
        <ele>1111.199951171875</ele>
      </trkpt>
      <trkpt lat="42.82798049971461" lon="-6.755196964368224">
        <ele>1111.199951171875</ele>
      </trkpt>
      <trkpt lat="42.827979158610106" lon="-6.755199646577239">
        <ele>1111.199951171875</ele>
      </trkpt>
      <trkpt lat="42.82797312363982" lon="-6.755205597728491">
        <ele>1111.199951171875</ele>
      </trkpt>
      <trkpt lat="42.82797312363982" lon="-6.755205597728491">
        <ele>1111.199951171875</ele>
      </trkpt>
      <trkpt lat="42.82797312363982" lon="-6.755205597728491">
        <ele>1111.199951171875</ele>
      </trkpt>
      <trkpt lat="42.82797312363982" lon="-6.755205597728491">
        <ele>1111.199951171875</ele>
      </trkpt>
      <trkpt lat="42.82797312363982" lon="-6.755205597728491">
        <ele>1111.4000244140625</ele>
      </trkpt>
      <trkpt lat="42.82797303982079" lon="-6.755208112299442">
        <ele>1111.4000244140625</ele>
      </trkpt>
      <trkpt lat="42.827976224943995" lon="-6.755210543051362">
        <ele>1111.4000244140625</ele>
      </trkpt>
      <trkpt lat="42.8279741294682" lon="-6.755208279937506">
        <ele>1111.4000244140625</ele>
      </trkpt>
      <trkpt lat="42.827972285449505" lon="-6.755216158926487">
        <ele>1111.4000244140625</ele>
      </trkpt>
      <trkpt lat="42.82797345891595" lon="-6.755217248573899">
        <ele>1111.4000244140625</ele>
      </trkpt>
      <trkpt lat="42.827957617118955" lon="-6.755222026258707">
        <ele>1111.4000244140625</ele>
      </trkpt>
      <trkpt lat="42.827957617118955" lon="-6.755222026258707">
        <ele>1111.4000244140625</ele>
      </trkpt>
      <trkpt lat="42.827957617118955" lon="-6.755222026258707">
        <ele>1111.5999755859375</ele>
      </trkpt>
      <trkpt lat="42.827964406460524" lon="-6.755222529172897">
        <ele>1111.5999755859375</ele>
      </trkpt>
      <trkpt lat="42.82796239480376" lon="-6.7552233673632145">
        <ele>1111.5999755859375</ele>
      </trkpt>
      <trkpt lat="42.827957617118955" lon="-6.755222026258707">
        <ele>1111.5999755859375</ele>
      </trkpt>
      <trkpt lat="42.827957617118955" lon="-6.755222026258707">
        <ele>1111.5999755859375</ele>
      </trkpt>
      <trkpt lat="42.82795786857605" lon="-6.755220517516136">
        <ele>1111.800048828125</ele>
      </trkpt>
      <trkpt lat="42.827957617118955" lon="-6.755222026258707">
        <ele>1111.800048828125</ele>
      </trkpt>
      <trkpt lat="42.827955186367035" lon="-6.755223283544183">
        <ele>1111.800048828125</ele>
      </trkpt>
      <trkpt lat="42.827955102548" lon="-6.755224876105785">
        <ele>1111.800048828125</ele>
      </trkpt>
      <trkpt lat="42.82795703038573" lon="-6.75522998906672">
        <ele>1112</ele>
      </trkpt>
      <trkpt lat="42.82795736566186" lon="-6.755227893590927">
        <ele>1111.800048828125</ele>
      </trkpt>
      <trkpt lat="42.82795585691929" lon="-6.75523049198091">
        <ele>1111.800048828125</ele>
      </trkpt>
      <trkpt lat="42.82795451581478" lon="-6.755233760923147">
        <ele>1111.800048828125</ele>
      </trkpt>
      <trkpt lat="42.82795527018607" lon="-6.755236526951194">
        <ele>1111.800048828125</ele>
      </trkpt>
      <trkpt lat="42.82795552164316" lon="-6.75523879006505">
        <ele>1111.800048828125</ele>
      </trkpt>
      <trkpt lat="42.82795560546219" lon="-6.755241807550192">
        <ele>1111.800048828125</ele>
      </trkpt>
      <trkpt lat="42.82795652747154" lon="-6.755242981016636">
        <ele>1111.800048828125</ele>
      </trkpt>
      <trkpt lat="42.82795635983348" lon="-6.755244405940175">
        <ele>1111.800048828125</ele>
      </trkpt>
      <trkpt lat="42.82795309089124" lon="-6.755246417596936">
        <ele>1112</ele>
      </trkpt>
      <trkpt lat="42.827951833605766" lon="-6.755247842520475">
        <ele>1112</ele>
      </trkpt>
      <trkpt lat="42.8279516659677" lon="-6.755248010158539">
        <ele>1112</ele>
      </trkpt>
      <trkpt lat="42.82794957049191" lon="-6.755250357091427">
        <ele>1112</ele>
      </trkpt>
      <trkpt lat="42.82794521190226" lon="-6.755257481709123">
        <ele>1112</ele>
      </trkpt>
      <trkpt lat="42.82794361934066" lon="-6.755260834470391">
        <ele>1112.199951171875</ele>
      </trkpt>
      <trkpt lat="42.8279413562268" lon="-6.755266031250358">
        <ele>1112.199951171875</ele>
      </trkpt>
      <trkpt lat="42.827939009293914" lon="-6.75527005456388">
        <ele>1112.199951171875</ele>
      </trkpt>
      <trkpt lat="42.82793934457004" lon="-6.75526955164969">
        <ele>1112.199951171875</ele>
      </trkpt>
      <trkpt lat="42.82793741673231" lon="-6.755270808935165">
        <ele>1112.4000244140625</ele>
      </trkpt>
      <trkpt lat="42.82793163321912" lon="-6.755274496972561">
        <ele>1112.4000244140625</ele>
      </trkpt>
      <trkpt lat="42.82792710699141" lon="-6.755283968523145">
        <ele>1112.4000244140625</ele>
      </trkpt>
      <trkpt lat="42.82792752608657" lon="-6.755290338769555">
        <ele>1112.4000244140625</ele>
      </trkpt>
      <trkpt lat="42.827924927696586" lon="-6.755295870825648">
        <ele>1112.5999755859375</ele>
      </trkpt>
      <trkpt lat="42.827922916039824" lon="-6.755301570519805">
        <ele>1112.800048828125</ele>
      </trkpt>
      <trkpt lat="42.827925430610776" lon="-6.755303665995598">
        <ele>1113</ele>
      </trkpt>
      <trkpt lat="42.82792023383081" lon="-6.755310371518135">
        <ele>1113.199951171875</ele>
      </trkpt>
      <trkpt lat="42.82791595906019" lon="-6.755315568298101">
        <ele>1113.4000244140625</ele>
      </trkpt>
      <trkpt lat="42.8279120195657" lon="-6.755320597440004">
        <ele>1113.5999755859375</ele>
      </trkpt>
      <trkpt lat="42.82790740951896" lon="-6.755323950201273">
        <ele>1113.800048828125</ele>
      </trkpt>
      <trkpt lat="42.82790204510093" lon="-6.755329901352525">
        <ele>1114</ele>
      </trkpt>
      <trkpt lat="42.8279001172632" lon="-6.7553335055708885">
        <ele>1114</ele>
      </trkpt>
      <trkpt lat="42.827897099778056" lon="-6.755336690694094">
        <ele>1114</ele>
      </trkpt>
      <trkpt lat="42.82788896933198" lon="-6.755345826968551">
        <ele>1114.199951171875</ele>
      </trkpt>
      <trkpt lat="42.82788712531328" lon="-6.755350520834327">
        <ele>1114.4000244140625</ele>
      </trkpt>
      <trkpt lat="42.82788167707622" lon="-6.755358567461371">
        <ele>1114.5999755859375</ele>
      </trkpt>
      <trkpt lat="42.82787966541946" lon="-6.755363009870052">
        <ele>1114.5999755859375</ele>
      </trkpt>
      <trkpt lat="42.82787715084851" lon="-6.755365524441004">
        <ele>1114.800048828125</ele>
      </trkpt>
      <trkpt lat="42.82786927185953" lon="-6.75537365488708">
        <ele>1115</ele>
      </trkpt>
      <trkpt lat="42.8278639074415" lon="-6.755380444228649">
        <ele>1115.199951171875</ele>
      </trkpt>
      <trkpt lat="42.827858459204435" lon="-6.755383964627981">
        <ele>1115.4000244140625</ele>
      </trkpt>
      <trkpt lat="42.8278517536819" lon="-6.755389412865043">
        <ele>1115.4000244140625</ele>
      </trkpt>
      <trkpt lat="42.82784974202514" lon="-6.755392430350184">
        <ele>1115.4000244140625</ele>
      </trkpt>
      <trkpt lat="42.82785284332931" lon="-6.755392095074058">
        <ele>1115.5999755859375</ele>
      </trkpt>
      <trkpt lat="42.827853597700596" lon="-6.755394274368882">
        <ele>1115.5999755859375</ele>
      </trkpt>
      <trkpt lat="42.82784856855869" lon="-6.755396872758865">
        <ele>1115.800048828125</ele>
      </trkpt>
      <trkpt lat="42.82784756273031" lon="-6.755398465320468">
        <ele>1116</ele>
      </trkpt>
      <trkpt lat="42.827841276302934" lon="-6.755401818081737">
        <ele>1116.199951171875</ele>
      </trkpt>
      <trkpt lat="42.827837923541665" lon="-6.755408691242337">
        <ele>1116.4000244140625</ele>
      </trkpt>
      <trkpt lat="42.82783490605652" lon="-6.75541271455586">
        <ele>1116.5999755859375</ele>
      </trkpt>
      <trkpt lat="42.827833062037826" lon="-6.755412546917796">
        <ele>1116.800048828125</ele>
      </trkpt>
      <trkpt lat="42.827833564952016" lon="-6.755413133651018">
        <ele>1116.800048828125</ele>
      </trkpt>
      <trkpt lat="42.82783130183816" lon="-6.755414055660367">
        <ele>1117</ele>
      </trkpt>
      <trkpt lat="42.82782945781946" lon="-6.7554148100316525">
        <ele>1117.199951171875</ele>
      </trkpt>
      <trkpt lat="42.82782384194434" lon="-6.755418246611953">
        <ele>1117.199951171875</ele>
      </trkpt>
      <trkpt lat="42.8278205730021" lon="-6.7554218508303165">
        <ele>1117.4000244140625</ele>
      </trkpt>
      <trkpt lat="42.8278155438602" lon="-6.755423024296761">
        <ele>1117.4000244140625</ele>
      </trkpt>
      <trkpt lat="42.827813951298594" lon="-6.755425035953522">
        <ele>1117.4000244140625</ele>
      </trkpt>
      <trkpt lat="42.827805653214455" lon="-6.755427801981568">
        <ele>1117.4000244140625</ele>
      </trkpt>
      <trkpt lat="42.82780598849058" lon="-6.755430148914456">
        <ele>1117.4000244140625</ele>
      </trkpt>
      <trkpt lat="42.82780540175736" lon="-6.755441045388579">
        <ele>1117.4000244140625</ele>
      </trkpt>
      <trkpt lat="42.8278031386435" lon="-6.755452696233988">
        <ele>1117.199951171875</ele>
      </trkpt>
      <trkpt lat="42.8278015460819" lon="-6.755463508889079">
        <ele>1117</ele>
      </trkpt>
      <trkpt lat="42.827793918550014" lon="-6.755466777831316">
        <ele>1116.5999755859375</ele>
      </trkpt>
      <trkpt lat="42.827798696" lon="-6.755509442">
        <ele>1136.463</ele>
      </trkpt>
      <trkpt lat="42.827799283" lon="-6.755517488">
        <ele>1136.521</ele>
      </trkpt>
      <trkpt lat="42.827801462" lon="-6.755522853">
        <ele>1136.542</ele>
      </trkpt>
      <trkpt lat="42.8278023" lon="-6.755531989">
        <ele>1136.607</ele>
      </trkpt>
      <trkpt lat="42.827807916" lon="-6.755541964">
        <ele>1136.637</ele>
      </trkpt>
      <trkpt lat="42.827794002369046" lon="-6.755569623783231">
        <ele>1115.800048828125</ele>
      </trkpt>
      <trkpt lat="42.827802719548345" lon="-6.755587896332145">
        <ele>1116</ele>
      </trkpt>
      <trkpt lat="42.827810598537326" lon="-6.755598960444331">
        <ele>1116.4000244140625</ele>
      </trkpt>
      <trkpt lat="42.8278152924031" lon="-6.755608348175883">
        <ele>1116.800048828125</ele>
      </trkpt>
      <trkpt lat="42.82781856134534" lon="-6.755613209679723">
        <ele>1117</ele>
      </trkpt>
      <trkpt lat="42.82782199792564" lon="-6.755620501935482">
        <ele>1117.199951171875</ele>
      </trkpt>
      <trkpt lat="42.82782987691462" lon="-6.755629722028971">
        <ele>1117.4000244140625</ele>
      </trkpt>
      <trkpt lat="42.82783607952297" lon="-6.75563994795084">
        <ele>1117.800048828125</ele>
      </trkpt>
      <trkpt lat="42.82783901318908" lon="-6.7556489165872335">
        <ele>1118</ele>
      </trkpt>
      <trkpt lat="42.82784270122647" lon="-6.7556580528616905">
        <ele>1118.4000244140625</ele>
      </trkpt>
      <trkpt lat="42.827847143635154" lon="-6.755672888830304">
        <ele>1118.800048828125</ele>
      </trkpt>
      <trkpt lat="42.82785376533866" lon="-6.7556860484182835">
        <ele>1119.199951171875</ele>
      </trkpt>
      <trkpt lat="42.82785829156637" lon="-6.755697363987565">
        <ele>1119.5999755859375</ele>
      </trkpt>
      <trkpt lat="42.82786156050861" lon="-6.755707422271371">
        <ele>1119.800048828125</ele>
      </trkpt>
      <trkpt lat="42.82786809839308" lon="-6.755720162764192">
        <ele>1120</ele>
      </trkpt>
      <trkpt lat="42.827875558286905" lon="-6.755734579637647">
        <ele>1120.4000244140625</ele>
      </trkpt>
      <trkpt lat="42.82787756994367" lon="-6.755743967369199">
        <ele>1120.5999755859375</ele>
      </trkpt>
      <trkpt lat="42.82788117416203" lon="-6.75575184635818">
        <ele>1120.800048828125</ele>
      </trkpt>
      <trkpt lat="42.827884778380394" lon="-6.755762491375208">
        <ele>1121.199951171875</ele>
      </trkpt>
      <trkpt lat="42.82789098098874" lon="-6.7557743936777115">
        <ele>1121.4000244140625</ele>
      </trkpt>
      <trkpt lat="42.82789726741612" lon="-6.7557823564857244">
        <ele>1121.5999755859375</ele>
      </trkpt>
      <trkpt lat="42.827901374548674" lon="-6.7557899840176105">
        <ele>1122</ele>
      </trkpt>
      <trkpt lat="42.82790372148156" lon="-6.755802053958178">
        <ele>1122.4000244140625</ele>
      </trkpt>
      <trkpt lat="42.827907325699925" lon="-6.7558070831000805">
        <ele>1122.800048828125</ele>
      </trkpt>
      <trkpt lat="42.82791210338473" lon="-6.755820410326123">
        <ele>1123</ele>
      </trkpt>
      <trkpt lat="42.82791143283248" lon="-6.75582317635417">
        <ele>1123.4000244140625</ele>
      </trkpt>
      <trkpt lat="42.827914198860526" lon="-6.755836419761181">
        <ele>1123.4000244140625</ele>
      </trkpt>
      <trkpt lat="42.827918054535985" lon="-6.755850501358509">
        <ele>1123.5999755859375</ele>
      </trkpt>
      <trkpt lat="42.82792333513498" lon="-6.755859386175871">
        <ele>1123.5999755859375</ele>
      </trkpt>
      <trkpt lat="42.827928783372045" lon="-6.755866929888725">
        <ele>1123.800048828125</ele>
      </trkpt>
      <trkpt lat="42.827934734523296" lon="-6.755874725058675">
        <ele>1124</ele>
      </trkpt>
      <trkpt lat="42.82794462516904" lon="-6.7558827716857195">
        <ele>1124.199951171875</ele>
      </trkpt>
      <trkpt lat="42.82795158214867" lon="-6.755893584340811">
        <ele>1124.5999755859375</ele>
      </trkpt>
      <trkpt lat="42.82795602455735" lon="-6.755903558805585">
        <ele>1124.800048828125</ele>
      </trkpt>
      <trkpt lat="42.827961556613445" lon="-6.755909007042646">
        <ele>1125.199951171875</ele>
      </trkpt>
      <trkpt lat="42.827968345955014" lon="-6.755921076983213">
        <ele>1125.4000244140625</ele>
      </trkpt>
      <trkpt lat="42.82797505147755" lon="-6.755934236571193">
        <ele>1125.5999755859375</ele>
      </trkpt>
      <trkpt lat="42.82797982916236" lon="-6.755941864103079">
        <ele>1126</ele>
      </trkpt>
      <trkpt lat="42.82798326574266" lon="-6.755946055054665">
        <ele>1126.199951171875</ele>
      </trkpt>
      <trkpt lat="42.827985947951674" lon="-6.755955191329122">
        <ele>1126.4000244140625</ele>
      </trkpt>
      <trkpt lat="42.827991312369704" lon="-6.755963489413261">
        <ele>1126.800048828125</ele>
      </trkpt>
      <trkpt lat="42.82799466513097" lon="-6.755969692021608">
        <ele>1127.199951171875</ele>
      </trkpt>
      <trkpt lat="42.82799600623548" lon="-6.755976816639304">
        <ele>1127.4000244140625</ele>
      </trkpt>
      <trkpt lat="42.82799860462546" lon="-6.755985198542476">
        <ele>1127.800048828125</ele>
      </trkpt>
      <trkpt lat="42.828002627938986" lon="-6.75599860958755">
        <ele>1128.199951171875</ele>
      </trkpt>
      <trkpt lat="42.8280069027096" lon="-6.756006069481373">
        <ele>1128.4000244140625</ele>
      </trkpt>
      <trkpt lat="42.828013356775045" lon="-6.7560098413378">
        <ele>1128.5999755859375</ele>
      </trkpt>
      <trkpt lat="42.82801863737404" lon="-6.756017133593559">
        <ele>1129</ele>
      </trkpt>
      <trkpt lat="42.82802685163915" lon="-6.756029622629285">
        <ele>1129.199951171875</ele>
      </trkpt>
      <trkpt lat="42.82803347334266" lon="-6.756044710054994">
        <ele>1129.4000244140625</ele>
      </trkpt>
      <trkpt lat="42.82803699374199" lon="-6.75605577416718">
        <ele>1129.800048828125</ele>
      </trkpt>
      <trkpt lat="42.82804395072162" lon="-6.756063150241971">
        <ele>1130</ele>
      </trkpt>
      <trkpt lat="42.828050404787064" lon="-6.756078824400902">
        <ele>1130.199951171875</ele>
      </trkpt>
      <trkpt lat="42.828056355938315" lon="-6.756084524095058">
        <ele>1130.4000244140625</ele>
      </trkpt>
      <trkpt lat="42.828063732013106" lon="-6.756082763895392">
        <ele>1130.5999755859375</ele>
      </trkpt>
      <trkpt lat="42.82807177864015" lon="-6.756086116656661">
        <ele>1130.800048828125</ele>
      </trkpt>
      <trkpt lat="42.82808057963848" lon="-6.756092989817262">
        <ele>1131</ele>
      </trkpt>
      <trkpt lat="42.82808544114232" lon="-6.756097096949816">
        <ele>1131.199951171875</ele>
      </trkpt>
      <trkpt lat="42.828092481940985" lon="-6.756099611520767">
        <ele>1131.5999755859375</ele>
      </trkpt>
      <trkpt lat="42.82809583470225" lon="-6.7561030481010675">
        <ele>1131.800048828125</ele>
      </trkpt>
      <trkpt lat="42.828105725347996" lon="-6.756107239052653">
        <ele>1132</ele>
      </trkpt>
      <trkpt lat="42.828116370365024" lon="-6.756105981767178">
        <ele>1132.199951171875</ele>
      </trkpt>
      <trkpt lat="42.82812491990626" lon="-6.756104892119765">
        <ele>1132.4000244140625</ele>
      </trkpt>
      <trkpt lat="42.828137408941984" lon="-6.75610950216651">
        <ele>1132.5999755859375</ele>
      </trkpt>
      <trkpt lat="42.82814981415868" lon="-6.756103215739131">
        <ele>1133</ele>
      </trkpt>
      <trkpt lat="42.82814595848322" lon="-6.756097264587879">
        <ele>1133.199951171875</ele>
      </trkpt>
      <trkpt lat="42.82815048471093" lon="-6.756097851321101">
        <ele>1133.4000244140625</ele>
      </trkpt>
      <trkpt lat="42.82815978862345" lon="-6.756090810522437">
        <ele>1133.5999755859375</ele>
      </trkpt>
      <trkpt lat="42.828163811936975" lon="-6.756089050322771">
        <ele>1133.800048828125</ele>
      </trkpt>
      <trkpt lat="42.828166242688894" lon="-6.756086200475693">
        <ele>1133.800048828125</ele>
      </trkpt>
      <trkpt lat="42.82817319966853" lon="-6.756077064201236">
        <ele>1134</ele>
      </trkpt>
      <trkpt lat="42.82818200066686" lon="-6.756067676469684">
        <ele>1134.199951171875</ele>
      </trkpt>
      <trkpt lat="42.82818795181811" lon="-6.756064994260669">
        <ele>1134.4000244140625</ele>
      </trkpt>
      <trkpt lat="42.828194573521614" lon="-6.756057785823941">
        <ele>1134.800048828125</ele>
      </trkpt>
      <trkpt lat="42.82820077612996" lon="-6.756048733368516">
        <ele>1135</ele>
      </trkpt>
      <trkpt lat="42.82820756547153" lon="-6.756044290959835">
        <ele>1135.199951171875</ele>
      </trkpt>
      <trkpt lat="42.828211253508925" lon="-6.756040519103408">
        <ele>1135.4000244140625</ele>
      </trkpt>
      <trkpt lat="42.8282196354121" lon="-6.756030041724443">
        <ele>1135.800048828125</ele>
      </trkpt>
      <trkpt lat="42.82822768203914" lon="-6.756019648164511">
        <ele>1136</ele>
      </trkpt>
      <trkpt lat="42.828234136104584" lon="-6.756013948470354">
        <ele>1136.199951171875</ele>
      </trkpt>
      <trkpt lat="42.82823941670358" lon="-6.7560064047575">
        <ele>1136.5999755859375</ele>
      </trkpt>
      <trkpt lat="42.82824436202645" lon="-6.756001124158502">
        <ele>1137.199951171875</ele>
      </trkpt>
      <trkpt lat="42.8282487206161" lon="-6.755994167178869">
        <ele>1137.800048828125</ele>
      </trkpt>
      <trkpt lat="42.82825157046318" lon="-6.755984025076032">
        <ele>1137.800048828125</ele>
      </trkpt>
      <trkpt lat="42.828256180509925" lon="-6.755973380059004">
        <ele>1138.199951171875</ele>
      </trkpt>
      <trkpt lat="42.828261125832796" lon="-6.755962315946817">
        <ele>1138.5999755859375</ele>
      </trkpt>
      <trkpt lat="42.828264562413096" lon="-6.755956029519439">
        <ele>1138.4000244140625</ele>
      </trkpt>
      <trkpt lat="42.8282677475363" lon="-6.755948485806584">
        <ele>1138.199951171875</ele>
      </trkpt>
      <trkpt lat="42.82827562652528" lon="-6.75593800842762">
        <ele>1138.4000244140625</ele>
      </trkpt>
      <trkpt lat="42.82827755436301" lon="-6.755935829132795">
        <ele>1138.5999755859375</ele>
      </trkpt>
      <trkpt lat="42.8282814938575" lon="-6.7559275310486555">
        <ele>1138.800048828125</ele>
      </trkpt>
      <trkpt lat="42.828281661495566" lon="-6.755920071154833">
        <ele>1139</ele>
      </trkpt>
      <trkpt lat="42.828284511342645" lon="-6.7559154611080885">
        <ele>1139.4000244140625</ele>
      </trkpt>
      <trkpt lat="42.82828928902745" lon="-6.755908336490393">
        <ele>1139.4000244140625</ele>
      </trkpt>
      <trkpt lat="42.82829649746418" lon="-6.7558936681598425">
        <ele>1139.5999755859375</ele>
      </trkpt>
      <trkpt lat="42.82830194570124" lon="-6.755883190780878">
        <ele>1139.800048828125</ele>
      </trkpt>
      <trkpt lat="42.82830479554832" lon="-6.755875144153833">
        <ele>1140</ele>
      </trkpt>
      <trkpt lat="42.82831074669957" lon="-6.755867265164852">
        <ele>1140.199951171875</ele>
      </trkpt>
      <trkpt lat="42.828315272927284" lon="-6.755855279043317">
        <ele>1140.4000244140625</ele>
      </trkpt>
      <trkpt lat="42.82831896096468" lon="-6.755846980959177">
        <ele>1140.4000244140625</ele>
      </trkpt>
      <trkpt lat="42.82832373864949" lon="-6.755837593227625">
        <ele>1140.4000244140625</ele>
      </trkpt>
      <trkpt lat="42.82832968980074" lon="-6.755822170525789">
        <ele>1140.5999755859375</ele>
      </trkpt>
      <trkpt lat="42.8283317014575" lon="-6.755811106413603">
        <ele>1140.5999755859375</ele>
      </trkpt>
      <trkpt lat="42.82833555713296" lon="-6.755802556872368">
        <ele>1140.800048828125</ele>
      </trkpt>
      <trkpt lat="42.82833899371326" lon="-6.7557847034186125">
        <ele>1141</ele>
      </trkpt>
      <trkpt lat="42.82834737561643" lon="-6.755768861621618">
        <ele>1141.4000244140625</ele>
      </trkpt>
      <trkpt lat="42.82834645360708" lon="-6.75576014444232">
        <ele>1141.5999755859375</ele>
      </trkpt>
      <trkpt lat="42.82834846526384" lon="-6.755747655406594">
        <ele>1141.800048828125</ele>
      </trkpt>
      <trkpt lat="42.8283525723964" lon="-6.755733322352171">
        <ele>1142</ele>
      </trkpt>
      <trkpt lat="42.82835475169122" lon="-6.75572058185935">
        <ele>1142.199951171875</ele>
      </trkpt>
      <trkpt lat="42.82835818827152" lon="-6.7557113617658615">
        <ele>1142.199951171875</ele>
      </trkpt>
      <trkpt lat="42.82836330123246" lon="-6.7557016387581825">
        <ele>1142.199951171875</ele>
      </trkpt>
      <trkpt lat="42.82836841419339" lon="-6.755691496655345">
        <ele>1142.4000244140625</ele>
      </trkpt>
      <trkpt lat="42.82836925238371" lon="-6.755683198571205">
        <ele>1142.5999755859375</ele>
      </trkpt>
      <trkpt lat="42.82836698926985" lon="-6.755676995962858">
        <ele>1142.800048828125</ele>
      </trkpt>
      <trkpt lat="42.82836690545082" lon="-6.755666099488735">
        <ele>1143</ele>
      </trkpt>
      <trkpt lat="42.828364223241806" lon="-6.755650090053678">
        <ele>1143.4000244140625</ele>
      </trkpt>
      <trkpt lat="42.8283591940999" lon="-6.755639528855681">
        <ele>1143.5999755859375</ele>
      </trkpt>
      <trkpt lat="42.828357852995396" lon="-6.755632068961859">
        <ele>1143.800048828125</ele>
      </trkpt>
      <trkpt lat="42.82836246304214" lon="-6.75561748445034">
        <ele>1144</ele>
      </trkpt>
      <trkpt lat="42.82836539670825" lon="-6.75560818053782">
        <ele>1144.199951171875</ele>
      </trkpt>
      <trkpt lat="42.82836724072695" lon="-6.755595523864031">
        <ele>1144.4000244140625</ele>
      </trkpt>
      <trkpt lat="42.82837553881109" lon="-6.755584292113781">
        <ele>1144.800048828125</ele>
      </trkpt>
      <trkpt lat="42.82838115468621" lon="-6.755579011514783">
        <ele>1145.199951171875</ele>
      </trkpt>
      <trkpt lat="42.8283853456378" lon="-6.75557398237288">
        <ele>1145.4000244140625</ele>
      </trkpt>
      <trkpt lat="42.82839238643646" lon="-6.75557054579258">
        <ele>1145.800048828125</ele>
      </trkpt>
      <trkpt lat="42.828398337587714" lon="-6.755562415346503">
        <ele>1146</ele>
      </trkpt>
      <trkpt lat="42.82840261235833" lon="-6.755559481680393">
        <ele>1146.199951171875</ele>
      </trkpt>
      <trkpt lat="42.82840931788087" lon="-6.755553865805268">
        <ele>1146.199951171875</ele>
      </trkpt>
      <trkpt lat="42.82841635867953" lon="-6.755550513044">
        <ele>1146.199951171875</ele>
      </trkpt>
      <trkpt lat="42.82842390239239" lon="-6.755550429224968">
        <ele>1146.199951171875</ele>
      </trkpt>
      <trkpt lat="42.82843152992427" lon="-6.755549591034651">
        <ele>1146.4000244140625</ele>
      </trkpt>
      <trkpt lat="42.82844075001776" lon="-6.755552692338824">
        <ele>1146.5999755859375</ele>
      </trkpt>
      <trkpt lat="42.828450137749314" lon="-6.755552189424634">
        <ele>1146.800048828125</ele>
      </trkpt>
      <trkpt lat="42.82845986075699" lon="-6.755548836663365">
        <ele>1146.800048828125</ele>
      </trkpt>
      <trkpt lat="42.82847109250724" lon="-6.755551602691412">
        <ele>1147</ele>
      </trkpt>
      <trkpt lat="42.82848056405783" lon="-6.755554703995585">
        <ele>1147.4000244140625</ele>
      </trkpt>
      <trkpt lat="42.828486263751984" lon="-6.755554787814617">
        <ele>1147.5999755859375</ele>
      </trkpt>
      <trkpt lat="42.828491209074855" lon="-6.755559900775552">
        <ele>1147.800048828125</ele>
      </trkpt>
      <trkpt lat="42.82849632203579" lon="-6.755559230223298">
        <ele>1148</ele>
      </trkpt>
      <trkpt lat="42.8285010997206" lon="-6.755559230223298">
        <ele>1148.199951171875</ele>
      </trkpt>
      <trkpt lat="42.828507302328944" lon="-6.755562499165535">
        <ele>1148.4000244140625</ele>
      </trkpt>
      <trkpt lat="42.828516690060496" lon="-6.755566271021962">
        <ele>1148.5999755859375</ele>
      </trkpt>
      <trkpt lat="42.82852130010724" lon="-6.755569959059358">
        <ele>1148.800048828125</ele>
      </trkpt>
      <trkpt lat="42.828526832163334" lon="-6.755572892725468">
        <ele>1148.800048828125</ele>
      </trkpt>
      <trkpt lat="42.828536722809076" lon="-6.755579095333815">
        <ele>1149</ele>
      </trkpt>
      <trkpt lat="42.828549882397056" lon="-6.755580436438322">
        <ele>1149.199951171875</ele>
      </trkpt>
      <trkpt lat="42.82855901867151" lon="-6.755582112818956">
        <ele>1149.4000244140625</ele>
      </trkpt>
      <trkpt lat="42.828568406403065" lon="-6.755588483065367">
        <ele>1149.4000244140625</ele>
      </trkpt>
      <trkpt lat="42.828579219058156" lon="-6.755591165274382">
        <ele>1149.5999755859375</ele>
      </trkpt>
      <trkpt lat="42.828583074733615" lon="-6.75559644587338">
        <ele>1149.800048828125</ele>
      </trkpt>
      <trkpt lat="42.82858927734196" lon="-6.75560281611979">
        <ele>1150</ele>
      </trkpt>
      <trkpt lat="42.82859606668353" lon="-6.755609605461359">
        <ele>1150.199951171875</ele>
      </trkpt>
      <trkpt lat="42.828602688387036" lon="-6.755616394802928">
        <ele>1150.4000244140625</ele>
      </trkpt>
      <trkpt lat="42.8286081366241" lon="-6.755620250478387">
        <ele>1150.5999755859375</ele>
      </trkpt>
      <trkpt lat="42.82861618325114" lon="-6.755629889667034">
        <ele>1150.800048828125</ele>
      </trkpt>
      <trkpt lat="42.82862288877368" lon="-6.7556362599134445">
        <ele>1150.800048828125</ele>
      </trkpt>
      <trkpt lat="42.82862448133528" lon="-6.7556333262473345">
        <ele>1151</ele>
      </trkpt>
      <trkpt lat="42.82863085158169" lon="-6.7556380201131105">
        <ele>1151.199951171875</ele>
      </trkpt>
      <trkpt lat="42.82863839529455" lon="-6.755643971264362">
        <ele>1151.5999755859375</ele>
      </trkpt>
      <trkpt lat="42.82864132896066" lon="-6.755646066740155">
        <ele>1151.800048828125</ele>
      </trkpt>
      <trkpt lat="42.828647028654814" lon="-6.755652436986566">
        <ele>1152</ele>
      </trkpt>
      <trkpt lat="42.828655829653144" lon="-6.755662998184562">
        <ele>1152.199951171875</ele>
      </trkpt>
      <trkpt lat="42.82866144552827" lon="-6.755671631544828">
        <ele>1152.4000244140625</ele>
      </trkpt>
      <trkpt lat="42.82866672612727" lon="-6.755674313753843">
        <ele>1152.5999755859375</ele>
      </trkpt>
      <trkpt lat="42.82867309637368" lon="-6.755679594352841">
        <ele>1153</ele>
      </trkpt>
      <trkpt lat="42.828682735562325" lon="-6.755683952942491">
        <ele>1153.199951171875</ele>
      </trkpt>
      <trkpt lat="42.82868977636099" lon="-6.755689401179552">
        <ele>1153.4000244140625</ele>
      </trkpt>
      <trkpt lat="42.82869572751224" lon="-6.75569225102663">
        <ele>1153.5999755859375</ele>
      </trkpt>
      <trkpt lat="42.82870385795832" lon="-6.755700632929802">
        <ele>1153.5999755859375</ele>
      </trkpt>
      <trkpt lat="42.82871366478503" lon="-6.755707422271371">
        <ele>1153.800048828125</ele>
      </trkpt>
      <trkpt lat="42.82871852628887" lon="-6.755712619051337">
        <ele>1154</ele>
      </trkpt>
      <trkpt lat="42.82872514799237" lon="-6.75571521744132">
        <ele>1154.199951171875</ele>
      </trkpt>
      <trkpt lat="42.82873679883778" lon="-6.755721000954509">
        <ele>1154.4000244140625</ele>
      </trkpt>
      <trkpt lat="42.828748198226094" lon="-6.755725359544158">
        <ele>1154.4000244140625</ele>
      </trkpt>
      <trkpt lat="42.82875834032893" lon="-6.755730388686061">
        <ele>1154.5999755859375</ele>
      </trkpt>
      <trkpt lat="42.828769236803055" lon="-6.75573667511344">
        <ele>1154.800048828125</ele>
      </trkpt>
      <trkpt lat="42.82878030091524" lon="-6.755740279331803">
        <ele>1155</ele>
      </trkpt>
      <trkpt lat="42.82879329286516" lon="-6.755746901035309">
        <ele>1155.199951171875</ele>
      </trkpt>
      <trkpt lat="42.828805949538946" lon="-6.755754444748163">
        <ele>1155.4000244140625</ele>
      </trkpt>
      <trkpt lat="42.82881542108953" lon="-6.755759306252003">
        <ele>1155.4000244140625</ele>
      </trkpt>
      <trkpt lat="42.828828413039446" lon="-6.755766263231635">
        <ele>1155.4000244140625</ele>
      </trkpt>
      <trkpt lat="42.82883645966649" lon="-6.7557726334780455">
        <ele>1155.4000244140625</ele>
      </trkpt>
      <trkpt lat="42.82884710468352" lon="-6.755778416991234">
        <ele>1155.4000244140625</ele>
      </trkpt>
      <trkpt lat="42.82885632477701" lon="-6.755785038694739">
        <ele>1155.4000244140625</ele>
      </trkpt>
      <trkpt lat="42.82886663451791" lon="-6.7557938396930695">
        <ele>1155.4000244140625</ele>
      </trkpt>
      <trkpt lat="42.828876776620746" lon="-6.755802389234304">
        <ele>1155.5999755859375</ele>
      </trkpt>
      <trkpt lat="42.8288896009326" lon="-6.7558088432997465">
        <ele>1155.800048828125</ele>
      </trkpt>
      <trkpt lat="42.82889898866415" lon="-6.755816135555506">
        <ele>1156</ele>
      </trkpt>
      <trkpt lat="42.8289086278528" lon="-6.755821751430631">
        <ele>1156.199951171875</ele>
      </trkpt>
      <trkpt lat="42.82891700975597" lon="-6.7558285407722">
        <ele>1156.199951171875</ele>
      </trkpt>
      <trkpt lat="42.828927990049124" lon="-6.755828624591231">
        <ele>1156.4000244140625</ele>
      </trkpt>
      <trkpt lat="42.82893897034228" lon="-6.755835749208927">
        <ele>1156.4000244140625</ele>
      </trkpt>
      <trkpt lat="42.828951962292194" lon="-6.7558391857892275">
        <ele>1156.5999755859375</ele>
      </trkpt>
      <trkpt lat="42.82896461896598" lon="-6.7558438796550035">
        <ele>1156.5999755859375</ele>
      </trkpt>
      <trkpt lat="42.82897434197366" lon="-6.755850417539477">
        <ele>1156.800048828125</ele>
      </trkpt>
      <trkpt lat="42.8289810474962" lon="-6.7558547761291265">
        <ele>1157.199951171875</ele>
      </trkpt>
      <trkpt lat="42.828990099951625" lon="-6.7558586318045855">
        <ele>1157.4000244140625</ele>
      </trkpt>
      <trkpt lat="42.829003259539604" lon="-6.755862236022949">
        <ele>1157.800048828125</ele>
      </trkpt>
      <trkpt lat="42.8290191013366" lon="-6.755862319841981">
        <ele>1158</ele>
      </trkpt>
      <trkpt lat="42.82903418876231" lon="-6.755863577127457">
        <ele>1158.199951171875</ele>
      </trkpt>
      <trkpt lat="42.82904860563576" lon="-6.755865924060345">
        <ele>1158.4000244140625</ele>
      </trkpt>
      <trkpt lat="42.82905975356698" lon="-6.755864163860679">
        <ele>1158.5999755859375</ele>
      </trkpt>
      <trkpt lat="42.829071655869484" lon="-6.755866929888725">
        <ele>1158.5999755859375</ele>
      </trkpt>
      <trkpt lat="42.82908515073359" lon="-6.755868187174201">
        <ele>1158.800048828125</ele>
      </trkpt>
      <trkpt lat="42.82909923233092" lon="-6.755865756422281">
        <ele>1159</ele>
      </trkpt>
      <trkpt lat="42.82911482267082" lon="-6.7558650858700275">
        <ele>1159</ele>
      </trkpt>
      <trkpt lat="42.829128317534924" lon="-6.755864582955837">
        <ele>1159.199951171875</ele>
      </trkpt>
      <trkpt lat="42.829139633104205" lon="-6.755866929888725">
        <ele>1159.199951171875</ele>
      </trkpt>
      <trkpt lat="42.82914801500738" lon="-6.755862571299076">
        <ele>1159.199951171875</ele>
      </trkpt>
      <trkpt lat="42.82915757037699" lon="-6.755867013707757">
        <ele>1159.199951171875</ele>
      </trkpt>
      <trkpt lat="42.82917014323175" lon="-6.755871120840311">
        <ele>1159.199951171875</ele>
      </trkpt>
      <trkpt lat="42.82917098142207" lon="-6.755873300135136">
        <ele>1159.199951171875</ele>
      </trkpt>
      <trkpt lat="42.829174250364304" lon="-6.755870366469026">
        <ele>1159.199951171875</ele>
      </trkpt>
      <trkpt lat="42.82917617820203" lon="-6.755871456116438">
        <ele>1159.4000244140625</ele>
      </trkpt>
      <trkpt lat="42.82917844131589" lon="-6.755871120840311">
        <ele>1159.4000244140625</ele>
      </trkpt>
      <trkpt lat="42.829183638095856" lon="-6.755874305963516">
        <ele>1159.4000244140625</ele>
      </trkpt>
      <trkpt lat="42.829193444922566" lon="-6.755878245458007">
        <ele>1159.4000244140625</ele>
      </trkpt>
      <trkpt lat="42.82920744270086" lon="-6.755884783342481">
        <ele>1159.4000244140625</ele>
      </trkpt>
      <trkpt lat="42.829221189022064" lon="-6.755894673988223">
        <ele>1159.4000244140625</ele>
      </trkpt>
      <trkpt lat="42.82923560589552" lon="-6.755906492471695">
        <ele>1159.5999755859375</ele>
      </trkpt>
      <trkpt lat="42.829249100759625" lon="-6.755915796384215">
        <ele>1159.800048828125</ele>
      </trkpt>
      <trkpt lat="42.82926603220403" lon="-6.755917053669691">
        <ele>1159.800048828125</ele>
      </trkpt>
      <trkpt lat="42.82927533611655" lon="-6.755922921001911">
        <ele>1160</ele>
      </trkpt>
      <trkpt lat="42.829286148771644" lon="-6.755927614867687">
        <ele>1160</ele>
      </trkpt>
      <trkpt lat="42.829294949769974" lon="-6.755932308733463">
        <ele>1160</ele>
      </trkpt>
      <trkpt lat="42.82930408604443" lon="-6.755936751142144">
        <ele>1159.800048828125</ele>
      </trkpt>
      <trkpt lat="42.82931691035628" lon="-6.755939936265349">
        <ele>1159.800048828125</ele>
      </trkpt>
      <trkpt lat="42.82933048903942" lon="-6.755945049226284">
        <ele>1159.800048828125</ele>
      </trkpt>
      <trkpt lat="42.82934322953224" lon="-6.75595024600625">
        <ele>1159.800048828125</ele>
      </trkpt>
      <trkpt lat="42.829355634748936" lon="-6.755957035347819">
        <ele>1159.800048828125</ele>
      </trkpt>
      <trkpt lat="42.82936527393758" lon="-6.755962315946817">
        <ele>1159.800048828125</ele>
      </trkpt>
      <trkpt lat="42.82937474548817" lon="-6.755969859659672">
        <ele>1159.800048828125</ele>
      </trkpt>
      <trkpt lat="42.82938564196229" lon="-6.755979582667351">
        <ele>1159.800048828125</ele>
      </trkpt>
      <trkpt lat="42.829396119341254" lon="-6.755988132208586">
        <ele>1160</ele>
      </trkpt>
      <trkpt lat="42.82940877601504" lon="-6.755995340645313">
        <ele>1160</ele>
      </trkpt>
      <trkpt lat="42.82942243851721" lon="-6.756002968177199">
        <ele>1160.199951171875</ele>
      </trkpt>
      <trkpt lat="42.82943610101938" lon="-6.756010260432959">
        <ele>1160.4000244140625</ele>
      </trkpt>
      <trkpt lat="42.82944666221738" lon="-6.756012858822942">
        <ele>1160.5999755859375</ele>
      </trkpt>
      <trkpt lat="42.829460157081485" lon="-6.756015792489052">
        <ele>1160.800048828125</ele>
      </trkpt>
      <trkpt lat="42.82947407104075" lon="-6.756020067259669">
        <ele>1160.800048828125</ele>
      </trkpt>
      <trkpt lat="42.82948940992355" lon="-6.756027275696397">
        <ele>1160.800048828125</ele>
      </trkpt>
      <trkpt lat="42.82950424589217" lon="-6.756033478304744">
        <ele>1160.800048828125</ele>
      </trkpt>
      <trkpt lat="42.82952436245978" lon="-6.756040938198566">
        <ele>1160.800048828125</ele>
      </trkpt>
      <trkpt lat="42.8295526932925" lon="-6.7560530081391335">
        <ele>1160.800048828125</ele>
      </trkpt>
      <trkpt lat="42.829579934477806" lon="-6.75606407225132">
        <ele>1160.800048828125</ele>
      </trkpt>
      <trkpt lat="42.82960935495794" lon="-6.756074298173189">
        <ele>1160.800048828125</ele>
      </trkpt>
      <trkpt lat="42.82963450066745" lon="-6.7560892179608345">
        <ele>1160.5999755859375</ele>
      </trkpt>
      <trkpt lat="42.82965830527246" lon="-6.756095504388213">
        <ele>1160.4000244140625</ele>
      </trkpt>
      <trkpt lat="42.829686887562275" lon="-6.756110843271017">
        <ele>1160.199951171875</ele>
      </trkpt>
      <trkpt lat="42.82971220090985" lon="-6.75612123683095">
        <ele>1160.199951171875</ele>
      </trkpt>
      <trkpt lat="42.82973323948681" lon="-6.75612760707736">
        <ele>1160.4000244140625</ele>
      </trkpt>
      <trkpt lat="42.82976291142404" lon="-6.756141856312752">
        <ele>1160.4000244140625</ele>
      </trkpt>
      <trkpt lat="42.829784620553255" lon="-6.756150405853987">
        <ele>1160.4000244140625</ele>
      </trkpt>
      <trkpt lat="42.82980767078698" lon="-6.7561569437384605">
        <ele>1160.4000244140625</ele>
      </trkpt>
      <trkpt lat="42.82983315177262" lon="-6.756168678402901">
        <ele>1160.4000244140625</ele>
      </trkpt>
      <trkpt lat="42.82985586673021" lon="-6.756173959001899">
        <ele>1160.4000244140625</ele>
      </trkpt>
      <trkpt lat="42.82988470047712" lon="-6.756186280399561">
        <ele>1160.4000244140625</ele>
      </trkpt>
      <trkpt lat="42.82990758307278" lon="-6.75619357265532">
        <ele>1160.199951171875</ele>
      </trkpt>
      <trkpt lat="42.82993331551552" lon="-6.756201032549143">
        <ele>1160.199951171875</ele>
      </trkpt>
      <trkpt lat="42.8299620654434" lon="-6.7562158685177565">
        <ele>1160.199951171875</ele>
      </trkpt>
      <trkpt lat="42.829981092363596" lon="-6.756219556555152">
        <ele>1160</ele>
      </trkpt>
      <trkpt lat="42.830009842291474" lon="-6.756229279562831">
        <ele>1159.800048828125</ele>
      </trkpt>
      <trkpt lat="42.83003540709615" lon="-6.756241265684366">
        <ele>1159.5999755859375</ele>
      </trkpt>
      <trkpt lat="42.83005711622536" lon="-6.7562509048730135">
        <ele>1159.5999755859375</ele>
      </trkpt>
      <trkpt lat="42.83008678816259" lon="-6.756266662850976">
        <ele>1159.5999755859375</ele>
      </trkpt>
      <trkpt lat="42.83010983839631" lon="-6.756276050582528">
        <ele>1159.5999755859375</ele>
      </trkpt>
      <trkpt lat="42.83013615757227" lon="-6.756285019218922">
        <ele>1159.800048828125</ele>
      </trkpt>
      <trkpt lat="42.830165326595306" lon="-6.756302369758487">
        <ele>1160</ele>
      </trkpt>
      <trkpt lat="42.830188293009996" lon="-6.756311170756817">
        <ele>1160</ele>
      </trkpt>
      <trkpt lat="42.83022131770849" lon="-6.756328018382192">
        <ele>1160.199951171875</ele>
      </trkpt>
      <trkpt lat="42.83024654723704" lon="-6.756341848522425">
        <ele>1160.199951171875</ele>
      </trkpt>
      <trkpt lat="42.83027043566108" lon="-6.756351487711072">
        <ele>1160.199951171875</ele>
      </trkpt>
      <trkpt lat="42.83030421473086" lon="-6.756371017545462">
        <ele>1160.199951171875</ele>
      </trkpt>
      <trkpt lat="42.83033061772585" lon="-6.756377387791872">
        <ele>1160.199951171875</ele>
      </trkpt>
      <trkpt lat="42.83036054112017" lon="-6.756378645077348">
        <ele>1160</ele>
      </trkpt>
      <trkpt lat="42.83039012923837" lon="-6.756380405277014">
        <ele>1160</ele>
      </trkpt>
      <trkpt lat="42.83041334711015" lon="-6.756379064172506">
        <ele>1159.800048828125</ele>
      </trkpt>
      <trkpt lat="42.83044503070414" lon="-6.756377220153809">
        <ele>1159.800048828125</ele>
      </trkpt>
      <trkpt lat="42.830469170585275" lon="-6.7563742864876986">
        <ele>1159.800048828125</ele>
      </trkpt>
      <trkpt lat="42.83049138262868" lon="-6.756369927898049">
        <ele>1159.800048828125</ele>
      </trkpt>
      <trkpt lat="42.83052273094654" lon="-6.756377806887031">
        <ele>1159.5999755859375</ele>
      </trkpt>
      <trkpt lat="42.8305474575609" lon="-6.756381746381521">
        <ele>1159.5999755859375</ele>
      </trkpt>
      <trkpt lat="42.83057344146073" lon="-6.756381914019585">
        <ele>1159.4000244140625</ele>
      </trkpt>
      <trkpt lat="42.83060537651181" lon="-6.756388284265995">
        <ele>1159.4000244140625</ele>
      </trkpt>
      <trkpt lat="42.83062733709812" lon="-6.756387613713741">
        <ele>1159.4000244140625</ele>
      </trkpt>
      <trkpt lat="42.8306542430073" lon="-6.756385350599885">
        <ele>1159.199951171875</ele>
      </trkpt>
      <trkpt lat="42.83068408258259" lon="-6.756389206275344">
        <ele>1159</ele>
      </trkpt>
      <trkpt lat="42.830708557739854" lon="-6.75638216547668">
        <ele>1158.800048828125</ele>
      </trkpt>
      <trkpt lat="42.83074216917157" lon="-6.7563781421631575">
        <ele>1158.5999755859375</ele>
      </trkpt>
      <trkpt lat="42.83076790161431" lon="-6.756372023373842">
        <ele>1158.5999755859375</ele>
      </trkpt>
      <trkpt lat="42.83079095184803" lon="-6.756363306194544">
        <ele>1158.4000244140625</ele>
      </trkpt>
      <trkpt lat="42.83081928268075" lon="-6.756361462175846">
        <ele>1158.4000244140625</ele>
      </trkpt>
      <trkpt lat="42.830840572714806" lon="-6.756351236253977">
        <ele>1158.4000244140625</ele>
      </trkpt>
      <trkpt lat="42.83086437731981" lon="-6.756341094151139">
        <ele>1158.4000244140625</ele>
      </trkpt>
      <trkpt lat="42.83089363016188" lon="-6.756343357264996">
        <ele>1158.5999755859375</ele>
      </trkpt>
      <trkpt lat="42.83091550692916" lon="-6.756332041695714">
        <ele>1158.5999755859375</ele>
      </trkpt>
      <trkpt lat="42.83094031736255" lon="-6.756320223212242">
        <ele>1158.5999755859375</ele>
      </trkpt>
      <trkpt lat="42.83096638508141" lon="-6.75631427206099">
        <ele>1158.5999755859375</ele>
      </trkpt>
      <trkpt lat="42.830986669287086" lon="-6.7563059739768505">
        <ele>1158.5999755859375</ele>
      </trkpt>
      <trkpt lat="42.831014916300774" lon="-6.756294993683696">
        <ele>1158.5999755859375</ele>
      </trkpt>
      <trkpt lat="42.831034949049354" lon="-6.756283342838287">
        <ele>1158.5999755859375</ele>
      </trkpt>
      <trkpt lat="42.831056574359536" lon="-6.756274122744799">
        <ele>1158.5999755859375</ele>
      </trkpt>
      <trkpt lat="42.83108272589743" lon="-6.756274709478021">
        <ele>1158.800048828125</ele>
      </trkpt>
      <trkpt lat="42.831101920455694" lon="-6.756267417222261">
        <ele>1158.800048828125</ele>
      </trkpt>
      <trkpt lat="42.83112807199359" lon="-6.756261298432946">
        <ele>1158.800048828125</ele>
      </trkpt>
      <trkpt lat="42.83115413971245" lon="-6.756267920136452">
        <ele>1158.800048828125</ele>
      </trkpt>
      <trkpt lat="42.83117534592748" lon="-6.756269345059991">
        <ele>1158.5999755859375</ele>
      </trkpt>
      <trkpt lat="42.83120476640761" lon="-6.756276385858655">
        <ele>1158.5999755859375</ele>
      </trkpt>
      <trkpt lat="42.831231504678726" lon="-6.756282672286034">
        <ele>1158.5999755859375</ele>
      </trkpt>
      <trkpt lat="42.83125665038824" lon="-6.756287449970841">
        <ele>1158.5999755859375</ele>
      </trkpt>
      <trkpt lat="42.83128489740193" lon="-6.756301615387201">
        <ele>1158.5999755859375</ele>
      </trkpt>
      <trkpt lat="42.831304678693414" lon="-6.7563077341765165">
        <ele>1158.5999755859375</ele>
      </trkpt>
      <trkpt lat="42.83132839947939" lon="-6.756314774975181">
        <ele>1158.800048828125</ele>
      </trkpt>
      <trkpt lat="42.83135346136987" lon="-6.756326844915748">
        <ele>1158.800048828125</ele>
      </trkpt>
      <trkpt lat="42.83137332648039" lon="-6.756333382800221">
        <ele>1158.800048828125</ele>
      </trkpt>
      <trkpt lat="42.83139931038022" lon="-6.7563448660075665">
        <ele>1158.800048828125</ele>
      </trkpt>
      <trkpt lat="42.831421941518784" lon="-6.75635626539588">
        <ele>1158.800048828125</ele>
      </trkpt>
      <trkpt lat="42.83144230954349" lon="-6.756365820765495">
        <ele>1158.800048828125</ele>
      </trkpt>
      <trkpt lat="42.83146879635751" lon="-6.756383590400219">
        <ele>1159</ele>
      </trkpt>
      <trkpt lat="42.83148732036352" lon="-6.7563931457698345">
        <ele>1159</ele>
      </trkpt>
      <trkpt lat="42.83151120878756" lon="-6.75640563480556">
        <ele>1159.199951171875</ele>
      </trkpt>
      <trkpt lat="42.83153526484966" lon="-6.756422985345125">
        <ele>1159.199951171875</ele>
      </trkpt>
      <trkpt lat="42.831554459407926" lon="-6.756435725837946">
        <ele>1159.199951171875</ele>
      </trkpt>
      <trkpt lat="42.83157717436552" lon="-6.756454333662987">
        <ele>1159</ele>
      </trkpt>
      <trkpt lat="42.831595446914434" lon="-6.756473779678345">
        <ele>1159</ele>
      </trkpt>
      <trkpt lat="42.83161288127303" lon="-6.756489789113402">
        <ele>1159</ele>
      </trkpt>
      <trkpt lat="42.831635596230626" lon="-6.756515270099044">
        <ele>1159</ele>
      </trkpt>
      <trkpt lat="42.83165294677019" lon="-6.7565359733998775">
        <ele>1159.199951171875</ele>
      </trkpt>
      <trkpt lat="42.83167381770909" lon="-6.756557011976838">
        <ele>1159.4000244140625</ele>
      </trkpt>
      <trkpt lat="42.83169653266668" lon="-6.75658106803894">
        <ele>1159.800048828125</ele>
      </trkpt>
      <trkpt lat="42.83171497285366" lon="-6.756598083302379">
        <ele>1160</ele>
      </trkpt>
      <trkpt lat="42.831737687811255" lon="-6.7566184513270855">
        <ele>1160</ele>
      </trkpt>
      <trkpt lat="42.83175981603563" lon="-6.7566443514078856">
        <ele>1160</ele>
      </trkpt>
      <trkpt lat="42.83178135752678" lon="-6.756653822958469">
        <ele>1159.800048828125</ele>
      </trkpt>
      <trkpt lat="42.831807509064674" lon="-6.75667486153543">
        <ele>1159.5999755859375</ele>
      </trkpt>
      <trkpt lat="42.831825194880366" lon="-6.756700845435262">
        <ele>1159.4000244140625</ele>
      </trkpt>
      <trkpt lat="42.831843635067344" lon="-6.756722722202539">
        <ele>1159.5999755859375</ele>
      </trkpt>
      <trkpt lat="42.83186777494848" lon="-6.756756668910384">
        <ele>1159.800048828125</ele>
      </trkpt>
      <trkpt lat="42.83188009634614" lon="-6.7567818984389305">
        <ele>1160</ele>
      </trkpt>
      <trkpt lat="42.83189660869539" lon="-6.756811486557126">
        <ele>1160.199951171875</ele>
      </trkpt>
      <trkpt lat="42.8319183178246" lon="-6.756837889552116">
        <ele>1160.199951171875</ele>
      </trkpt>
      <trkpt lat="42.83193198032677" lon="-6.756859431043267">
        <ele>1160.199951171875</ele>
      </trkpt>
      <trkpt lat="42.83194941468537" lon="-6.756890779361129">
        <ele>1160</ele>
      </trkpt>
      <trkpt lat="42.83195670694113" lon="-6.756916679441929">
        <ele>1160</ele>
      </trkpt>
      <trkpt lat="42.831970201805234" lon="-6.756943669170141">
        <ele>1160.199951171875</ele>
      </trkpt>
      <trkpt lat="42.831985875964165" lon="-6.756975939497352">
        <ele>1160.199951171875</ele>
      </trkpt>
      <trkpt lat="42.831996688619256" lon="-6.757001085206866">
        <ele>1160.4000244140625</ele>
      </trkpt>
      <trkpt lat="42.832008339464664" lon="-6.757032936438918">
        <ele>1160.4000244140625</ele>
      </trkpt>
      <trkpt lat="42.832018146291375" lon="-6.757066883146763">
        <ele>1160.4000244140625</ele>
      </trkpt>
      <trkpt lat="42.83202996477485" lon="-6.757095884531736">
        <ele>1160.199951171875</ele>
      </trkpt>
      <trkpt lat="42.83204387873411" lon="-6.757132261991501">
        <ele>1160</ele>
      </trkpt>
      <trkpt lat="42.83205343410373" lon="-6.757161850109696">
        <ele>1159.800048828125</ele>
      </trkpt>
      <trkpt lat="42.83206391148269" lon="-6.757195126265287">
        <ele>1159.5999755859375</ele>
      </trkpt>
      <trkpt lat="42.8320721257478" lon="-6.757233012467623">
        <ele>1159.5999755859375</ele>
      </trkpt>
      <trkpt lat="42.83208369277418" lon="-6.757260337471962">
        <ele>1159.4000244140625</ele>
      </trkpt>
      <trkpt lat="42.83209551125765" lon="-6.757292188704014">
        <ele>1159.4000244140625</ele>
      </trkpt>
      <trkpt lat="42.83210825175047" lon="-6.757324794307351">
        <ele>1159.4000244140625</ele>
      </trkpt>
      <trkpt lat="42.83212157897651" lon="-6.757349520921707">
        <ele>1159.4000244140625</ele>
      </trkpt>
      <trkpt lat="42.83214001916349" lon="-6.757387323305011">
        <ele>1159.4000244140625</ele>
      </trkpt>
      <trkpt lat="42.83214974217117" lon="-6.757415318861604">
        <ele>1159.4000244140625</ele>
      </trkpt>
      <trkpt lat="42.83216097392142" lon="-6.757446164265275">
        <ele>1159.199951171875</ele>
      </trkpt>
      <trkpt lat="42.83217363059521" lon="-6.757479272782803">
        <ele>1159</ele>
      </trkpt>
      <trkpt lat="42.83218016847968" lon="-6.757506933063269">
        <ele>1158.800048828125</ele>
      </trkpt>
      <trkpt lat="42.83218729309738" lon="-6.757540460675955">
        <ele>1158.5999755859375</ele>
      </trkpt>
      <trkpt lat="42.83218796364963" lon="-6.757575245574117">
        <ele>1158.5999755859375</ele>
      </trkpt>
      <trkpt lat="42.832191148772836" lon="-6.7576065100729465">
        <ele>1158.5999755859375</ele>
      </trkpt>
      <trkpt lat="42.83219584263861" lon="-6.7576391994953156">
        <ele>1158.5999755859375</ele>
      </trkpt>
      <trkpt lat="42.83219919539988" lon="-6.7576683685183525">
        <ele>1158.800048828125</ele>
      </trkpt>
      <trkpt lat="42.83220212906599" lon="-6.757696783170104">
        <ele>1158.800048828125</ele>
      </trkpt>
      <trkpt lat="42.83220112323761" lon="-6.757731903344393">
        <ele>1159</ele>
      </trkpt>
      <trkpt lat="42.83220732584596" lon="-6.757759228348732">
        <ele>1159</ele>
      </trkpt>
      <trkpt lat="42.832215372473" lon="-6.757789151743054">
        <ele>1159</ele>
      </trkpt>
      <trkpt lat="42.83221788704395" lon="-6.757824439555407">
        <ele>1159</ele>
      </trkpt>
      <trkpt lat="42.832223419100046" lon="-6.757851513102651">
        <ele>1159</ele>
      </trkpt>
      <trkpt lat="42.83222962170839" lon="-6.757887974381447">
        <ele>1159</ele>
      </trkpt>
      <trkpt lat="42.83224185928702" lon="-6.757917143404484">
        <ele>1159</ele>
      </trkpt>
      <trkpt lat="42.83225376158953" lon="-6.757943881675601">
        <ele>1159.199951171875</ele>
      </trkpt>
      <trkpt lat="42.83227052539587" lon="-6.757973888888955">
        <ele>1159.199951171875</ele>
      </trkpt>
      <trkpt lat="42.8322793263942" lon="-6.757994592189789">
        <ele>1159.4000244140625</ele>
      </trkpt>
      <trkpt lat="42.8322965092957" lon="-6.758020743727684">
        <ele>1159.4000244140625</ele>
      </trkpt>
      <trkpt lat="42.83230975270271" lon="-6.758050499483943">
        <ele>1159.5999755859375</ele>
      </trkpt>
      <trkpt lat="42.83232366666198" lon="-6.758072040975094">
        <ele>1159.5999755859375</ele>
      </trkpt>
      <trkpt lat="42.832337161526084" lon="-6.75810607150197">
        <ele>1159.5999755859375</ele>
      </trkpt>
      <trkpt lat="42.832344537600875" lon="-6.758131720125675">
        <ele>1159.4000244140625</ele>
      </trkpt>
      <trkpt lat="42.83235878683627" lon="-6.758154770359397">
        <ele>1159.4000244140625</ele>
      </trkpt>
      <trkpt lat="42.83237588591874" lon="-6.758191483095288">
        <ele>1159.199951171875</ele>
      </trkpt>
      <trkpt lat="42.83239030279219" lon="-6.7582188080996275">
        <ele>1159.4000244140625</ele>
      </trkpt>
      <trkpt lat="42.83240639604628" lon="-6.7582497373223305">
        <ele>1159.4000244140625</ele>
      </trkpt>
      <trkpt lat="42.83242341130972" lon="-6.758284857496619">
        <ele>1159.4000244140625</ele>
      </trkpt>
      <trkpt lat="42.8324365708977" lon="-6.758310589939356">
        <ele>1159.199951171875</ele>
      </trkpt>
      <trkpt lat="42.832450149580836" lon="-6.758343195542693">
        <ele>1159</ele>
      </trkpt>
      <trkpt lat="42.83246289007366" lon="-6.758376890793443">
        <ele>1159</ele>
      </trkpt>
      <trkpt lat="42.832474457100034" lon="-6.758405556902289">
        <ele>1158.800048828125</ele>
      </trkpt>
      <trkpt lat="42.83248778432608" lon="-6.758439503610134">
        <ele>1158.5999755859375</ele>
      </trkpt>
      <trkpt lat="42.832494992762804" lon="-6.758468756452203">
        <ele>1158.5999755859375</ele>
      </trkpt>
      <trkpt lat="42.83250362612307" lon="-6.758497590199113">
        <ele>1158.5999755859375</ele>
      </trkpt>
      <trkpt lat="42.832512091845274" lon="-6.75853262655437">
        <ele>1158.800048828125</ele>
      </trkpt>
      <trkpt lat="42.83252030611038" lon="-6.758558275178075">
        <ele>1158.800048828125</ele>
      </trkpt>
      <trkpt lat="42.83252994529903" lon="-6.758588282391429">
        <ele>1159</ele>
      </trkpt>
      <trkpt lat="42.832535644993186" lon="-6.758623570203781">
        <ele>1158.800048828125</ele>
      </trkpt>
      <trkpt lat="42.83254184760153" lon="-6.758648045361042">
        <ele>1158.800048828125</ele>
      </trkpt>
      <trkpt lat="42.8325486369431" lon="-6.758682746440172">
        <ele>1158.5999755859375</ele>
      </trkpt>
      <trkpt lat="42.83255475573242" lon="-6.758711328729987">
        <ele>1158.5999755859375</ele>
      </trkpt>
      <trkpt lat="42.83256322145462" lon="-6.758738402277231">
        <ele>1158.5999755859375</ele>
      </trkpt>
      <trkpt lat="42.832574201747775" lon="-6.758772516623139">
        <ele>1158.800048828125</ele>
      </trkpt>
      <trkpt lat="42.83258266746998" lon="-6.758802188560367">
        <ele>1158.800048828125</ele>
      </trkpt>
      <trkpt lat="42.83259306102991" lon="-6.758835632354021">
        <ele>1158.800048828125</ele>
      </trkpt>
      <trkpt lat="42.832598593086004" lon="-6.758868405595422">
        <ele>1158.800048828125</ele>
      </trkpt>
      <trkpt lat="42.83260672353208" lon="-6.758893299847841">
        <ele>1158.800048828125</ele>
      </trkpt>
      <trkpt lat="42.832617620006204" lon="-6.758925151079893">
        <ele>1158.800048828125</ele>
      </trkpt>
      <trkpt lat="42.83262466080487" lon="-6.75895482301712">
        <ele>1158.800048828125</ele>
      </trkpt>
      <trkpt lat="42.83263790421188" lon="-6.75897971726954">
        <ele>1158.800048828125</ele>
      </trkpt>
      <trkpt lat="42.83265466801822" lon="-6.75902078859508">
        <ele>1158.800048828125</ele>
      </trkpt>
      <trkpt lat="42.832665145397186" lon="-6.759049203246832">
        <ele>1158.800048828125</ele>
      </trkpt>
      <trkpt lat="42.83267897553742" lon="-6.759076276794076">
        <ele>1158.5999755859375</ele>
      </trkpt>
      <trkpt lat="42.832694398239255" lon="-6.759111816063523">
        <ele>1158.5999755859375</ele>
      </trkpt>
      <trkpt lat="42.832704121246934" lon="-6.759140733629465">
        <ele>1158.5999755859375</ele>
      </trkpt>
      <trkpt lat="42.832714933902025" lon="-6.759172501042485">
        <ele>1158.4000244140625</ele>
      </trkpt>
      <trkpt lat="42.832718789577484" lon="-6.759210471063852">
        <ele>1158.4000244140625</ele>
      </trkpt>
      <trkpt lat="42.832726165652275" lon="-6.759236371144652">
        <ele>1158.199951171875</ele>
      </trkpt>
      <trkpt lat="42.83273312263191" lon="-6.759265037253499">
        <ele>1158.199951171875</ele>
      </trkpt>
      <trkpt lat="42.83273614011705" lon="-6.759297391399741">
        <ele>1158</ele>
      </trkpt>
      <trkpt lat="42.83274242654443" lon="-6.759324884042144">
        <ele>1158</ele>
      </trkpt>
      <trkpt lat="42.83274997025728" lon="-6.75935497507453">
        <ele>1158</ele>
      </trkpt>
      <trkpt lat="42.832756424322724" lon="-6.759387161582708">
        <ele>1158.199951171875</ele>
      </trkpt>
      <trkpt lat="42.832763716578484" lon="-6.759413396939635">
        <ele>1158.4000244140625</ele>
      </trkpt>
      <trkpt lat="42.8327748645097" lon="-6.759448433294892">
        <ele>1158.4000244140625</ele>
      </trkpt>
      <trkpt lat="42.83278073184192" lon="-6.759478356689215">
        <ele>1158.5999755859375</ele>
      </trkpt>
      <trkpt lat="42.83278902992606" lon="-6.759508363902569">
        <ele>1158.800048828125</ele>
      </trkpt>
      <trkpt lat="42.83279447816312" lon="-6.759540885686874">
        <ele>1158.800048828125</ele>
      </trkpt>
      <trkpt lat="42.832802943885326" lon="-6.759569048881531">
        <ele>1158.800048828125</ele>
      </trkpt>
      <trkpt lat="42.83280981704593" lon="-6.75960567779839">
        <ele>1158.5999755859375</ele>
      </trkpt>
      <trkpt lat="42.83281526528299" lon="-6.759638199582696">
        <ele>1158.5999755859375</ele>
      </trkpt>
      <trkpt lat="42.83282448537648" lon="-6.759666781872511">
        <ele>1158.5999755859375</ele>
      </trkpt>
      <trkpt lat="42.83283345401287" lon="-6.759702069684863">
        <ele>1158.5999755859375</ele>
      </trkpt>
      <trkpt lat="42.83284259028733" lon="-6.759731154888868">
        <ele>1158.800048828125</ele>
      </trkpt>
      <trkpt lat="42.832851726561785" lon="-6.759760156273842">
        <ele>1158.800048828125</ele>
      </trkpt>
      <trkpt lat="42.83286270685494" lon="-6.7597938515245914">
        <ele>1158.800048828125</ele>
      </trkpt>
      <trkpt lat="42.832869831472635" lon="-6.759818410500884">
        <ele>1158.800048828125</ele>
      </trkpt>
      <trkpt lat="42.83287871629" lon="-6.759852357208729">
        <ele>1158.5999755859375</ele>
      </trkpt>
      <trkpt lat="42.8328855894506" lon="-6.759886471554637">
        <ele>1158.5999755859375</ele>
      </trkpt>
      <trkpt lat="42.83289648592472" lon="-6.759913880378008">
        <ele>1158.4000244140625</ele>
      </trkpt>
      <trkpt lat="42.83290637657046" lon="-6.759946821257472">
        <ele>1158.4000244140625</ele>
      </trkpt>
      <trkpt lat="42.832913333550096" lon="-6.759981773793697">
        <ele>1158.4000244140625</ele>
      </trkpt>
      <trkpt lat="42.832924481481314" lon="-6.760011110454798">
        <ele>1158.4000244140625</ele>
      </trkpt>
      <trkpt lat="42.832937305793166" lon="-6.760047068819404">
        <ele>1158.5999755859375</ele>
      </trkpt>
      <trkpt lat="42.83294786699116" lon="-6.760074142366648">
        <ele>1158.5999755859375</ele>
      </trkpt>
      <trkpt lat="42.83295909874141" lon="-6.760103311389685">
        <ele>1158.5999755859375</ele>
      </trkpt>
      <trkpt lat="42.83296789973974" lon="-6.760136587545276">
        <ele>1158.5999755859375</ele>
      </trkpt>
      <trkpt lat="42.83297577872872" lon="-6.760161817073822">
        <ele>1158.800048828125</ele>
      </trkpt>
      <trkpt lat="42.83298340626061" lon="-6.760192411020398">
        <ele>1158.800048828125</ele>
      </trkpt>
      <trkpt lat="42.83298407681286" lon="-6.760227782651782">
        <ele>1158.800048828125</ele>
      </trkpt>
      <trkpt lat="42.83299086615443" lon="-6.760254940018058">
        <ele>1158.800048828125</ele>
      </trkpt>
      <trkpt lat="42.83299891278148" lon="-6.760287545621395">
        <ele>1158.800048828125</ele>
      </trkpt>
      <trkpt lat="42.833008635789156" lon="-6.760318474844098">
        <ele>1158.5999755859375</ele>
      </trkpt>
      <trkpt lat="42.8330166824162" lon="-6.76034395582974">
        <ele>1158.800048828125</ele>
      </trkpt>
      <trkpt lat="42.83302799798548" lon="-6.76037966273725">
        <ele>1158.800048828125</ele>
      </trkpt>
      <trkpt lat="42.83303487114608" lon="-6.760404808446765">
        <ele>1158.800048828125</ele>
      </trkpt>
      <trkpt lat="42.833045767620206" lon="-6.76042995415628">
        <ele>1159</ele>
      </trkpt>
      <trkpt lat="42.833060855045915" lon="-6.760458201169968">
        <ele>1159</ele>
      </trkpt>
      <trkpt lat="42.833072170615196" lon="-6.760480748489499">
        <ele>1159</ele>
      </trkpt>
      <trkpt lat="42.833083821460605" lon="-6.760511677712202">
        <ele>1159</ele>
      </trkpt>
      <trkpt lat="42.83309924416244" lon="-6.760543528944254">
        <ele>1159</ele>
      </trkpt>
      <trkpt lat="42.83311290666461" lon="-6.7605687584728">
        <ele>1159</ele>
      </trkpt>
      <trkpt lat="42.83313293941319" lon="-6.760601866990328">
        <ele>1159</ele>
      </trkpt>
      <trkpt lat="42.83314953558147" lon="-6.76062785089016">
        <ele>1158.800048828125</ele>
      </trkpt>
      <trkpt lat="42.8331652097404" lon="-6.760653918609023">
        <ele>1158.800048828125</ele>
      </trkpt>
      <trkpt lat="42.83318432047963" lon="-6.760686691850424">
        <ele>1158.800048828125</ele>
      </trkpt>
      <trkpt lat="42.83319806680083" lon="-6.76071091555059">
        <ele>1159</ele>
      </trkpt>
      <trkpt lat="42.83321063965559" lon="-6.760741174221039">
        <ele>1159</ele>
      </trkpt>
      <trkpt lat="42.83322664909065" lon="-6.760772354900837">
        <ele>1159</ele>
      </trkpt>
      <trkpt lat="42.833241652697325" lon="-6.760795991867781">
        <ele>1159</ele>
      </trkpt>
      <trkpt lat="42.83325497992337" lon="-6.760826334357262">
        <ele>1159</ele>
      </trkpt>
      <trkpt lat="42.83326688222587" lon="-6.7608570121228695">
        <ele>1158.800048828125</ele>
      </trkpt>
      <trkpt lat="42.83328188583255" lon="-6.760884923860431">
        <ele>1158.5999755859375</ele>
      </trkpt>
      <trkpt lat="42.83329990692437" lon="-6.7609218042343855">
        <ele>1158.5999755859375</ele>
      </trkpt>
      <trkpt lat="42.833309546113014" lon="-6.760951224714518">
        <ele>1158.5999755859375</ele>
      </trkpt>
      <trkpt lat="42.83332463353872" lon="-6.76098165102303">
        <ele>1158.4000244140625</ele>
      </trkpt>
      <trkpt lat="42.83333661966026" lon="-6.761017609387636">
        <ele>1158.4000244140625</ele>
      </trkpt>
      <trkpt lat="42.83334692940116" lon="-6.761043928563595">
        <ele>1158.4000244140625</ele>
      </trkpt>
      <trkpt lat="42.83335757441819" lon="-6.761076031252742">
        <ele>1158.4000244140625</ele>
      </trkpt>
      <trkpt lat="42.8333655372262" lon="-6.761106876656413">
        <ele>1158.199951171875</ele>
      </trkpt>
      <trkpt lat="42.8333742544055" lon="-6.761136716231704">
        <ele>1158.4000244140625</ele>
      </trkpt>
      <trkpt lat="42.83338540233672" lon="-6.761174015700817">
        <ele>1158.4000244140625</ele>
      </trkpt>
      <trkpt lat="42.83339789137244" lon="-6.761201256886125">
        <ele>1158.4000244140625</ele>
      </trkpt>
      <trkpt lat="42.833409290760756" lon="-6.761230258271098">
        <ele>1158.5999755859375</ele>
      </trkpt>
      <trkpt lat="42.83342278562486" lon="-6.761264456436038">
        <ele>1158.5999755859375</ele>
      </trkpt>
      <trkpt lat="42.83343669958413" lon="-6.761291278526187">
        <ele>1158.5999755859375</ele>
      </trkpt>
      <trkpt lat="42.83344432711601" lon="-6.761323967948556">
        <ele>1158.800048828125</ele>
      </trkpt>
      <trkpt lat="42.83344818279147" lon="-6.761358585208654">
        <ele>1158.800048828125</ele>
      </trkpt>
      <trkpt lat="42.83345505595207" lon="-6.761383982375264">
        <ele>1158.800048828125</ele>
      </trkpt>
      <trkpt lat="42.8334641084075" lon="-6.761412816122174">
        <ele>1158.800048828125</ele>
      </trkpt>
      <trkpt lat="42.83347433432937" lon="-6.761436956003308">
        <ele>1158.800048828125</ele>
      </trkpt>
      <trkpt lat="42.833483470603824" lon="-6.761462269350886">
        <ele>1158.800048828125</ele>
      </trkpt>
      <trkpt lat="42.833495708182454" lon="-6.761502251029015">
        <ele>1159</ele>
      </trkpt>
      <trkpt lat="42.833507023751736" lon="-6.761527732014656">
        <ele>1159.199951171875</ele>
      </trkpt>
      <trkpt lat="42.83351942896843" lon="-6.761556984856725">
        <ele>1159.199951171875</ele>
      </trkpt>
      <trkpt lat="42.8335381206125" lon="-6.761592356488109">
        <ele>1159.4000244140625</ele>
      </trkpt>
      <trkpt lat="42.83355136401951" lon="-6.76161834038794">
        <ele>1159.4000244140625</ele>
      </trkpt>
      <trkpt lat="42.833566116169095" lon="-6.761648766696453">
        <ele>1159.199951171875</ele>
      </trkpt>
      <trkpt lat="42.833576342090964" lon="-6.761682545766234">
        <ele>1159.199951171875</ele>
      </trkpt>
      <trkpt lat="42.83358631655574" lon="-6.761708864942193">
        <ele>1159.199951171875</ele>
      </trkpt>
      <trkpt lat="42.83360140398145" lon="-6.761742979288101">
        <ele>1159.199951171875</ele>
      </trkpt>
      <trkpt lat="42.83361665904522" lon="-6.761767286807299">
        <ele>1159.199951171875</ele>
      </trkpt>
      <trkpt lat="42.833629567176104" lon="-6.761795533820987">
        <ele>1159.4000244140625</ele>
      </trkpt>
      <trkpt lat="42.83363979309797" lon="-6.761833420023322">
        <ele>1159.4000244140625</ele>
      </trkpt>
      <trkpt lat="42.833650689572096" lon="-6.7618621699512005">
        <ele>1159.4000244140625</ele>
      </trkpt>
      <trkpt lat="42.83365974202752" lon="-6.76189536228776">
        <ele>1159.4000244140625</ele>
      </trkpt>
      <trkpt lat="42.83367541618645" lon="-6.761928386986256">
        <ele>1159.4000244140625</ele>
      </trkpt>
      <trkpt lat="42.833691174164414" lon="-6.761954287067056">
        <ele>1159.199951171875</ele>
      </trkpt>
      <trkpt lat="42.83371246419847" lon="-6.761989826336503">
        <ele>1159.199951171875</ele>
      </trkpt>
      <trkpt lat="42.83373056910932" lon="-6.762015726417303">
        <ele>1159.199951171875</ele>
      </trkpt>
      <trkpt lat="42.83374657854438" lon="-6.762044224888086">
        <ele>1159.4000244140625</ele>
      </trkpt>
      <trkpt lat="42.83375940285623" lon="-6.762082111090422">
        <ele>1159.4000244140625</ele>
      </trkpt>
      <trkpt lat="42.83377264626324" lon="-6.762108011171222">
        <ele>1159.4000244140625</ele>
      </trkpt>
      <trkpt lat="42.83378513529897" lon="-6.762145226821303">
        <ele>1159.4000244140625</ele>
      </trkpt>
      <trkpt lat="42.83379837870598" lon="-6.762175401672721">
        <ele>1159.4000244140625</ele>
      </trkpt>
      <trkpt lat="42.83380868844688" lon="-6.76220465451479">
        <ele>1159.4000244140625</ele>
      </trkpt>
      <trkpt lat="42.83381815999746" lon="-6.76224329508841">
        <ele>1159.4000244140625</ele>
      </trkpt>
      <trkpt lat="42.833825033158064" lon="-6.762272464111447">
        <ele>1159.5999755859375</ele>
      </trkpt>
      <trkpt lat="42.83383081667125" lon="-6.762303980067372">
        <ele>1159.4000244140625</ele>
      </trkpt>
      <trkpt lat="42.83383710309863" lon="-6.762338262051344">
        <ele>1159.4000244140625</ele>
      </trkpt>
      <trkpt lat="42.833841713145375" lon="-6.762370616197586">
        <ele>1159.199951171875</ele>
      </trkpt>
      <trkpt lat="42.833846071735024" lon="-6.762402132153511">
        <ele>1159</ele>
      </trkpt>
      <trkpt lat="42.833846071735024" lon="-6.762431971728802">
        <ele>1159</ele>
      </trkpt>
      <trkpt lat="42.83384598791599" lon="-6.762459212914109">
        <ele>1159</ele>
      </trkpt>
      <trkpt lat="42.83384816721082" lon="-6.762495338916779">
        <ele>1159.199951171875</ele>
      </trkpt>
      <trkpt lat="42.83384833484888" lon="-6.762526100501418">
        <ele>1159.199951171875</ele>
      </trkpt>
      <trkpt lat="42.833845065906644" lon="-6.762566668912768">
        <ele>1159.4000244140625</ele>
      </trkpt>
      <trkpt lat="42.833843724802136" lon="-6.762603633105755">
        <ele>1159.4000244140625</ele>
      </trkpt>
      <trkpt lat="42.8338457364589" lon="-6.762638669461012">
        <ele>1159.199951171875</ele>
      </trkpt>
      <trkpt lat="42.83384439535439" lon="-6.762673454359174">
        <ele>1159.199951171875</ele>
      </trkpt>
      <trkpt lat="42.833850514143705" lon="-6.762702036648989">
        <ele>1159.199951171875</ele>
      </trkpt>
      <trkpt lat="42.83385462127626" lon="-6.762736402451992">
        <ele>1159</ele>
      </trkpt>
      <trkpt lat="42.8338557947427" lon="-6.762773115187883">
        <ele>1159</ele>
      </trkpt>
      <trkpt lat="42.83386208117008" lon="-6.762798596173525">
        <ele>1159</ele>
      </trkpt>
      <trkpt lat="42.833868116140366" lon="-6.762839583680034">
        <ele>1159</ele>
      </trkpt>
      <trkpt lat="42.833869038149714" lon="-6.762873949483037">
        <ele>1158.800048828125</ele>
      </trkpt>
      <trkpt lat="42.83387222327292" lon="-6.762909404933453">
        <ele>1158.800048828125</ele>
      </trkpt>
      <trkpt lat="42.83387406729162" lon="-6.762948799878359">
        <ele>1158.800048828125</ele>
      </trkpt>
      <trkpt lat="42.83388094045222" lon="-6.762978136539459">
        <ele>1158.800048828125</ele>
      </trkpt>
      <trkpt lat="42.83388588577509" lon="-6.763007892295718">
        <ele>1158.800048828125</ele>
      </trkpt>
      <trkpt lat="42.833889070898294" lon="-6.763041000813246">
        <ele>1159</ele>
      </trkpt>
      <trkpt lat="42.833894519135356" lon="-6.7630720138549805">
        <ele>1159</ele>
      </trkpt>
      <trkpt lat="42.83390399068594" lon="-6.7631093971431255">
        <ele>1159.199951171875</ele>
      </trkpt>
      <trkpt lat="42.83390893600881" lon="-6.7631356325000525">
        <ele>1159.199951171875</ele>
      </trkpt>
      <trkpt lat="42.833908600732684" lon="-6.763168154284358">
        <ele>1159.199951171875</ele>
      </trkpt>
      <trkpt lat="42.83390013501048" lon="-6.763199334964156">
        <ele>1159.199951171875</ele>
      </trkpt>
      <trkpt lat="42.83389678224921" lon="-6.763224480673671">
        <ele>1159</ele>
      </trkpt>
      <trkpt lat="42.83388747833669" lon="-6.763253901153803">
        <ele>1158.800048828125</ele>
      </trkpt>
      <trkpt lat="42.83387892879546" lon="-6.763275107368827">
        <ele>1158.800048828125</ele>
      </trkpt>
      <trkpt lat="42.8338716365397" lon="-6.763297067955136">
        <ele>1159</ele>
      </trkpt>
      <trkpt lat="42.833856884390116" lon="-6.763321375474334">
        <ele>1159.199951171875</ele>
      </trkpt>
      <trkpt lat="42.833849005401134" lon="-6.7633426655083895">
        <ele>1159.4000244140625</ele>
      </trkpt>
      <trkpt lat="42.83383995294571" lon="-6.763365129008889">
        <ele>1159.800048828125</ele>
      </trkpt>
      <trkpt lat="42.833823692053556" lon="-6.7633880116045475">
        <ele>1160.199951171875</ele>
      </trkpt>
      <trkpt lat="42.833816315978765" lon="-6.763399662449956">
        <ele>1160.4000244140625</ele>
      </trkpt>
      <trkpt lat="42.833806006237864" lon="-6.763414330780506">
        <ele>1160.5999755859375</ele>
      </trkpt>
      <trkpt lat="42.83378764986992" lon="-6.7634286638349295">
        <ele>1160.800048828125</ele>
      </trkpt>
      <trkpt lat="42.83378127962351" lon="-6.763442996889353">
        <ele>1161.199951171875</ele>
      </trkpt>
      <trkpt lat="42.833768874406815" lon="-6.763457749038935">
        <ele>1161.4000244140625</ele>
      </trkpt>
      <trkpt lat="42.833747416734695" lon="-6.763474680483341">
        <ele>1161.800048828125</ele>
      </trkpt>
      <trkpt lat="42.83373593352735" lon="-6.763491109013557">
        <ele>1162</ele>
      </trkpt>
      <trkpt lat="42.83372377976775" lon="-6.763509130105376">
        <ele>1162.199951171875</ele>
      </trkpt>
      <trkpt lat="42.8337038308382" lon="-6.763534359633923">
        <ele>1162.4000244140625</ele>
      </trkpt>
      <trkpt lat="42.833689749240875" lon="-6.763556990772486">
        <ele>1162.199951171875</ele>
      </trkpt>
      <trkpt lat="42.83368011005223" lon="-6.763590183109045">
        <ele>1162</ele>
      </trkpt>
      <trkpt lat="42.833674577996135" lon="-6.763623291626573">
        <ele>1161.800048828125</ele>
      </trkpt>
      <trkpt lat="42.8336729016155" lon="-6.763653634116054">
        <ele>1161.5999755859375</ele>
      </trkpt>
      <trkpt lat="42.833675500005484" lon="-6.763700991868973">
        <ele>1161.5999755859375</ele>
      </trkpt>
      <trkpt lat="42.83367030322552" lon="-6.763739213347435">
        <ele>1161.4000244140625</ele>
      </trkpt>
      <trkpt lat="42.833668291568756" lon="-6.763776428997517">
        <ele>1161.4000244140625</ele>
      </trkpt>
      <trkpt lat="42.83366368152201" lon="-6.763819511979818">
        <ele>1161.4000244140625</ele>
      </trkpt>
      <trkpt lat="42.83366510644555" lon="-6.7638518661260605">
        <ele>1161.4000244140625</ele>
      </trkpt>
      <trkpt lat="42.83366158604622" lon="-6.7638857290148735">
        <ele>1161.199951171875</ele>
      </trkpt>
      <trkpt lat="42.833655718714" lon="-6.76392319612205">
        <ele>1161.199951171875</ele>
      </trkpt>
      <trkpt lat="42.83366250805557" lon="-6.763958232477307">
        <ele>1161</ele>
      </trkpt>
      <trkpt lat="42.83366502262652" lon="-6.763998214155436">
        <ele>1160.800048828125</ele>
      </trkpt>
      <trkpt lat="42.83366108313203" lon="-6.7640232760459185">
        <ele>1160.5999755859375</ele>
      </trkpt>
      <trkpt lat="42.83365957438946" lon="-6.764054037630558">
        <ele>1160.4000244140625</ele>
      </trkpt>
      <trkpt lat="42.833664352074265" lon="-6.764095695689321">
        <ele>1160.199951171875</ele>
      </trkpt>
      <trkpt lat="42.83365856856108" lon="-6.764135090634227">
        <ele>1160</ele>
      </trkpt>
      <trkpt lat="42.83365622162819" lon="-6.764168282970786">
        <ele>1160</ele>
      </trkpt>
      <trkpt lat="42.833648761734366" lon="-6.7642055824398994">
        <ele>1159.800048828125</ele>
      </trkpt>
      <trkpt lat="42.83364322967827" lon="-6.764236344024539">
        <ele>1159.800048828125</ele>
      </trkpt>
      <trkpt lat="42.833639876917005" lon="-6.764264423400164">
        <ele>1159.800048828125</ele>
      </trkpt>
      <trkpt lat="42.83364021219313" lon="-6.764306668192148">
        <ele>1159.800048828125</ele>
      </trkpt>
      <trkpt lat="42.83363476395607" lon="-6.764337932690978">
        <ele>1159.800048828125</ele>
      </trkpt>
      <trkpt lat="42.83363610506058" lon="-6.764359641820192">
        <ele>1159.800048828125</ele>
      </trkpt>
      <trkpt lat="42.83363476395607" lon="-6.764381853863597">
        <ele>1159.5999755859375</ele>
      </trkpt>
      <trkpt lat="42.833637027069926" lon="-6.764394175261259">
        <ele>1159.5999755859375</ele>
      </trkpt>
      <trkpt lat="42.83364633098245" lon="-6.764420578256249">
        <ele>1159.4000244140625</ele>
      </trkpt>
      <trkpt lat="42.833658400923014" lon="-6.764434492215514">
        <ele>1159.5999755859375</ele>
      </trkpt>
      <trkpt lat="42.833670722320676" lon="-6.76444455049932">
        <ele>1159.5999755859375</ele>
      </trkpt>
      <trkpt lat="42.833687318488955" lon="-6.764447232708335">
        <ele>1159.800048828125</ele>
      </trkpt>
      <trkpt lat="42.83370953053236" lon="-6.764451926574111">
        <ele>1160</ele>
      </trkpt>
      <trkpt lat="42.83372553996742" lon="-6.7644482385367155">
        <ele>1160.199951171875</ele>
      </trkpt>
      <trkpt lat="42.83374423161149" lon="-6.764439605176449">
        <ele>1160.4000244140625</ele>
      </trkpt>
      <trkpt lat="42.83376183360815" lon="-6.764426697045565">
        <ele>1160.4000244140625</ele>
      </trkpt>
      <trkpt lat="42.83377457410097" lon="-6.764414208009839">
        <ele>1160.5999755859375</ele>
      </trkpt>
      <trkpt lat="42.83378982916474" lon="-6.76439912058413">
        <ele>1160.800048828125</ele>
      </trkpt>
      <trkpt lat="42.833804078400135" lon="-6.764384787529707">
        <ele>1161</ele>
      </trkpt>
      <trkpt lat="42.83381313085556" lon="-6.764363497495651">
        <ele>1161.199951171875</ele>
      </trkpt>
      <trkpt lat="42.833828972652555" lon="-6.764340614899993">
        <ele>1161.4000244140625</ele>
      </trkpt>
      <trkpt lat="42.83385453745723" lon="-6.764321671798825">
        <ele>1161.199951171875</ele>
      </trkpt>
      <trkpt lat="42.833872977644205" lon="-6.764306500554085">
        <ele>1160.800048828125</ele>
      </trkpt>
      <trkpt lat="42.833901811391115" lon="-6.76429602317512">
        <ele>1160.4000244140625</ele>
      </trkpt>
      <trkpt lat="42.83392595127225" lon="-6.764287976548076">
        <ele>1160</ele>
      </trkpt>
      <trkpt lat="42.83394472673535" lon="-6.764273559674621">
        <ele>1159.5999755859375</ele>
      </trkpt>
      <trkpt lat="42.8339768294245" lon="-6.764265010133386">
        <ele>1159.199951171875</ele>
      </trkpt>
      <trkpt lat="42.834000466391444" lon="-6.764259561896324">
        <ele>1159.199951171875</ele>
      </trkpt>
      <trkpt lat="42.83402158878744" lon="-6.764259310439229">
        <ele>1159</ele>
      </trkpt>
      <trkpt lat="42.8340526856482" lon="-6.764262747019529">
        <ele>1159</ele>
      </trkpt>
      <trkpt lat="42.83407456241548" lon="-6.764258304610848">
        <ele>1159</ele>
      </trkpt>
      <trkpt lat="42.83409593626857" lon="-6.764248162508011">
        <ele>1158.800048828125</ele>
      </trkpt>
      <trkpt lat="42.83412745222449" lon="-6.764242127537727">
        <ele>1158.5999755859375</ele>
      </trkpt>
      <trkpt lat="42.83414974808693" lon="-6.764233410358429">
        <ele>1158.5999755859375</ele>
      </trkpt>
      <trkpt lat="42.83417330123484" lon="-6.764221424236894">
        <ele>1158.5999755859375</ele>
      </trkpt>
      <trkpt lat="42.83420456573367" lon="-6.764212790876627">
        <ele>1158.5999755859375</ele>
      </trkpt>
      <trkpt lat="42.834224347025156" lon="-6.764204325154424">
        <ele>1158.5999755859375</ele>
      </trkpt>
      <trkpt lat="42.83424748107791" lon="-6.764198625460267">
        <ele>1159</ele>
      </trkpt>
      <trkpt lat="42.83427597954869" lon="-6.764199882745743">
        <ele>1159.199951171875</ele>
      </trkpt>
      <trkpt lat="42.83429425209761" lon="-6.764196613803506">
        <ele>1159.4000244140625</ele>
      </trkpt>
      <trkpt lat="42.834315123036504" lon="-6.764194602146745">
        <ele>1159.5999755859375</ele>
      </trkpt>
      <trkpt lat="42.834341023117304" lon="-6.764200469478965">
        <ele>1159.5999755859375</ele>
      </trkpt>
      <trkpt lat="42.83435644581914" lon="-6.764198122546077">
        <ele>1159.4000244140625</ele>
      </trkpt>
      <trkpt lat="42.83437798731029" lon="-6.764191333204508">
        <ele>1159</ele>
      </trkpt>
      <trkpt lat="42.83440078608692" lon="-6.764188567176461">
        <ele>1159</ele>
      </trkpt>
      <trkpt lat="42.83441612496972" lon="-6.764180436730385">
        <ele>1159</ele>
      </trkpt>
      <trkpt lat="42.83443791791797" lon="-6.764170629903674">
        <ele>1159</ele>
      </trkpt>
      <trkpt lat="42.83446071669459" lon="-6.764165349304676">
        <ele>1159.199951171875</ele>
      </trkpt>
      <trkpt lat="42.83447655849159" lon="-6.7641552072018385">
        <ele>1159.5999755859375</ele>
      </trkpt>
      <trkpt lat="42.834501788020134" lon="-6.764146573841572">
        <ele>1159.800048828125</ele>
      </trkpt>
      <trkpt lat="42.834524754434824" lon="-6.764143472537398">
        <ele>1160.199951171875</ele>
      </trkpt>
      <trkpt lat="42.8345416020602" lon="-6.7641334142535925">
        <ele>1160.4000244140625</ele>
      </trkpt>
      <trkpt lat="42.83456356264651" lon="-6.764121763408184">
        <ele>1160.5999755859375</ele>
      </trkpt>
      <trkpt lat="42.83458770252764" lon="-6.7641122080385685">
        <ele>1160.800048828125</ele>
      </trkpt>
      <trkpt lat="42.83460505306721" lon="-6.764107095077634">
        <ele>1161</ele>
      </trkpt>
      <trkpt lat="42.83462416380644" lon="-6.7641030717641115">
        <ele>1161.199951171875</ele>
      </trkpt>
      <trkpt lat="42.83465106971562" lon="-6.764112627133727">
        <ele>1161.5999755859375</ele>
      </trkpt>
      <trkpt lat="42.834669006988406" lon="-6.7641163151711226">
        <ele>1161.800048828125</ele>
      </trkpt>
      <trkpt lat="42.834688536822796" lon="-6.764122098684311">
        <ele>1162</ele>
      </trkpt>
      <trkpt lat="42.83470965921879" lon="-6.764143472537398">
        <ele>1162</ele>
      </trkpt>
      <trkpt lat="42.83472441136837" lon="-6.76416115835309">
        <ele>1162</ele>
      </trkpt>
      <trkpt lat="42.83474234864116" lon="-6.764182532206178">
        <ele>1161.800048828125</ele>
      </trkpt>
      <trkpt lat="42.834756346419454" lon="-6.764213293790817">
        <ele>1161.800048828125</ele>
      </trkpt>
      <trkpt lat="42.83477051183581" lon="-6.764236427843571">
        <ele>1161.5999755859375</ele>
      </trkpt>
      <trkpt lat="42.8347866050899" lon="-6.764261070638895">
        <ele>1161.5999755859375</ele>
      </trkpt>
      <trkpt lat="42.83480211161077" lon="-6.764289233833551">
        <ele>1161.5999755859375</ele>
      </trkpt>
      <trkpt lat="42.83481535501778" lon="-6.764312200248241">
        <ele>1161.5999755859375</ele>
      </trkpt>
      <trkpt lat="42.83482700586319" lon="-6.764336256310344">
        <ele>1161.800048828125</ele>
      </trkpt>
      <trkpt lat="42.83483874052763" lon="-6.764364084228873">
        <ele>1161.800048828125</ele>
      </trkpt>
      <trkpt lat="42.83484955318272" lon="-6.764388978481293">
        <ele>1162</ele>
      </trkpt>
      <trkpt lat="42.83486371859908" lon="-6.764422506093979">
        <ele>1162</ele>
      </trkpt>
      <trkpt lat="42.83487536944449" lon="-6.7644476518034935">
        <ele>1162</ele>
      </trkpt>
      <trkpt lat="42.83489062450826" lon="-6.764473216608167">
        <ele>1162.199951171875</ele>
      </trkpt>
      <trkpt lat="42.83490487374365" lon="-6.76450707949698">
        <ele>1162.199951171875</ele>
      </trkpt>
      <trkpt lat="42.83491887152195" lon="-6.764530465006828">
        <ele>1162.4000244140625</ele>
      </trkpt>
      <trkpt lat="42.83493119291961" lon="-6.764554604887962">
        <ele>1162.4000244140625</ele>
      </trkpt>
      <trkpt lat="42.83494326286018" lon="-6.764580924063921">
        <ele>1162.4000244140625</ele>
      </trkpt>
      <trkpt lat="42.83495751209557" lon="-6.764604058116674">
        <ele>1162.4000244140625</ele>
      </trkpt>
      <trkpt lat="42.83496807329357" lon="-6.764630880206823">
        <ele>1162.4000244140625</ele>
      </trkpt>
      <trkpt lat="42.8349766228348" lon="-6.764658372849226">
        <ele>1162.4000244140625</ele>
      </trkpt>
      <trkpt lat="42.83498483709991" lon="-6.764684356749058">
        <ele>1162.4000244140625</ele>
      </trkpt>
      <trkpt lat="42.83499816432595" lon="-6.764712184667587">
        <ele>1162.4000244140625</ele>
      </trkpt>
      <trkpt lat="42.83502196893096" lon="-6.764744287356734">
        <ele>1162.4000244140625</ele>
      </trkpt>
      <trkpt lat="42.835037307813764" lon="-6.7647698521614075">
        <ele>1162.199951171875</ele>
      </trkpt>
      <trkpt lat="42.83505507744849" lon="-6.764789130538702">
        <ele>1162.199951171875</ele>
      </trkpt>
      <trkpt lat="42.83507829532027" lon="-6.764809247106314">
        <ele>1162</ele>
      </trkpt>
      <trkpt lat="42.83509145490825" lon="-6.764815449714661">
        <ele>1161.800048828125</ele>
      </trkpt>
      <trkpt lat="42.8351098112762" lon="-6.764818802475929">
        <ele>1161.800048828125</ele>
      </trkpt>
      <trkpt lat="42.835136130452156" lon="-6.764831794425845">
        <ele>1161.800048828125</ele>
      </trkpt>
      <trkpt lat="42.83515239134431" lon="-6.764832464978099">
        <ele>1161.800048828125</ele>
      </trkpt>
      <trkpt lat="42.835177620872855" lon="-6.764833386987448">
        <ele>1162</ele>
      </trkpt>
      <trkpt lat="42.835201090201735" lon="-6.764843529090285">
        <ele>1162.199951171875</ele>
      </trkpt>
      <trkpt lat="42.835220620036125" lon="-6.764850988984108">
        <ele>1162.4000244140625</ele>
      </trkpt>
      <trkpt lat="42.835242580622435" lon="-6.764866327866912">
        <ele>1162.4000244140625</ele>
      </trkpt>
      <trkpt lat="42.83526588231325" lon="-6.764882756397128">
        <ele>1162.5999755859375</ele>
      </trkpt>
      <trkpt lat="42.835287591442466" lon="-6.764902118593454">
        <ele>1162.5999755859375</ele>
      </trkpt>
      <trkpt lat="42.83531265333295" lon="-6.764926007017493">
        <ele>1162.5999755859375</ele>
      </trkpt>
      <trkpt lat="42.83533511683345" lon="-6.764931622892618">
        <ele>1162.5999755859375</ele>
      </trkpt>
      <trkpt lat="42.83535816706717" lon="-6.764939418062568">
        <ele>1162.5999755859375</ele>
      </trkpt>
      <trkpt lat="42.83538557589054" lon="-6.764951404184103">
        <ele>1162.5999755859375</ele>
      </trkpt>
      <trkpt lat="42.83541516400874" lon="-6.764949979260564">
        <ele>1162.5999755859375</ele>
      </trkpt>
      <trkpt lat="42.83543880097568" lon="-6.764950565993786">
        <ele>1162.5999755859375</ele>
      </trkpt>
      <trkpt lat="42.835461013019085" lon="-6.7649539187550545">
        <ele>1162.5999755859375</ele>
      </trkpt>
      <trkpt lat="42.83547827973962" lon="-6.764958696439862">
        <ele>1162.4000244140625</ele>
      </trkpt>
      <trkpt lat="42.8355033416301" lon="-6.764971856027842">
        <ele>1162.4000244140625</ele>
      </trkpt>
      <trkpt lat="42.83552329055965" lon="-6.764971604570746">
        <ele>1162.4000244140625</ele>
      </trkpt>
      <trkpt lat="42.83554617315531" lon="-6.7649804055690765">
        <ele>1162.4000244140625</ele>
      </trkpt>
      <trkpt lat="42.835572408512235" lon="-6.765001695603132">
        <ele>1162.4000244140625</ele>
      </trkpt>
      <trkpt lat="42.835588501766324" lon="-6.765015693381429">
        <ele>1162.4000244140625</ele>
      </trkpt>
      <trkpt lat="42.835607109591365" lon="-6.7650348879396915">
        <ele>1162.199951171875</ele>
      </trkpt>
      <trkpt lat="42.83563091419637" lon="-6.765050143003464">
        <ele>1162.199951171875</ele>
      </trkpt>
      <trkpt lat="42.83565178513527" lon="-6.765066236257553">
        <ele>1162</ele>
      </trkpt>
      <trkpt lat="42.83568372018635" lon="-6.765086855739355">
        <ele>1162</ele>
      </trkpt>
      <trkpt lat="42.83570517785847" lon="-6.765104625374079">
        <ele>1162</ele>
      </trkpt>
      <trkpt lat="42.835725797340274" lon="-6.76512373611331">
        <ele>1162</ele>
      </trkpt>
      <trkpt lat="42.835747422650456" lon="-6.76515550352633">
        <ele>1162</ele>
      </trkpt>
      <trkpt lat="42.83576016314328" lon="-6.765176793560386">
        <ele>1162</ele>
      </trkpt>
      <trkpt lat="42.83577650785446" lon="-6.7651985026896">
        <ele>1162</ele>
      </trkpt>
      <trkpt lat="42.83579159528017" lon="-6.765229515731335">
        <ele>1162.199951171875</ele>
      </trkpt>
      <trkpt lat="42.835802072659135" lon="-6.765252649784088">
        <ele>1162.4000244140625</ele>
      </trkpt>
      <trkpt lat="42.83581171184778" lon="-6.765277627855539">
        <ele>1162.800048828125</ele>
      </trkpt>
      <trkpt lat="42.83582244068384" lon="-6.765309059992433">
        <ele>1163</ele>
      </trkpt>
      <trkpt lat="42.83583300188184" lon="-6.7653311882168055">
        <ele>1163.199951171875</ele>
      </trkpt>
      <trkpt lat="42.83584582619369" lon="-6.76535926759243">
        <ele>1163.199951171875</ele>
      </trkpt>
      <trkpt lat="42.83585471101105" lon="-6.765398494899273">
        <ele>1163</ele>
      </trkpt>
      <trkpt lat="42.83586870878935" lon="-6.765421964228153">
        <ele>1162.800048828125</ele>
      </trkpt>
      <trkpt lat="42.83588438294828" lon="-6.7654545698314905">
        <ele>1162.4000244140625</ele>
      </trkpt>
      <trkpt lat="42.83589662052691" lon="-6.765491869300604">
        <ele>1162</ele>
      </trkpt>
      <trkpt lat="42.83590676262975" lon="-6.765521373599768">
        <ele>1161.5999755859375</ele>
      </trkpt>
      <trkpt lat="42.83592604100704" lon="-6.765553895384073">
        <ele>1161.5999755859375</ele>
      </trkpt>
      <trkpt lat="42.835938446223736" lon="-6.7655812203884125">
        <ele>1161.5999755859375</ele>
      </trkpt>
      <trkpt lat="42.83595152199268" lon="-6.765604270622134">
        <ele>1161.800048828125</ele>
      </trkpt>
      <trkpt lat="42.83596786670387" lon="-6.765636205673218">
        <ele>1162</ele>
      </trkpt>
      <trkpt lat="42.8359801042825" lon="-6.765663027763367">
        <ele>1162</ele>
      </trkpt>
      <trkpt lat="42.83599443733692" lon="-6.76568565890193">
        <ele>1162</ele>
      </trkpt>
      <trkpt lat="42.836005333811045" lon="-6.765721617266536">
        <ele>1162</ele>
      </trkpt>
      <trkpt lat="42.8360197506845" lon="-6.765743577852845">
        <ele>1162.199951171875</ele>
      </trkpt>
      <trkpt lat="42.83603232353926" lon="-6.765766628086567">
        <ele>1162.199951171875</ele>
      </trkpt>
      <trkpt lat="42.83604598604143" lon="-6.765800658613443">
        <ele>1162.4000244140625</ele>
      </trkpt>
      <trkpt lat="42.83605629578233" lon="-6.76582396030426">
        <ele>1162.4000244140625</ele>
      </trkpt>
      <trkpt lat="42.83606727607548" lon="-6.765855057165027">
        <ele>1162.199951171875</ele>
      </trkpt>
      <trkpt lat="42.83607741817832" lon="-6.765888752415776">
        <ele>1162</ele>
      </trkpt>
      <trkpt lat="42.83608781173825" lon="-6.765915993601084">
        <ele>1161.800048828125</ele>
      </trkpt>
      <trkpt lat="42.8360990434885" lon="-6.765953544527292">
        <ele>1161.800048828125</ele>
      </trkpt>
      <trkpt lat="42.83611077815294" lon="-6.76597835496068">
        <ele>1161.800048828125</ele>
      </trkpt>
      <trkpt lat="42.836128044873476" lon="-6.766008026897907">
        <ele>1161.800048828125</ele>
      </trkpt>
      <trkpt lat="42.836135756224394" lon="-6.766043063253164">
        <ele>1162</ele>
      </trkpt>
      <trkpt lat="42.83614497631788" lon="-6.7660709749907255">
        <ele>1162</ele>
      </trkpt>
      <trkpt lat="42.83615545369685" lon="-6.766110621392727">
        <ele>1162</ele>
      </trkpt>
      <trkpt lat="42.83616132102907" lon="-6.766140209510922">
        <ele>1162.199951171875</ele>
      </trkpt>
      <trkpt lat="42.83616970293224" lon="-6.766165271401405">
        <ele>1162.199951171875</ele>
      </trkpt>
      <trkpt lat="42.83617758192122" lon="-6.7662023194134235">
        <ele>1162.4000244140625</ele>
      </trkpt>
      <trkpt lat="42.83618428744376" lon="-6.766221346333623">
        <ele>1162.4000244140625</ele>
      </trkpt>
      <trkpt lat="42.83620255999267" lon="-6.766237774863839">
        <ele>1162.4000244140625</ele>
      </trkpt>
      <trkpt lat="42.836222844198346" lon="-6.766259986907244">
        <ele>1162.4000244140625</ele>
      </trkpt>
      <trkpt lat="42.83623918890953" lon="-6.766271973028779">
        <ele>1162.199951171875</ele>
      </trkpt>
      <trkpt lat="42.83627036958933" lon="-6.7662980407476425">
        <ele>1162.199951171875</ele>
      </trkpt>
      <trkpt lat="42.836287803947926" lon="-6.766312709078193">
        <ele>1162.199951171875</ele>
      </trkpt>
      <trkpt lat="42.83631211146712" lon="-6.766332658007741">
        <ele>1162.199951171875</ele>
      </trkpt>
      <trkpt lat="42.83634312450886" lon="-6.766346069052815">
        <ele>1162.4000244140625</ele>
      </trkpt>
      <trkpt lat="42.836366426199675" lon="-6.7663593124598265">
        <ele>1162.199951171875</ele>
      </trkpt>
      <trkpt lat="42.83638712950051" lon="-6.766372723504901">
        <ele>1162.199951171875</ele>
      </trkpt>
      <trkpt lat="42.836410850286484" lon="-6.76640491001308">
        <ele>1162</ele>
      </trkpt>
      <trkpt lat="42.836428452283144" lon="-6.76642251200974">
        <ele>1161.800048828125</ele>
      </trkpt>
      <trkpt lat="42.8364497423172" lon="-6.766438269987702">
        <ele>1162</ele>
      </trkpt>
      <trkpt lat="42.836470948532224" lon="-6.766464589163661">
        <ele>1162</ele>
      </trkpt>
      <trkpt lat="42.83648947253823" lon="-6.766486968845129">
        <ele>1162.199951171875</ele>
      </trkpt>
      <trkpt lat="42.8365134447813" lon="-6.766496691852808">
        <ele>1162.4000244140625</ele>
      </trkpt>
      <trkpt lat="42.83654370345175" lon="-6.766521502286196">
        <ele>1162.4000244140625</ele>
      </trkpt>
      <trkpt lat="42.836560886353254" lon="-6.7665342427790165">
        <ele>1162.4000244140625</ele>
      </trkpt>
      <trkpt lat="42.836577566340566" lon="-6.766558885574341">
        <ele>1162.199951171875</ele>
      </trkpt>
      <trkpt lat="42.836582846939564" lon="-6.7665972746908665">
        <ele>1162.199951171875</ele>
      </trkpt>
      <trkpt lat="42.83659634180367" lon="-6.76662870682776">
        <ele>1162</ele>
      </trkpt>
      <trkpt lat="42.83659785054624" lon="-6.766671622171998">
        <ele>1162</ele>
      </trkpt>
      <trkpt lat="42.83660111948848" lon="-6.766711687669158">
        <ele>1161.800048828125</ele>
      </trkpt>
      <trkpt lat="42.83660807646811" lon="-6.76674110814929">
        <ele>1161.5999755859375</ele>
      </trkpt>
      <trkpt lat="42.83661645837128" lon="-6.766772624105215">
        <ele>1161.800048828125</ele>
      </trkpt>
      <trkpt lat="42.83663070760667" lon="-6.7668031342327595">
        <ele>1161.800048828125</ele>
      </trkpt>
      <trkpt lat="42.836644034832716" lon="-6.766824005171657">
        <ele>1161.800048828125</ele>
      </trkpt>
      <trkpt lat="42.8366656601429" lon="-6.7668476421386">
        <ele>1162</ele>
      </trkpt>
      <trkpt lat="42.83668586052954" lon="-6.766875218600035">
        <ele>1162.199951171875</ele>
      </trkpt>
      <trkpt lat="42.83669994212687" lon="-6.7668891325592995">
        <ele>1162.4000244140625</ele>
      </trkpt>
      <trkpt lat="42.8367137722671" lon="-6.7669144459068775">
        <ele>1162.5999755859375</ele>
      </trkpt>
      <trkpt lat="42.8367296140641" lon="-6.766938418149948">
        <ele>1162.5999755859375</ele>
      </trkpt>
      <trkpt lat="42.836744617670774" lon="-6.766957361251116">
        <ele>1162.800048828125</ele>
      </trkpt>
      <trkpt lat="42.83676297403872" lon="-6.766996840015054">
        <ele>1163</ele>
      </trkpt>
      <trkpt lat="42.83677462488413" lon="-6.7670228239148855">
        <ele>1163</ele>
      </trkpt>
      <trkpt lat="42.83679046668112" lon="-6.76705383695662">
        <ele>1163.199951171875</ele>
      </trkpt>
      <trkpt lat="42.83680069260299" lon="-6.7670887894928455">
        <ele>1163.199951171875</ele>
      </trkpt>
      <trkpt lat="42.83680899068713" lon="-6.767112594097853">
        <ele>1163.4000244140625</ele>
      </trkpt>
      <trkpt lat="42.836819468066096" lon="-6.76714570261538">
        <ele>1163.199951171875</ele>
      </trkpt>
      <trkpt lat="42.83682650886476" lon="-6.7671742010861635">
        <ele>1163</ele>
      </trkpt>
      <trkpt lat="42.8368279337883" lon="-6.767209656536579">
        <ele>1162.800048828125</ele>
      </trkpt>
      <trkpt lat="42.836830615997314" lon="-6.767245698720217">
        <ele>1162.5999755859375</ele>
      </trkpt>
      <trkpt lat="42.836842434480786" lon="-6.767270341515541">
        <ele>1162.199951171875</ele>
      </trkpt>
      <trkpt lat="42.83684989437461" lon="-6.767300935462117">
        <ele>1162.199951171875</ele>
      </trkpt>
      <trkpt lat="42.83685760572553" lon="-6.76733085885644">
        <ele>1162.199951171875</ele>
      </trkpt>
      <trkpt lat="42.83686020411551" lon="-6.767356256023049">
        <ele>1162.199951171875</ele>
      </trkpt>
      <trkpt lat="42.83686062321067" lon="-6.767389951273799">
        <ele>1162.199951171875</ele>
      </trkpt>
      <trkpt lat="42.83685936592519" lon="-6.767418701201677">
        <ele>1162.199951171875</ele>
      </trkpt>
      <trkpt lat="42.836858443915844" lon="-6.767448624596">
        <ele>1162.199951171875</ele>
      </trkpt>
      <trkpt lat="42.83685710281134" lon="-6.767485002055764">
        <ele>1162.199951171875</ele>
      </trkpt>
      <trkpt lat="42.83686037175357" lon="-6.767508136108518">
        <ele>1162</ele>
      </trkpt>
      <trkpt lat="42.83686079084873" lon="-6.767534539103508">
        <ele>1162</ele>
      </trkpt>
      <trkpt lat="42.83687160350382" lon="-6.767564965412021">
        <ele>1162</ele>
      </trkpt>
      <trkpt lat="42.8368778899312" lon="-6.767588937655091">
        <ele>1162</ele>
      </trkpt>
      <trkpt lat="42.83688526600599" lon="-6.767619950696826">
        <ele>1162</ele>
      </trkpt>
      <trkpt lat="42.836893228814006" lon="-6.76765046082437">
        <ele>1162.199951171875</ele>
      </trkpt>
      <trkpt lat="42.836898509413004" lon="-6.7676782887429">
        <ele>1162.199951171875</ele>
      </trkpt>
      <trkpt lat="42.83690328709781" lon="-6.767716007307172">
        <ele>1162.199951171875</ele>
      </trkpt>
      <trkpt lat="42.8368987608701" lon="-6.767743583768606">
        <ele>1162.199951171875</ele>
      </trkpt>
      <trkpt lat="42.83689943142235" lon="-6.767766550183296">
        <ele>1162.199951171875</ele>
      </trkpt>
      <trkpt lat="42.836895156651735" lon="-6.76780485548079">
        <ele>1162.4000244140625</ele>
      </trkpt>
      <trkpt lat="42.83689540810883" lon="-6.767830923199654">
        <ele>1162.4000244140625</ele>
      </trkpt>
      <trkpt lat="42.83689641393721" lon="-6.767861768603325">
        <ele>1162.4000244140625</ele>
      </trkpt>
      <trkpt lat="42.83689524047077" lon="-6.767900660634041">
        <ele>1162.199951171875</ele>
      </trkpt>
      <trkpt lat="42.836894653737545" lon="-6.767924129962921">
        <ele>1162</ele>
      </trkpt>
      <trkpt lat="42.83689456991851" lon="-6.767956567928195">
        <ele>1162</ele>
      </trkpt>
      <trkpt lat="42.836896581575274" lon="-6.767993280664086">
        <ele>1161.800048828125</ele>
      </trkpt>
      <trkpt lat="42.83689750358462" lon="-6.7680188454687595">
        <ele>1161.800048828125</ele>
      </trkpt>
      <trkpt lat="42.83690110780299" lon="-6.768055474385619">
        <ele>1161.5999755859375</ele>
      </trkpt>
      <trkpt lat="42.836896162480116" lon="-6.768090175464749">
        <ele>1161.5999755859375</ele>
      </trkpt>
      <trkpt lat="42.8369003534317" lon="-6.768119344487786">
        <ele>1161.4000244140625</ele>
      </trkpt>
      <trkpt lat="42.836906388401985" lon="-6.768161337822676">
        <ele>1161.199951171875</ele>
      </trkpt>
      <trkpt lat="42.83692223019898" lon="-6.76818648353219">
        <ele>1161</ele>
      </trkpt>
      <trkpt lat="42.836933210492134" lon="-6.768211126327515">
        <ele>1161</ele>
      </trkpt>
      <trkpt lat="42.836939161643386" lon="-6.768253790214658">
        <ele>1160.800048828125</ele>
      </trkpt>
      <trkpt lat="42.83694460988045" lon="-6.768281785771251">
        <ele>1160.800048828125</ele>
      </trkpt>
      <trkpt lat="42.836948717013" lon="-6.7683095298707485">
        <ele>1160.800048828125</ele>
      </trkpt>
      <trkpt lat="42.836947878822684" lon="-6.768344230949879">
        <ele>1160.800048828125</ele>
      </trkpt>
      <trkpt lat="42.836943939328194" lon="-6.7683708015829325">
        <ele>1160.5999755859375</ele>
      </trkpt>
      <trkpt lat="42.836944526061416" lon="-6.768393265083432">
        <ele>1160.5999755859375</ele>
      </trkpt>
      <trkpt lat="42.83694637008011" lon="-6.76842394284904">
        <ele>1160.5999755859375</ele>
      </trkpt>
      <trkpt lat="42.83694326877594" lon="-6.768451603129506">
        <ele>1160.5999755859375</ele>
      </trkpt>
      <trkpt lat="42.83693404868245" lon="-6.7684774193912745">
        <ele>1161</ele>
      </trkpt>
      <trkpt lat="42.83691887743771" lon="-6.7685095220804214">
        <ele>1161.199951171875</ele>
      </trkpt>
      <trkpt lat="42.836913261562586" lon="-6.768538523465395">
        <ele>1161.4000244140625</ele>
      </trkpt>
      <trkpt lat="42.83691217191517" lon="-6.768568782135844">
        <ele>1161.199951171875</ele>
      </trkpt>
      <trkpt lat="42.836906388401985" lon="-6.768606165423989">
        <ele>1161.199951171875</ele>
      </trkpt>
      <trkpt lat="42.8368918877095" lon="-6.76863550208509">
        <ele>1160.4000244140625</ele>
      </trkpt>
      <trkpt lat="42.83689088188112" lon="-6.768662156537175">
        <ele>1159.800048828125</ele>
      </trkpt>
      <trkpt lat="42.836888283491135" lon="-6.768699791282415">
        <ele>1159.5999755859375</ele>
      </trkpt>
      <trkpt lat="42.83688107505441" lon="-6.768736504018307">
        <ele>1159.5999755859375</ele>
      </trkpt>
      <trkpt lat="42.836880991235375" lon="-6.768760811537504">
        <ele>1159.800048828125</ele>
      </trkpt>
      <trkpt lat="42.83687730319798" lon="-6.7687903996557">
        <ele>1159.800048828125</ele>
      </trkpt>
      <trkpt lat="42.83686347305775" lon="-6.76882216706872">
        <ele>1160.199951171875</ele>
      </trkpt>
      <trkpt lat="42.83685978502035" lon="-6.7688416969031096">
        <ele>1160.4000244140625</ele>
      </trkpt>
      <trkpt lat="42.8368522413075" lon="-6.768866507336497">
        <ele>1160.5999755859375</ele>
      </trkpt>
      <trkpt lat="42.83683774061501" lon="-6.768891150131822">
        <ele>1160.5999755859375</ele>
      </trkpt>
      <trkpt lat="42.83683220855892" lon="-6.768909422680736">
        <ele>1160.800048828125</ele>
      </trkpt>
      <trkpt lat="42.83682583831251" lon="-6.768934652209282">
        <ele>1160.800048828125</ele>
      </trkpt>
      <trkpt lat="42.83681175671518" lon="-6.768962144851685">
        <ele>1160.800048828125</ele>
      </trkpt>
      <trkpt lat="42.83680848777294" lon="-6.768984943628311">
        <ele>1160.800048828125</ele>
      </trkpt>
      <trkpt lat="42.836804799735546" lon="-6.769015537574887">
        <ele>1160.800048828125</ele>
      </trkpt>
      <trkpt lat="42.83680069260299" lon="-6.769049065187573">
        <ele>1160.800048828125</ele>
      </trkpt>
      <trkpt lat="42.83679851330817" lon="-6.769078318029642">
        <ele>1160.800048828125</ele>
      </trkpt>
      <trkpt lat="42.83678971230984" lon="-6.769117545336485">
        <ele>1161</ele>
      </trkpt>
      <trkpt lat="42.83678384497762" lon="-6.769146798178554">
        <ele>1161.199951171875</ele>
      </trkpt>
      <trkpt lat="42.83677697181702" lon="-6.769177643582225">
        <ele>1161.199951171875</ele>
      </trkpt>
      <trkpt lat="42.83676833845675" lon="-6.76921259611845">
        <ele>1161.199951171875</ele>
      </trkpt>
      <trkpt lat="42.836763644590974" lon="-6.769242854788899">
        <ele>1161</ele>
      </trkpt>
      <trkpt lat="42.836755346506834" lon="-6.769268503412604">
        <ele>1161</ele>
      </trkpt>
      <trkpt lat="42.83673690631986" lon="-6.769298929721117">
        <ele>1160.800048828125</ele>
      </trkpt>
      <trkpt lat="42.83672877587378" lon="-6.769318459555507">
        <ele>1160.800048828125</ele>
      </trkpt>
      <trkpt lat="42.83671796321869" lon="-6.769343605265021">
        <ele>1160.5999755859375</ele>
      </trkpt>
      <trkpt lat="42.83671117387712" lon="-6.769369589164853">
        <ele>1160.5999755859375</ele>
      </trkpt>
      <trkpt lat="42.836701115593314" lon="-6.7693915497511625">
        <ele>1160.5999755859375</ele>
      </trkpt>
      <trkpt lat="42.836690386757255" lon="-6.76941292360425">
        <ele>1160.5999755859375</ele>
      </trkpt>
      <trkpt lat="42.83667312003672" lon="-6.769433543086052">
        <ele>1160.5999755859375</ele>
      </trkpt>
      <trkpt lat="42.83666272647679" lon="-6.76945248618722">
        <ele>1160.5999755859375</ele>
      </trkpt>
      <trkpt lat="42.836646381765604" lon="-6.769473943859339">
        <ele>1160.800048828125</ele>
      </trkpt>
      <trkpt lat="42.8366360720247" lon="-6.7694993410259485">
        <ele>1161</ele>
      </trkpt>
      <trkpt lat="42.836621990427375" lon="-6.7695205472409725">
        <ele>1161.199951171875</ele>
      </trkpt>
      <trkpt lat="42.836607405915856" lon="-6.769542591646314">
        <ele>1161.5999755859375</ele>
      </trkpt>
      <trkpt lat="42.83659734763205" lon="-6.76956145092845">
        <ele>1161.800048828125</ele>
      </trkpt>
      <trkpt lat="42.83658569678664" lon="-6.769583411514759">
        <ele>1162</ele>
      </trkpt>
      <trkpt lat="42.83657521940768" lon="-6.769605707377195">
        <ele>1162.4000244140625</ele>
      </trkpt>
      <trkpt lat="42.83656323328614" lon="-6.769629428163171">
        <ele>1162.5999755859375</ele>
      </trkpt>
      <trkpt lat="42.836554935202" lon="-6.769642923027277">
        <ele>1162.800048828125</ele>
      </trkpt>
      <trkpt lat="42.836543368175626" lon="-6.7696575075387955">
        <ele>1163</ele>
      </trkpt>
      <trkpt lat="42.83652752637863" lon="-6.7696719244122505">
        <ele>1163.4000244140625</ele>
      </trkpt>
      <trkpt lat="42.83652107231319" lon="-6.7696839943528175">
        <ele>1163.800048828125</ele>
      </trkpt>
      <trkpt lat="42.83651771955192" lon="-6.769694471731782">
        <ele>1164.199951171875</ele>
      </trkpt>
      <trkpt lat="42.83651621080935" lon="-6.769704278558493">
        <ele>1164.4000244140625</ele>
      </trkpt>
      <trkpt lat="42.836515037342906" lon="-6.769715761765838">
        <ele>1164.5999755859375</ele>
      </trkpt>
      <trkpt lat="42.83650925382972" lon="-6.769731184467673">
        <ele>1164.5999755859375</ele>
      </trkpt>
      <trkpt lat="42.83650221303105" lon="-6.769749037921429">
        <ele>1164.5999755859375</ele>
      </trkpt>
      <trkpt lat="42.83649701625109" lon="-6.769759431481361">
        <ele>1164.800048828125</ele>
      </trkpt>
      <trkpt lat="42.83648989163339" lon="-6.7697664722800255">
        <ele>1165</ele>
      </trkpt>
      <trkpt lat="42.83648335374892" lon="-6.769782733172178">
        <ele>1165.199951171875</ele>
      </trkpt>
      <trkpt lat="42.8364790789783" lon="-6.76979111507535">
        <ele>1165.4000244140625</ele>
      </trkpt>
      <trkpt lat="42.83647581003606" lon="-6.769796730950475">
        <ele>1165.5999755859375</ele>
      </trkpt>
      <trkpt lat="42.83646977506578" lon="-6.769807962700725">
        <ele>1165.800048828125</ele>
      </trkpt>
      <trkpt lat="42.83646767958999" lon="-6.769818775355816">
        <ele>1166</ele>
      </trkpt>
      <trkpt lat="42.836466170847416" lon="-6.769829923287034">
        <ele>1166.199951171875</ele>
      </trkpt>
      <trkpt lat="42.83646256662905" lon="-6.769838556647301">
        <ele>1166.4000244140625</ele>
      </trkpt>
      <trkpt lat="42.83645988442004" lon="-6.7698450945317745">
        <ele>1166.4000244140625</ele>
      </trkpt>
      <trkpt lat="42.836456783115864" lon="-6.7698530573397875">
        <ele>1166.5999755859375</ele>
      </trkpt>
      <trkpt lat="42.8364531788975" lon="-6.769861858338118">
        <ele>1166.800048828125</ele>
      </trkpt>
      <trkpt lat="42.83644882030785" lon="-6.769870575517416">
        <ele>1167</ele>
      </trkpt>
      <trkpt lat="42.83644429408014" lon="-6.769883818924427">
        <ele>1167.199951171875</ele>
      </trkpt>
      <trkpt lat="42.83643658272922" lon="-6.769896224141121">
        <ele>1167.4000244140625</ele>
      </trkpt>
      <trkpt lat="42.83642920665443" lon="-6.769905108958483">
        <ele>1167.800048828125</ele>
      </trkpt>
      <trkpt lat="42.83642769791186" lon="-6.769906030967832">
        <ele>1168</ele>
      </trkpt>
      <trkpt lat="42.83642283640802" lon="-6.769925057888031">
        <ele>1168.199951171875</ele>
      </trkpt>
      <trkpt lat="42.83642132766545" lon="-6.7699334397912025">
        <ele>1168.199951171875</ele>
      </trkpt>
      <trkpt lat="42.83641587942839" lon="-6.769939390942454">
        <ele>1168.4000244140625</ele>
      </trkpt>
      <trkpt lat="42.83640674315393" lon="-6.7699493654072285">
        <ele>1168.5999755859375</ele>
      </trkpt>
      <trkpt lat="42.83639852888882" lon="-6.769962944090366">
        <ele>1168.800048828125</ele>
      </trkpt>
      <trkpt lat="42.83639257773757" lon="-6.7699711583554745">
        <ele>1169</ele>
      </trkpt>
      <trkpt lat="42.83638855442405" lon="-6.769976271316409">
        <ele>1169.199951171875</ele>
      </trkpt>
      <trkpt lat="42.836383525282145" lon="-6.769984317943454">
        <ele>1169.4000244140625</ele>
      </trkpt>
      <trkpt lat="42.836382100358605" lon="-6.770001836121082">
        <ele>1169.5999755859375</ele>
      </trkpt>
      <trkpt lat="42.836380088701844" lon="-6.770014325156808">
        <ele>1170</ele>
      </trkpt>
      <trkpt lat="42.83638142980635" lon="-6.770022455602884">
        <ele>1170.199951171875</ele>
      </trkpt>
      <trkpt lat="42.83638101071119" lon="-6.770031340420246">
        <ele>1170.4000244140625</ele>
      </trkpt>
      <trkpt lat="42.83637648448348" lon="-6.770040476694703">
        <ele>1170.5999755859375</ele>
      </trkpt>
      <trkpt lat="42.836363995447755" lon="-6.770050870254636">
        <ele>1170.800048828125</ele>
      </trkpt>
      <trkpt lat="42.83636265434325" lon="-6.770057994872332">
        <ele>1171</ele>
      </trkpt>
      <trkpt lat="42.836351841688156" lon="-6.770059671252966">
        <ele>1171.4000244140625</ele>
      </trkpt>
      <trkpt lat="42.83635041676462" lon="-6.770065119490027">
        <ele>1171.5999755859375</ele>
      </trkpt>
      <trkpt lat="42.836343040689826" lon="-6.770077021792531">
        <ele>1172</ele>
      </trkpt>
      <trkpt lat="42.83633625134826" lon="-6.770085822790861">
        <ele>1172</ele>
      </trkpt>
      <trkpt lat="42.8363271150738" lon="-6.770095210522413">
        <ele>1172</ele>
      </trkpt>
      <trkpt lat="42.836316134780645" lon="-6.770106693729758">
        <ele>1172</ele>
      </trkpt>
      <trkpt lat="42.83630666323006" lon="-6.770116668194532">
        <ele>1172</ele>
      </trkpt>
      <trkpt lat="42.83630230464041" lon="-6.770127983763814">
        <ele>1172.199951171875</ele>
      </trkpt>
      <trkpt lat="42.836292665451765" lon="-6.770136198028922">
        <ele>1172.5999755859375</ele>
      </trkpt>
      <trkpt lat="42.83628176897764" lon="-6.77014734596014">
        <ele>1172.800048828125</ele>
      </trkpt>
      <trkpt lat="42.83627254888415" lon="-6.770157320424914">
        <ele>1173.199951171875</ele>
      </trkpt>
      <trkpt lat="42.83626366406679" lon="-6.770166959613562">
        <ele>1173.4000244140625</ele>
      </trkpt>
      <trkpt lat="42.83625234849751" lon="-6.7701787780970335">
        <ele>1173.5999755859375</ele>
      </trkpt>
      <trkpt lat="42.83624446950853" lon="-6.7701855674386024">
        <ele>1173.800048828125</ele>
      </trkpt>
      <trkpt lat="42.83623734489083" lon="-6.770197302103043">
        <ele>1174</ele>
      </trkpt>
      <trkpt lat="42.83623130992055" lon="-6.770211383700371">
        <ele>1174.199951171875</ele>
      </trkpt>
      <trkpt lat="42.83622259274125" lon="-6.770222447812557">
        <ele>1174.4000244140625</ele>
      </trkpt>
      <trkpt lat="42.83621513284743" lon="-6.7702357750386">
        <ele>1174.800048828125</ele>
      </trkpt>
      <trkpt lat="42.83620968461037" lon="-6.770245749503374">
        <ele>1175</ele>
      </trkpt>
      <trkpt lat="42.83620733767748" lon="-6.77025337703526">
        <ele>1175.199951171875</ele>
      </trkpt>
      <trkpt lat="42.83620398491621" lon="-6.7702568136155605">
        <ele>1175.4000244140625</ele>
      </trkpt>
      <trkpt lat="42.836194932460785" lon="-6.770266285166144">
        <ele>1175.5999755859375</ele>
      </trkpt>
      <trkpt lat="42.836187053471804" lon="-6.770278187468648">
        <ele>1175.800048828125</ele>
      </trkpt>
      <trkpt lat="42.836180347949266" lon="-6.770289754495025">
        <ele>1176</ele>
      </trkpt>
      <trkpt lat="42.836172888055444" lon="-6.770299561321735">
        <ele>1176</ele>
      </trkpt>
      <trkpt lat="42.8361632488668" lon="-6.770311631262302">
        <ele>1176.199951171875</ele>
      </trkpt>
      <trkpt lat="42.836155872792006" lon="-6.770320348441601">
        <ele>1176.4000244140625</ele>
      </trkpt>
      <trkpt lat="42.83614640124142" lon="-6.770328730344772">
        <ele>1176.5999755859375</ele>
      </trkpt>
      <trkpt lat="42.83614061772823" lon="-6.770340297371149">
        <ele>1176.800048828125</ele>
      </trkpt>
      <trkpt lat="42.836131397634745" lon="-6.770352367311716">
        <ele>1177.199951171875</ele>
      </trkpt>
      <trkpt lat="42.83612242899835" lon="-6.770362593233585">
        <ele>1177.4000244140625</ele>
      </trkpt>
      <trkpt lat="42.836116813123226" lon="-6.770372316241264">
        <ele>1177.5999755859375</ele>
      </trkpt>
      <trkpt lat="42.836108012124896" lon="-6.77038237452507">
        <ele>1177.800048828125</ele>
      </trkpt>
      <trkpt lat="42.836099630221725" lon="-6.770399138331413">
        <ele>1178</ele>
      </trkpt>
      <trkpt lat="42.8360905777663" lon="-6.770411543548107">
        <ele>1178.199951171875</ele>
      </trkpt>
      <trkpt lat="42.836087979376316" lon="-6.77041950635612">
        <ele>1178.199951171875</ele>
      </trkpt>
      <trkpt lat="42.83608814701438" lon="-6.770426379516721">
        <ele>1178.4000244140625</ele>
      </trkpt>
      <trkpt lat="42.836087141186" lon="-6.770436353981495">
        <ele>1178.4000244140625</ele>
      </trkpt>
      <trkpt lat="42.836085548624396" lon="-6.770451022312045">
        <ele>1178.800048828125</ele>
      </trkpt>
      <trkpt lat="42.83608479425311" lon="-6.770459907129407">
        <ele>1179</ele>
      </trkpt>
      <trkpt lat="42.83608169294894" lon="-6.770465271547437">
        <ele>1179.199951171875</ele>
      </trkpt>
      <trkpt lat="42.836077166721225" lon="-6.770473904907703">
        <ele>1179.4000244140625</ele>
      </trkpt>
      <trkpt lat="42.8360768314451" lon="-6.770486729219556">
        <ele>1179.800048828125</ele>
      </trkpt>
      <trkpt lat="42.83607414923608" lon="-6.770498882979155">
        <ele>1180</ele>
      </trkpt>
      <trkpt lat="42.836068365722895" lon="-6.770508689805865">
        <ele>1180.4000244140625</ele>
      </trkpt>
      <trkpt lat="42.83606601879001" lon="-6.770520005375147">
        <ele>1180.5999755859375</ele>
      </trkpt>
      <trkpt lat="42.836061576381326" lon="-6.7705354280769825">
        <ele>1181</ele>
      </trkpt>
      <trkpt lat="42.836054703220725" lon="-6.770540792495012">
        <ele>1181.199951171875</ele>
      </trkpt>
      <trkpt lat="42.83605202101171" lon="-6.77054850384593">
        <ele>1181.4000244140625</ele>
      </trkpt>
      <trkpt lat="42.83604959025979" lon="-6.770557388663292">
        <ele>1181.5999755859375</ele>
      </trkpt>
      <trkpt lat="42.83604665659368" lon="-6.770567782223225">
        <ele>1182</ele>
      </trkpt>
      <trkpt lat="42.836041459813714" lon="-6.770572895184159">
        <ele>1182.199951171875</ele>
      </trkpt>
      <trkpt lat="42.83603576011956" lon="-6.7705807741731405">
        <ele>1182.4000244140625</ele>
      </trkpt>
      <trkpt lat="42.83603425137699" lon="-6.77058613859117">
        <ele>1182.5999755859375</ele>
      </trkpt>
      <trkpt lat="42.83602897077799" lon="-6.770597537979484">
        <ele>1182.800048828125</ele>
      </trkpt>
      <trkpt lat="42.83602603711188" lon="-6.7706025671213865">
        <ele>1183.199951171875</ele>
      </trkpt>
      <trkpt lat="42.83602042123675" lon="-6.770604075863957">
        <ele>1183.4000244140625</ele>
      </trkpt>
      <trkpt lat="42.8360163141042" lon="-6.770608350634575">
        <ele>1183.5999755859375</ele>
      </trkpt>
      <trkpt lat="42.836010195314884" lon="-6.7706152237951756">
        <ele>1183.800048828125</ele>
      </trkpt>
      <trkpt lat="42.83600399270654" lon="-6.770621677860618">
        <ele>1184</ele>
      </trkpt>
      <trkpt lat="42.83599636517465" lon="-6.770625282078981">
        <ele>1184.199951171875</ele>
      </trkpt>
      <trkpt lat="42.83599083311856" lon="-6.770627796649933">
        <ele>1184.4000244140625</ele>
      </trkpt>
      <trkpt lat="42.83598261885345" lon="-6.770633412525058">
        <ele>1184.4000244140625</ele>
      </trkpt>
      <trkpt lat="42.83597465604544" lon="-6.770643051713705">
        <ele>1184.5999755859375</ele>
      </trkpt>
      <trkpt lat="42.835966693237424" lon="-6.770656043663621">
        <ele>1184.800048828125</ele>
      </trkpt>
      <trkpt lat="42.83596350811422" lon="-6.770665934309363">
        <ele>1185.199951171875</ele>
      </trkpt>
      <trkpt lat="42.83595571294427" lon="-6.770675741136074">
        <ele>1185.4000244140625</ele>
      </trkpt>
      <trkpt lat="42.835949175059795" lon="-6.77068923600018">
        <ele>1185.5999755859375</ele>
      </trkpt>
      <trkpt lat="42.8359404578805" lon="-6.770697869360447">
        <ele>1186</ele>
      </trkpt>
      <trkpt lat="42.835934003815055" lon="-6.770705161616206">
        <ele>1186.199951171875</ele>
      </trkpt>
      <trkpt lat="42.83592595718801" lon="-6.770715052261949">
        <ele>1186.4000244140625</ele>
      </trkpt>
      <trkpt lat="42.8359211795032" lon="-6.770725781098008">
        <ele>1186.5999755859375</ele>
      </trkpt>
      <trkpt lat="42.8359143063426" lon="-6.7707377672195435">
        <ele>1186.800048828125</ele>
      </trkpt>
      <trkpt lat="42.83590969629586" lon="-6.770751932635903">
        <ele>1187</ele>
      </trkpt>
      <trkpt lat="42.835908606648445" lon="-6.770758638158441">
        <ele>1187.199951171875</ele>
      </trkpt>
      <trkpt lat="42.835899386554956" lon="-6.770769953727722">
        <ele>1187.5999755859375</ele>
      </trkpt>
      <trkpt lat="42.83588555641472" lon="-6.770782861858606">
        <ele>1187.800048828125</ele>
      </trkpt>
      <trkpt lat="42.83587315119803" lon="-6.770797614008188">
        <ele>1188.199951171875</ele>
      </trkpt>
      <trkpt lat="42.83586585894227" lon="-6.770800296217203">
        <ele>1188.4000244140625</ele>
      </trkpt>
      <trkpt lat="42.83585856668651" lon="-6.770801721140742">
        <ele>1188.800048828125</ele>
      </trkpt>
      <trkpt lat="42.8358487598598" lon="-6.770810019224882">
        <ele>1189</ele>
      </trkpt>
      <trkpt lat="42.83584138378501" lon="-6.770821753889322">
        <ele>1189.199951171875</ele>
      </trkpt>
      <trkpt lat="42.83583761192858" lon="-6.770833488553762">
        <ele>1189.4000244140625</ele>
      </trkpt>
      <trkpt lat="42.835841132327914" lon="-6.770841032266617">
        <ele>1189.800048828125</ele>
      </trkpt>
      <trkpt lat="42.83583459444344" lon="-6.770855030044913">
        <ele>1190</ele>
      </trkpt>
      <trkpt lat="42.83582344651222" lon="-6.770867686718702">
        <ele>1190.199951171875</ele>
      </trkpt>
      <trkpt lat="42.83581498079002" lon="-6.77087590098381">
        <ele>1190.5999755859375</ele>
      </trkpt>
      <trkpt lat="42.8358091134578" lon="-6.770881600677967">
        <ele>1190.800048828125</ele>
      </trkpt>
      <trkpt lat="42.835804503411055" lon="-6.770883863791823">
        <ele>1191</ele>
      </trkpt>
      <trkpt lat="42.83579410985112" lon="-6.770892916247249">
        <ele>1191.4000244140625</ele>
      </trkpt>
      <trkpt lat="42.83578271046281" lon="-6.770909428596497">
        <ele>1191.5999755859375</ele>
      </trkpt>
      <trkpt lat="42.835777178406715" lon="-6.770917475223541">
        <ele>1192</ele>
      </trkpt>
      <trkpt lat="42.83577139489353" lon="-6.770923677831888">
        <ele>1192.4000244140625</ele>
      </trkpt>
      <trkpt lat="42.83576678484678" lon="-6.770930550992489">
        <ele>1192.5999755859375</ele>
      </trkpt>
      <trkpt lat="42.83576510846615" lon="-6.770947985351086">
        <ele>1192.800048828125</ele>
      </trkpt>
      <trkpt lat="42.83576142042875" lon="-6.7709660064429045">
        <ele>1193</ele>
      </trkpt>
      <trkpt lat="42.83576167188585" lon="-6.770981512963772">
        <ele>1193.199951171875</ele>
      </trkpt>
      <trkpt lat="42.835758570581675" lon="-6.7710016295313835">
        <ele>1193.199951171875</ele>
      </trkpt>
      <trkpt lat="42.8357591573149" lon="-6.771020321175456">
        <ele>1193.199951171875</ele>
      </trkpt>
      <trkpt lat="42.835754128172994" lon="-6.771031552925706">
        <ele>1193.199951171875</ele>
      </trkpt>
      <trkpt lat="42.83575454726815" lon="-6.771043706685305">
        <ele>1193.4000244140625</ele>
      </trkpt>
      <trkpt lat="42.83574993722141" lon="-6.771057536825538">
        <ele>1193.4000244140625</ele>
      </trkpt>
      <trkpt lat="42.8357467520982" lon="-6.771072708070278">
        <ele>1193.5999755859375</ele>
      </trkpt>
      <trkpt lat="42.835746416822076" lon="-6.7710899747908115">
        <ele>1193.800048828125</ele>
      </trkpt>
      <trkpt lat="42.83574323169887" lon="-6.771106068044901">
        <ele>1194</ele>
      </trkpt>
      <trkpt lat="42.83574080094695" lon="-6.771123418584466">
        <ele>1194.4000244140625</ele>
      </trkpt>
      <trkpt lat="42.83573837019503" lon="-6.771140266209841">
        <ele>1194.800048828125</ele>
      </trkpt>
      <trkpt lat="42.83573359251022" lon="-6.771161807700992">
        <ele>1195</ele>
      </trkpt>
      <trkpt lat="42.835732167586684" lon="-6.771176056936383">
        <ele>1195</ele>
      </trkpt>
      <trkpt lat="42.83573099412024" lon="-6.771191228181124">
        <ele>1195</ele>
      </trkpt>
      <trkpt lat="42.83572747372091" lon="-6.771208494901657">
        <ele>1194.800048828125</ele>
      </trkpt>
      <trkpt lat="42.83572370186448" lon="-6.7712269350886345">
        <ele>1194.5999755859375</ele>
      </trkpt>
      <trkpt lat="42.8357208520174" lon="-6.77124529145658">
        <ele>1194.5999755859375</ele>
      </trkpt>
      <trkpt lat="42.83571540378034" lon="-6.771263396367431">
        <ele>1194.5999755859375</ele>
      </trkpt>
      <trkpt lat="42.83571439795196" lon="-6.7712746281176805">
        <ele>1194.5999755859375</ele>
      </trkpt>
      <trkpt lat="42.83571297302842" lon="-6.771302372217178">
        <ele>1194.4000244140625</ele>
      </trkpt>
      <trkpt lat="42.83571288920939" lon="-6.771328104659915">
        <ele>1194.4000244140625</ele>
      </trkpt>
      <trkpt lat="42.8357174154371" lon="-6.77134838886559">
        <ele>1194.4000244140625</ele>
      </trkpt>
      <trkpt lat="42.83572697080672" lon="-6.771364649757743">
        <ele>1194.4000244140625</ele>
      </trkpt>
      <trkpt lat="42.83573895692825" lon="-6.771372025832534">
        <ele>1194.4000244140625</ele>
      </trkpt>
      <trkpt lat="42.83574909903109" lon="-6.771377809345722">
        <ele>1194.4000244140625</ele>
      </trkpt>
      <trkpt lat="42.83575873821974" lon="-6.771385185420513">
        <ele>1194.4000244140625</ele>
      </trkpt>
      <trkpt lat="42.83576871268451" lon="-6.771391052752733">
        <ele>1194.5999755859375</ele>
      </trkpt>
      <trkpt lat="42.835775166749954" lon="-6.7713983450084925">
        <ele>1194.800048828125</ele>
      </trkpt>
      <trkpt lat="42.835783213377" lon="-6.771405218169093">
        <ele>1194.800048828125</ele>
      </trkpt>
      <trkpt lat="42.835789918899536" lon="-6.771412678062916">
        <ele>1195.199951171875</ele>
      </trkpt>
      <trkpt lat="42.83579939045012" lon="-6.771421981975436">
        <ele>1195.4000244140625</ele>
      </trkpt>
      <trkpt lat="42.83581028692424" lon="-6.771433297544718">
        <ele>1195.5999755859375</ele>
      </trkpt>
      <trkpt lat="42.835822608321905" lon="-6.77144268527627">
        <ele>1196</ele>
      </trkpt>
      <trkpt lat="42.83583107404411" lon="-6.7714534141123295">
        <ele>1196.199951171875</ele>
      </trkpt>
      <trkpt lat="42.83584255725145" lon="-6.771464562043548">
        <ele>1196.4000244140625</ele>
      </trkpt>
      <trkpt lat="42.83585672266781" lon="-6.771458862349391">
        <ele>1196.800048828125</ele>
      </trkpt>
      <trkpt lat="42.83586552366614" lon="-6.771458946168423">
        <ele>1197</ele>
      </trkpt>
      <trkpt lat="42.8358693793416" lon="-6.771462131291628">
        <ele>1197.199951171875</ele>
      </trkpt>
      <trkpt lat="42.835872396826744" lon="-6.771468166261911">
        <ele>1197.4000244140625</ele>
      </trkpt>
      <trkpt lat="42.83588547259569" lon="-6.771477302536368">
        <ele>1197.800048828125</ele>
      </trkpt>
      <trkpt lat="42.83589477650821" lon="-6.771484510973096">
        <ele>1198</ele>
      </trkpt>
      <trkpt lat="42.83590382896364" lon="-6.771488366648555">
        <ele>1198.4000244140625</ele>
      </trkpt>
      <trkpt lat="42.835913468152285" lon="-6.771497670561075">
        <ele>1198.5999755859375</ele>
      </trkpt>
      <trkpt lat="42.83592503517866" lon="-6.771510411053896">
        <ele>1199</ele>
      </trkpt>
      <trkpt lat="42.835934925824404" lon="-6.7715193796902895">
        <ele>1199.199951171875</ele>
      </trkpt>
      <trkpt lat="42.83594741486013" lon="-6.7715337965637445">
        <ele>1199.5999755859375</ele>
      </trkpt>
      <trkpt lat="42.83595219254494" lon="-6.771541088819504">
        <ele>1199.800048828125</ele>
      </trkpt>
      <trkpt lat="42.835957892239094" lon="-6.77154041826725">
        <ele>1200.199951171875</ele>
      </trkpt>
      <trkpt lat="42.835961915552616" lon="-6.771544776856899">
        <ele>1200.4000244140625</ele>
      </trkpt>
      <trkpt lat="42.83597088418901" lon="-6.771552320569754">
        <ele>1200.800048828125</ele>
      </trkpt>
      <trkpt lat="42.83597859553993" lon="-6.771556930616498">
        <ele>1201</ele>
      </trkpt>
      <trkpt lat="42.83598253503442" lon="-6.771560870110989">
        <ele>1201.199951171875</ele>
      </trkpt>
      <trkpt lat="42.83599007874727" lon="-6.771563636139035">
        <ele>1201.4000244140625</ele>
      </trkpt>
      <trkpt lat="42.83599963411689" lon="-6.7715658992528915">
        <ele>1201.5999755859375</ele>
      </trkpt>
      <trkpt lat="42.8360057529062" lon="-6.771566653624177">
        <ele>1202</ele>
      </trkpt>
      <trkpt lat="42.83601354807615" lon="-6.771569335833192">
        <ele>1202.199951171875</ele>
      </trkpt>
      <trkpt lat="42.83602511510253" lon="-6.771570257842541">
        <ele>1202.4000244140625</ele>
      </trkpt>
      <trkpt lat="42.83603307791054" lon="-6.771570174023509">
        <ele>1202.5999755859375</ele>
      </trkpt>
      <trkpt lat="42.83603383228183" lon="-6.771571766585112">
        <ele>1202.800048828125</ele>
      </trkpt>
      <trkpt lat="42.83603743650019" lon="-6.771573945879936">
        <ele>1203</ele>
      </trkpt>
      <trkpt lat="42.83604430966079" lon="-6.771575873717666">
        <ele>1203.199951171875</ele>
      </trkpt>
      <trkpt lat="42.83605352975428" lon="-6.7715806514024734">
        <ele>1203.4000244140625</ele>
      </trkpt>
      <trkpt lat="42.83606166020036" lon="-6.771582579240203">
        <ele>1203.5999755859375</ele>
      </trkpt>
      <trkpt lat="42.83606819808483" lon="-6.771586183458567">
        <ele>1204</ele>
      </trkpt>
      <trkpt lat="42.836076663807034" lon="-6.771594230085611">
        <ele>1204.199951171875</ele>
      </trkpt>
      <trkpt lat="42.8360887337476" lon="-6.771598421037197">
        <ele>1204.4000244140625</ele>
      </trkpt>
      <trkpt lat="42.836096277460456" lon="-6.771599426865578">
        <ele>1204.5999755859375</ele>
      </trkpt>
      <trkpt lat="42.83610147424042" lon="-6.771598840132356">
        <ele>1204.800048828125</ele>
      </trkpt>
      <trkpt lat="42.8361111972481" lon="-6.771603366360068">
        <ele>1205</ele>
      </trkpt>
      <trkpt lat="42.8361130412668" lon="-6.771602863445878">
        <ele>1205.199951171875</ele>
      </trkpt>
      <trkpt lat="42.836118657141924" lon="-6.771603366360068">
        <ele>1205.4000244140625</ele>
      </trkpt>
      <trkpt lat="42.83611941151321" lon="-6.771598840132356">
        <ele>1205.4000244140625</ele>
      </trkpt>
      <trkpt lat="42.83612645231187" lon="-6.771602360531688">
        <ele>1205.5999755859375</ele>
      </trkpt>
      <trkpt lat="42.83613902516663" lon="-6.771604707464576">
        <ele>1205.800048828125</ele>
      </trkpt>
      <trkpt lat="42.83614824526012" lon="-6.771609066054225">
        <ele>1206.199951171875</ele>
      </trkpt>
      <trkpt lat="42.8361545316875" lon="-6.771610993891954">
        <ele>1206.4000244140625</ele>
      </trkpt>
      <trkpt lat="42.83616643399" lon="-6.771615939214826">
        <ele>1206.800048828125</ele>
      </trkpt>
      <trkpt lat="42.83617280423641" lon="-6.771615855395794">
        <ele>1207</ele>
      </trkpt>
      <trkpt lat="42.83618328161538" lon="-6.771621387451887">
        <ele>1207.199951171875</ele>
      </trkpt>
      <trkpt lat="42.83619065769017" lon="-6.771622644737363">
        <ele>1207.5999755859375</ele>
      </trkpt>
      <trkpt lat="42.83620163798332" lon="-6.771625075489283">
        <ele>1207.5999755859375</ele>
      </trkpt>
      <trkpt lat="42.8362097684294" lon="-6.7716293502599">
        <ele>1207.800048828125</ele>
      </trkpt>
      <trkpt lat="42.83621437847614" lon="-6.771633373573422">
        <ele>1208.199951171875</ele>
      </trkpt>
      <trkpt lat="42.83621999435127" lon="-6.771634882315993">
        <ele>1208.199951171875</ele>
      </trkpt>
      <trkpt lat="42.836224688217044" lon="-6.771643431857228">
        <ele>1208.5999755859375</ele>
      </trkpt>
      <trkpt lat="42.8362322319299" lon="-6.771650305017829">
        <ele>1208.800048828125</ele>
      </trkpt>
      <trkpt lat="42.83624103292823" lon="-6.771652987226844">
        <ele>1209.199951171875</ele>
      </trkpt>
      <trkpt lat="42.83625184558332" lon="-6.771656256169081">
        <ele>1209.4000244140625</ele>
      </trkpt>
      <trkpt lat="42.83626198768616" lon="-6.771660363301635">
        <ele>1209.5999755859375</ele>
      </trkpt>
      <trkpt lat="42.83626886084676" lon="-6.771662542596459">
        <ele>1210</ele>
      </trkpt>
      <trkpt lat="42.83627958968282" lon="-6.77166941575706">
        <ele>1210.199951171875</ele>
      </trkpt>
      <trkpt lat="42.836287803947926" lon="-6.771674193441868">
        <ele>1210.4000244140625</ele>
      </trkpt>
      <trkpt lat="42.83629844896495" lon="-6.771680060774088">
        <ele>1210.5999755859375</ele>
      </trkpt>
      <trkpt lat="42.836304903030396" lon="-6.771687688305974">
        <ele>1210.800048828125</ele>
      </trkpt>
      <trkpt lat="42.83631186001003" lon="-6.771700931712985">
        <ele>1211</ele>
      </trkpt>
      <trkpt lat="42.83632091246545" lon="-6.771714175119996">
        <ele>1211.199951171875</ele>
      </trkpt>
      <trkpt lat="42.83632745034993" lon="-6.771727167069912">
        <ele>1211.4000244140625</ele>
      </trkpt>
      <trkpt lat="42.83633491024375" lon="-6.771735297515988">
        <ele>1211.5999755859375</ele>
      </trkpt>
      <trkpt lat="42.8363392688334" lon="-6.771741835400462">
        <ele>1211.800048828125</ele>
      </trkpt>
      <trkpt lat="42.83634379506111" lon="-6.771752145141363">
        <ele>1212</ele>
      </trkpt>
      <trkpt lat="42.836348405107856" lon="-6.771762538701296">
        <ele>1212.199951171875</ele>
      </trkpt>
      <trkpt lat="42.83635284751654" lon="-6.771772261708975">
        <ele>1212.4000244140625</ele>
      </trkpt>
      <trkpt lat="42.83635552972555" lon="-6.7717826552689075">
        <ele>1212.800048828125</ele>
      </trkpt>
      <trkpt lat="42.83636139705777" lon="-6.771795060485601">
        <ele>1213</ele>
      </trkpt>
      <trkpt lat="42.83636910840869" lon="-6.771806543692946">
        <ele>1213.4000244140625</ele>
      </trkpt>
      <trkpt lat="42.83637095242739" lon="-6.771811740472913">
        <ele>1213.5999755859375</ele>
      </trkpt>
      <trkpt lat="42.836374221369624" lon="-6.771819451823831">
        <ele>1214</ele>
      </trkpt>
      <trkpt lat="42.83638000488281" lon="-6.771833281964064">
        <ele>1214.199951171875</ele>
      </trkpt>
      <trkpt lat="42.83638520166278" lon="-6.771844262257218">
        <ele>1214.5999755859375</ele>
      </trkpt>
      <trkpt lat="42.836391907185316" lon="-6.771850967779756">
        <ele>1214.800048828125</ele>
      </trkpt>
      <trkpt lat="42.836391404271126" lon="-6.7718621995300055">
        <ele>1215.199951171875</ele>
      </trkpt>
      <trkpt lat="42.83639593049884" lon="-6.771875945851207">
        <ele>1215.4000244140625</ele>
      </trkpt>
      <trkpt lat="42.836399618536234" lon="-6.771885836496949">
        <ele>1215.5999755859375</ele>
      </trkpt>
      <trkpt lat="42.83640422858298" lon="-6.771888434886932">
        <ele>1215.800048828125</ele>
      </trkpt>
      <trkpt lat="42.836409928277135" lon="-6.771904192864895">
        <ele>1216</ele>
      </trkpt>
      <trkpt lat="42.83640959300101" lon="-6.771910060197115">
        <ele>1216.4000244140625</ele>
      </trkpt>
      <trkpt lat="42.83641562797129" lon="-6.771915424615145">
        <ele>1216.5999755859375</ele>
      </trkpt>
      <trkpt lat="42.836420238018036" lon="-6.771925231441855">
        <ele>1216.800048828125</ele>
      </trkpt>
      <trkpt lat="42.83642526715994" lon="-6.771937720477581">
        <ele>1217</ele>
      </trkpt>
      <trkpt lat="42.836425602436066" lon="-6.7719408217817545">
        <ele>1217</ele>
      </trkpt>
      <trkpt lat="42.836430966854095" lon="-6.771948030218482">
        <ele>1217.199951171875</ele>
      </trkpt>
      <trkpt lat="42.836439767852426" lon="-6.77196160890162">
        <ele>1217.199951171875</ele>
      </trkpt>
      <trkpt lat="42.83644010312855" lon="-6.771968482062221">
        <ele>1217.4000244140625</ele>
      </trkpt>
      <trkpt lat="42.83644722774625" lon="-6.771978121250868">
        <ele>1217.5999755859375</ele>
      </trkpt>
      <trkpt lat="42.83645410090685" lon="-6.771984323859215">
        <ele>1217.800048828125</ele>
      </trkpt>
      <trkpt lat="42.83645812422037" lon="-6.771989436820149">
        <ele>1218</ele>
      </trkpt>
      <trkpt lat="42.83646474592388" lon="-6.7719958908855915">
        <ele>1218.199951171875</ele>
      </trkpt>
      <trkpt lat="42.836471451446414" lon="-6.772009888663888">
        <ele>1218.4000244140625</ele>
      </trkpt>
      <trkpt lat="42.83647765405476" lon="-6.772018522024155">
        <ele>1218.800048828125</ele>
      </trkpt>
      <trkpt lat="42.83647798933089" lon="-6.772027155384421">
        <ele>1219</ele>
      </trkpt>
      <trkpt lat="42.83648385666311" lon="-6.772035621106625">
        <ele>1219.199951171875</ele>
      </trkpt>
      <trkpt lat="42.83649022690952" lon="-6.7720462661236525">
        <ele>1219.4000244140625</ele>
      </trkpt>
      <trkpt lat="42.83649508841336" lon="-6.772054731845856">
        <ele>1219.800048828125</ele>
      </trkpt>
      <trkpt lat="42.83649911172688" lon="-6.772060012444854">
        <ele>1220</ele>
      </trkpt>
      <trkpt lat="42.8364999499172" lon="-6.772067053243518">
        <ele>1220.199951171875</ele>
      </trkpt>
      <trkpt lat="42.836497435346246" lon="-6.772077865898609">
        <ele>1220.4000244140625</ele>
      </trkpt>
      <trkpt lat="42.83649860881269" lon="-6.772089935839176">
        <ele>1220.5999755859375</ele>
      </trkpt>
      <trkpt lat="42.83650045283139" lon="-6.772097311913967">
        <ele>1221</ele>
      </trkpt>
      <trkpt lat="42.83650221303105" lon="-6.772103179246187">
        <ele>1221.199951171875</ele>
      </trkpt>
      <trkpt lat="42.8365049790591" lon="-6.772118518128991">
        <ele>1221.5999755859375</ele>
      </trkpt>
      <trkpt lat="42.836511516943574" lon="-6.77212874405086">
        <ele>1221.800048828125</ele>
      </trkpt>
      <trkpt lat="42.836515959352255" lon="-6.772131593897939">
        <ele>1222</ele>
      </trkpt>
      <trkpt lat="42.836517384275794" lon="-6.772139640524983">
        <ele>1222.199951171875</ele>
      </trkpt>
      <trkpt lat="42.836520569399" lon="-6.77215363830328">
        <ele>1222.4000244140625</ele>
      </trkpt>
      <trkpt lat="42.836525682359934" lon="-6.772171491757035">
        <ele>1222.800048828125</ele>
      </trkpt>
      <trkpt lat="42.836526269093156" lon="-6.772185154259205">
        <ele>1223</ele>
      </trkpt>
      <trkpt lat="42.836526185274124" lon="-6.772192865610123">
        <ele>1223.199951171875</ele>
      </trkpt>
      <trkpt lat="42.836525682359934" lon="-6.772205103188753">
        <ele>1223.5999755859375</ele>
      </trkpt>
      <trkpt lat="42.836531130596995" lon="-6.772215999662876">
        <ele>1224</ele>
      </trkpt>
      <trkpt lat="42.83653339371085" lon="-6.772224633023143">
        <ele>1224.199951171875</ele>
      </trkpt>
      <trkpt lat="42.83653708174825" lon="-6.77223427221179">
        <ele>1224.4000244140625</ele>
      </trkpt>
      <trkpt lat="42.83654009923339" lon="-6.77223963662982">
        <ele>1224.800048828125</ele>
      </trkpt>
      <trkpt lat="42.83654395490885" lon="-6.772250449284911">
        <ele>1225</ele>
      </trkpt>
      <trkpt lat="42.83655007369816" lon="-6.772261261940002">
        <ele>1225.199951171875</ele>
      </trkpt>
      <trkpt lat="42.836557533591986" lon="-6.772270565852523">
        <ele>1225.4000244140625</ele>
      </trkpt>
      <trkpt lat="42.836558958515525" lon="-6.772276181727648">
        <ele>1225.800048828125</ele>
      </trkpt>
      <trkpt lat="42.836564406752586" lon="-6.772282551974058">
        <ele>1226</ele>
      </trkpt>
      <trkpt lat="42.8365654964" lon="-6.772296465933323">
        <ele>1226.199951171875</ele>
      </trkpt>
      <trkpt lat="42.83656784333289" lon="-6.772307949140668">
        <ele>1226.4000244140625</ele>
      </trkpt>
      <trkpt lat="42.83656935207546" lon="-6.772313984110951">
        <ele>1226.800048828125</ele>
      </trkpt>
      <trkpt lat="42.83657010644674" lon="-6.772320521995425">
        <ele>1227</ele>
      </trkpt>
      <trkpt lat="42.83657597377896" lon="-6.7723381239920855">
        <ele>1227.199951171875</ele>
      </trkpt>
      <trkpt lat="42.83658276312053" lon="-6.772353881970048">
        <ele>1227.4000244140625</ele>
      </trkpt>
      <trkpt lat="42.83658821135759" lon="-6.772365281358361">
        <ele>1227.5999755859375</ele>
      </trkpt>
      <trkpt lat="42.83658997155726" lon="-6.772378776222467">
        <ele>1227.800048828125</ele>
      </trkpt>
      <trkpt lat="42.83659131266177" lon="-6.772397635504603">
        <ele>1228</ele>
      </trkpt>
      <trkpt lat="42.83659374341369" lon="-6.77241456694901">
        <ele>1228.199951171875</ele>
      </trkpt>
      <trkpt lat="42.83659768290818" lon="-6.772431079298258">
        <ele>1228.4000244140625</ele>
      </trkpt>
      <trkpt lat="42.83659919165075" lon="-6.772445412352681">
        <ele>1228.800048828125</ele>
      </trkpt>
      <trkpt lat="42.83660237677395" lon="-6.772452117875218">
        <ele>1229</ele>
      </trkpt>
      <trkpt lat="42.83660380169749" lon="-6.7724677082151175">
        <ele>1229.4000244140625</ele>
      </trkpt>
      <trkpt lat="42.836606400087476" lon="-6.772479694336653">
        <ele>1229.5999755859375</ele>
      </trkpt>
      <trkpt lat="42.83660564571619" lon="-6.772490339353681">
        <ele>1229.800048828125</ele>
      </trkpt>
      <trkpt lat="42.836605897173285" lon="-6.772503666579723">
        <ele>1230</ele>
      </trkpt>
      <trkpt lat="42.83660824410617" lon="-6.772516407072544">
        <ele>1230.199951171875</ele>
      </trkpt>
      <trkpt lat="42.836618134751916" lon="-6.772533003240824">
        <ele>1230.5999755859375</ele>
      </trkpt>
      <trkpt lat="42.83662282861769" lon="-6.772543229162693">
        <ele>1230.800048828125</ele>
      </trkpt>
      <trkpt lat="42.83662609755993" lon="-6.772556724026799">
        <ele>1231</ele>
      </trkpt>
      <trkpt lat="42.83662911504507" lon="-6.772567117586732">
        <ele>1231.199951171875</ele>
      </trkpt>
      <trkpt lat="42.83663012087345" lon="-6.772581450641155">
        <ele>1231.4000244140625</ele>
      </trkpt>
      <trkpt lat="42.836634228006005" lon="-6.772599220275879">
        <ele>1231.5999755859375</ele>
      </trkpt>
      <trkpt lat="42.83663875423372" lon="-6.772612715139985">
        <ele>1231.800048828125</ele>
      </trkpt>
      <trkpt lat="42.83664244227111" lon="-6.772624282166362">
        <ele>1232</ele>
      </trkpt>
      <trkpt lat="42.836646884679794" lon="-6.772635765373707">
        <ele>1232.199951171875</ele>
      </trkpt>
      <trkpt lat="42.83665392547846" lon="-6.772648254409432">
        <ele>1232.4000244140625</ele>
      </trkpt>
      <trkpt lat="42.83665954135358" lon="-6.772660072892904">
        <ele>1232.5999755859375</ele>
      </trkpt>
      <trkpt lat="42.836662977933884" lon="-6.772671807557344">
        <ele>1232.800048828125</ele>
      </trkpt>
      <trkpt lat="42.83666616305709" lon="-6.772680943831801">
        <ele>1233</ele>
      </trkpt>
      <trkpt lat="42.836671778932214" lon="-6.772686392068863">
        <ele>1233.4000244140625</ele>
      </trkpt>
      <trkpt lat="42.83667689189315" lon="-6.7726953607052565">
        <ele>1233.5999755859375</ele>
      </trkpt>
      <trkpt lat="42.836683513596654" lon="-6.772706927731633">
        <ele>1233.800048828125</ele>
      </trkpt>
      <trkpt lat="42.83668954856694" lon="-6.772718159481883">
        <ele>1234</ele>
      </trkpt>
      <trkpt lat="42.83669013530016" lon="-6.772728553041816">
        <ele>1234.199951171875</ele>
      </trkpt>
      <trkpt lat="42.83669206313789" lon="-6.772734755650163">
        <ele>1234.4000244140625</ele>
      </trkpt>
      <trkpt lat="42.83669600263238" lon="-6.7727480828762054">
        <ele>1234.800048828125</ele>
      </trkpt>
      <trkpt lat="42.836698181927204" lon="-6.772765684872866">
        <ele>1235</ele>
      </trkpt>
      <trkpt lat="42.836698265746236" lon="-6.772778006270528">
        <ele>1235.199951171875</ele>
      </trkpt>
      <trkpt lat="42.83670094795525" lon="-6.7727940157055855">
        <ele>1235.5999755859375</ele>
      </trkpt>
      <trkpt lat="42.83670195378363" lon="-6.772806420922279">
        <ele>1235.800048828125</ele>
      </trkpt>
      <trkpt lat="42.8367068991065" lon="-6.772820921614766">
        <ele>1236</ele>
      </trkpt>
      <trkpt lat="42.8367087431252" lon="-6.772833159193397">
        <ele>1236.199951171875</ele>
      </trkpt>
      <trkpt lat="42.83671251498163" lon="-6.7728405352681875">
        <ele>1236.4000244140625</ele>
      </trkpt>
      <trkpt lat="42.83671754412353" lon="-6.772850090637803">
        <ele>1236.4000244140625</ele>
      </trkpt>
      <trkpt lat="42.836724165827036" lon="-6.772865345701575">
        <ele>1236.5999755859375</ele>
      </trkpt>
      <trkpt lat="42.8367259260267" lon="-6.772879092022777">
        <ele>1236.800048828125</ele>
      </trkpt>
      <trkpt lat="42.83672877587378" lon="-6.772890826687217">
        <ele>1237</ele>
      </trkpt>
      <trkpt lat="42.836728524416685" lon="-6.772903902456164">
        <ele>1237.4000244140625</ele>
      </trkpt>
      <trkpt lat="42.836729949340224" lon="-6.772923767566681">
        <ele>1237.5999755859375</ele>
      </trkpt>
      <trkpt lat="42.83673221245408" lon="-6.772937681525946">
        <ele>1237.800048828125</ele>
      </trkpt>
      <trkpt lat="42.83673212863505" lon="-6.772948997095227">
        <ele>1238.199951171875</ele>
      </trkpt>
      <trkpt lat="42.83673170953989" lon="-6.772960061207414">
        <ele>1238.4000244140625</ele>
      </trkpt>
      <trkpt lat="42.836734391748905" lon="-6.772980848327279">
        <ele>1238.5999755859375</ele>
      </trkpt>
      <trkpt lat="42.83673355355859" lon="-6.77299065515399">
        <ele>1238.800048828125</ele>
      </trkpt>
      <trkpt lat="42.83673363737762" lon="-6.772998785600066">
        <ele>1239</ele>
      </trkpt>
      <trkpt lat="42.836732463911176" lon="-6.773009849712253">
        <ele>1239.199951171875</ele>
      </trkpt>
      <trkpt lat="42.83673372119665" lon="-6.773025607690215">
        <ele>1239.4000244140625</ele>
      </trkpt>
      <trkpt lat="42.83673414029181" lon="-6.773035163059831">
        <ele>1239.5999755859375</ele>
      </trkpt>
      <trkpt lat="42.83673070371151" lon="-6.773045640438795">
        <ele>1239.800048828125</ele>
      </trkpt>
      <trkpt lat="42.83672818914056" lon="-6.773059386759996">
        <ele>1240.199951171875</ele>
      </trkpt>
      <trkpt lat="42.83672726713121" lon="-6.773069528862834">
        <ele>1240.4000244140625</ele>
      </trkpt>
      <trkpt lat="42.83672441728413" lon="-6.773075731471181">
        <ele>1240.5999755859375</ele>
      </trkpt>
      <trkpt lat="42.83672223798931" lon="-6.773086963221431">
        <ele>1240.800048828125</ele>
      </trkpt>
      <trkpt lat="42.83671997487545" lon="-6.773107331246138">
        <ele>1241.199951171875</ele>
      </trkpt>
      <trkpt lat="42.83671645447612" lon="-6.773114707320929">
        <ele>1241.4000244140625</ele>
      </trkpt>
      <trkpt lat="42.83671259880066" lon="-6.773124849423766">
        <ele>1241.5999755859375</ele>
      </trkpt>
      <trkpt lat="42.836707569658756" lon="-6.773135075345635">
        <ele>1241.800048828125</ele>
      </trkpt>
      <trkpt lat="42.83670388162136" lon="-6.7731518391519785">
        <ele>1242.199951171875</ele>
      </trkpt>
      <trkpt lat="42.83670270815492" lon="-6.773162903264165">
        <ele>1242.4000244140625</ele>
      </trkpt>
      <trkpt lat="42.83670228905976" lon="-6.773174135014415">
        <ele>1242.5999755859375</ele>
      </trkpt>
      <trkpt lat="42.83670547418296" lon="-6.7731821816414595">
        <ele>1242.800048828125</ele>
      </trkpt>
      <trkpt lat="42.83669994212687" lon="-6.773199867457151">
        <ele>1242.800048828125</ele>
      </trkpt>
      <trkpt lat="42.836696254089475" lon="-6.7732148710638285">
        <ele>1243</ele>
      </trkpt>
      <trkpt lat="42.83669365569949" lon="-6.773225348442793">
        <ele>1243</ele>
      </trkpt>
      <trkpt lat="42.83669105730951" lon="-6.773227863013744">
        <ele>1243.199951171875</ele>
      </trkpt>
      <trkpt lat="42.83669080585241" lon="-6.773238172754645">
        <ele>1243.4000244140625</ele>
      </trkpt>
      <trkpt lat="42.836687033995986" lon="-6.773243453353643">
        <ele>1243.5999755859375</ele>
      </trkpt>
      <trkpt lat="42.83668518997729" lon="-6.773250577971339">
        <ele>1243.800048828125</ele>
      </trkpt>
      <trkpt lat="42.83668669871986" lon="-6.773258624598384">
        <ele>1244</ele>
      </trkpt>
      <trkpt lat="42.83668963238597" lon="-6.77326574921608">
        <ele>1244.199951171875</ele>
      </trkpt>
      <trkpt lat="42.836692398414016" lon="-6.773267425596714">
        <ele>1244.5999755859375</ele>
      </trkpt>
      <trkpt lat="42.83669457770884" lon="-6.773275807499886">
        <ele>1244.800048828125</ele>
      </trkpt>
      <trkpt lat="42.83669449388981" lon="-6.773281758651137">
        <ele>1245.199951171875</ele>
      </trkpt>
      <trkpt lat="42.836695248261094" lon="-6.773289553821087">
        <ele>1245.4000244140625</ele>
      </trkpt>
      <trkpt lat="42.83669457770884" lon="-6.773299612104893">
        <ele>1245.800048828125</ele>
      </trkpt>
      <trkpt lat="42.83669558353722" lon="-6.773312855511904">
        <ele>1246</ele>
      </trkpt>
      <trkpt lat="42.83669457770884" lon="-6.7733188066631556">
        <ele>1246</ele>
      </trkpt>
      <trkpt lat="42.83669466152787" lon="-6.773326015099883">
        <ele>1246.199951171875</ele>
      </trkpt>
      <trkpt lat="42.836697762832046" lon="-6.77334101870656">
        <ele>1246.199951171875</ele>
      </trkpt>
      <trkpt lat="42.83670480363071" lon="-6.773350657895207">
        <ele>1246.4000244140625</ele>
      </trkpt>
      <trkpt lat="42.83670614473522" lon="-6.773358201608062">
        <ele>1246.5999755859375</ele>
      </trkpt>
      <trkpt lat="42.836708910763264" lon="-6.7733685951679945">
        <ele>1247</ele>
      </trkpt>
      <trkpt lat="42.836712431162596" lon="-6.773379407823086">
        <ele>1247.199951171875</ele>
      </trkpt>
      <trkpt lat="42.836714861914515" lon="-6.773385275155306">
        <ele>1247.4000244140625</ele>
      </trkpt>
      <trkpt lat="42.83671511337161" lon="-6.773391896858811">
        <ele>1247.800048828125</ele>
      </trkpt>
      <trkpt lat="42.83671704120934" lon="-6.773399692028761">
        <ele>1248</ele>
      </trkpt>
      <trkpt lat="42.836717292666435" lon="-6.773410337045789">
        <ele>1248.199951171875</ele>
      </trkpt>
      <trkpt lat="42.83671963959932" lon="-6.7734104208648205">
        <ele>1248.4000244140625</ele>
      </trkpt>
      <trkpt lat="42.83672584220767" lon="-6.773425173014402">
        <ele>1248.5999755859375</ele>
      </trkpt>
      <trkpt lat="42.83673212863505" lon="-6.773437075316906">
        <ele>1248.800048828125</ele>
      </trkpt>
      <trkpt lat="42.836735900491476" lon="-6.773447971791029">
        <ele>1249</ele>
      </trkpt>
      <trkpt lat="42.83673900179565" lon="-6.773457108065486">
        <ele>1249.199951171875</ele>
      </trkpt>
      <trkpt lat="42.83674260601401" lon="-6.773464232683182">
        <ele>1249.4000244140625</ele>
      </trkpt>
      <trkpt lat="42.8367449529469" lon="-6.773475464433432">
        <ele>1249.4000244140625</ele>
      </trkpt>
      <trkpt lat="42.836745120584965" lon="-6.773482337594032">
        <ele>1249.5999755859375</ele>
      </trkpt>
      <trkpt lat="42.83674503676593" lon="-6.773487031459808">
        <ele>1249.800048828125</ele>
      </trkpt>
      <trkpt lat="42.836744198575616" lon="-6.773494742810726">
        <ele>1250</ele>
      </trkpt>
      <trkpt lat="42.83674486912787" lon="-6.773501196876168">
        <ele>1250.199951171875</ele>
      </trkpt>
      <trkpt lat="42.8367433603853" lon="-6.77350714802742">
        <ele>1250.4000244140625</ele>
      </trkpt>
      <trkpt lat="42.83674210309982" lon="-6.77351594902575">
        <ele>1250.5999755859375</ele>
      </trkpt>
      <trkpt lat="42.83674428239465" lon="-6.773528605699539">
        <ele>1251</ele>
      </trkpt>
      <trkpt lat="42.83674235455692" lon="-6.7735400050878525">
        <ele>1251.199951171875</ele>
      </trkpt>
      <trkpt lat="42.83674185164273" lon="-6.773549225181341">
        <ele>1251.4000244140625</ele>
      </trkpt>
      <trkpt lat="42.836740259081125" lon="-6.773556936532259">
        <ele>1251.800048828125</ele>
      </trkpt>
      <trkpt lat="42.83674000762403" lon="-6.773570599034429">
        <ele>1252</ele>
      </trkpt>
      <trkpt lat="42.836738750338554" lon="-6.773576298728585">
        <ele>1252.199951171875</ele>
      </trkpt>
      <trkpt lat="42.83673657104373" lon="-6.773585854098201">
        <ele>1252.5999755859375</ele>
      </trkpt>
      <trkpt lat="42.83673422411084" lon="-6.773589458316565">
        <ele>1252.800048828125</ele>
      </trkpt>
      <trkpt lat="42.83673355355859" lon="-6.77359557710588">
        <ele>1253.199951171875</ele>
      </trkpt>
      <trkpt lat="42.83673657104373" lon="-6.773603456094861">
        <ele>1253.4000244140625</ele>
      </trkpt>
      <trkpt lat="42.83673715777695" lon="-6.773614687845111">
        <ele>1253.5999755859375</ele>
      </trkpt>
      <trkpt lat="42.836735900491476" lon="-6.773628015071154">
        <ele>1253.5999755859375</ele>
      </trkpt>
      <trkpt lat="42.836733888834715" lon="-6.77363857626915">
        <ele>1253.800048828125</ele>
      </trkpt>
      <trkpt lat="42.83673472702503" lon="-6.773644527420402">
        <ele>1254</ele>
      </trkpt>
      <trkpt lat="42.83673615194857" lon="-6.773657100275159">
        <ele>1254.199951171875</ele>
      </trkpt>
      <trkpt lat="42.83673522993922" lon="-6.773669924587011">
        <ele>1254.4000244140625</ele>
      </trkpt>
      <trkpt lat="42.83673321828246" lon="-6.773678557947278">
        <ele>1254.800048828125</ele>
      </trkpt>
      <trkpt lat="42.83673497848213" lon="-6.773687610402703">
        <ele>1255</ele>
      </trkpt>
      <trkpt lat="42.83673598431051" lon="-6.773692471906543">
        <ele>1255.4000244140625</ele>
      </trkpt>
      <trkpt lat="42.83673791214824" lon="-6.773706721141934">
        <ele>1255.5999755859375</ele>
      </trkpt>
      <trkpt lat="42.836740259081125" lon="-6.773715270683169">
        <ele>1256</ele>
      </trkpt>
      <trkpt lat="42.83673950470984" lon="-6.773729184642434">
        <ele>1256.199951171875</ele>
      </trkpt>
      <trkpt lat="42.8367415163666" lon="-6.773739913478494">
        <ele>1256.4000244140625</ele>
      </trkpt>
      <trkpt lat="42.83674243837595" lon="-6.773751648142934">
        <ele>1256.5999755859375</ele>
      </trkpt>
      <trkpt lat="42.83674201928079" lon="-6.773763047531247">
        <ele>1257</ele>
      </trkpt>
      <trkpt lat="42.83674294129014" lon="-6.7737711779773235">
        <ele>1257.199951171875</ele>
      </trkpt>
      <trkpt lat="42.83674210309982" lon="-6.773784505203366">
        <ele>1257.5999755859375</ele>
      </trkpt>
      <trkpt lat="42.83674193546176" lon="-6.773798419162631">
        <ele>1257.800048828125</ele>
      </trkpt>
      <trkpt lat="42.83674277365208" lon="-6.773812584578991">
        <ele>1258.199951171875</ele>
      </trkpt>
      <trkpt lat="42.83674285747111" lon="-6.773824403062463">
        <ele>1258.4000244140625</ele>
      </trkpt>
      <trkpt lat="42.83674386329949" lon="-6.7738359700888395">
        <ele>1258.5999755859375</ele>
      </trkpt>
      <trkpt lat="42.83674260601401" lon="-6.773851476609707">
        <ele>1259</ele>
      </trkpt>
      <trkpt lat="42.836745120584965" lon="-6.773869330063462">
        <ele>1259.199951171875</ele>
      </trkpt>
      <trkpt lat="42.83674579113722" lon="-6.773882238194346">
        <ele>1259.4000244140625</ele>
      </trkpt>
      <trkpt lat="42.83674746751785" lon="-6.773897157981992">
        <ele>1259.800048828125</ele>
      </trkpt>
      <trkpt lat="42.83674646168947" lon="-6.773912413045764">
        <ele>1260</ele>
      </trkpt>
      <trkpt lat="42.836747635155916" lon="-6.7739269975572824">
        <ele>1260.199951171875</ele>
      </trkpt>
      <trkpt lat="42.83675408922136" lon="-6.773947617039084">
        <ele>1260.4000244140625</ele>
      </trkpt>
      <trkpt lat="42.8367605432868" lon="-6.773964799940586">
        <ele>1260.5999755859375</ele>
      </trkpt>
      <trkpt lat="42.8367658238858" lon="-6.773976786062121">
        <ele>1260.800048828125</ele>
      </trkpt>
      <trkpt lat="42.83677043393254" lon="-6.7739885207265615">
        <ele>1261</ele>
      </trkpt>
      <trkpt lat="42.83677361905575" lon="-6.773999081924558">
        <ele>1261.199951171875</ele>
      </trkpt>
      <trkpt lat="42.83677437342703" lon="-6.7740085534751415">
        <ele>1261.4000244140625</ele>
      </trkpt>
      <trkpt lat="42.83677998930216" lon="-6.774022802710533">
        <ele>1261.5999755859375</ele>
      </trkpt>
      <trkpt lat="42.83678552135825" lon="-6.774037219583988">
        <ele>1261.800048828125</ele>
      </trkpt>
      <trkpt lat="42.836795998737216" lon="-6.774056330323219">
        <ele>1262</ele>
      </trkpt>
      <trkpt lat="42.83680211752653" lon="-6.774080386385322">
        <ele>1262.199951171875</ele>
      </trkpt>
      <trkpt lat="42.836808152496815" lon="-6.774095809087157">
        <ele>1262.4000244140625</ele>
      </trkpt>
      <trkpt lat="42.83681427128613" lon="-6.774115841835737">
        <ele>1262.199951171875</ele>
      </trkpt>
      <trkpt lat="42.83682215027511" lon="-6.77413453347981">
        <ele>1262.199951171875</ele>
      </trkpt>
      <trkpt lat="42.83682751469314" lon="-6.774152303114533">
        <ele>1262</ele>
      </trkpt>
      <trkpt lat="42.836830615997314" lon="-6.774168312549591">
        <ele>1262</ele>
      </trkpt>
      <trkpt lat="42.83683413639665" lon="-6.774193290621042">
        <ele>1262</ele>
      </trkpt>
      <trkpt lat="42.83683589659631" lon="-6.774218771606684">
        <ele>1262.199951171875</ele>
      </trkpt>
      <trkpt lat="42.83683975227177" lon="-6.774243414402008">
        <ele>1262.199951171875</ele>
      </trkpt>
      <trkpt lat="42.83684369176626" lon="-6.774273253977299">
        <ele>1262.199951171875</ele>
      </trkpt>
      <trkpt lat="42.83684620633721" lon="-6.774302674457431">
        <ele>1262</ele>
      </trkpt>
      <trkpt lat="42.83684863708913" lon="-6.77433779463172">
        <ele>1262</ele>
      </trkpt>
      <trkpt lat="42.83685098402202" lon="-6.774370316416025">
        <ele>1261.800048828125</ele>
      </trkpt>
      <trkpt lat="42.83685869537294" lon="-6.774399736896157">
        <ele>1261.800048828125</ele>
      </trkpt>
      <trkpt lat="42.83685735426843" lon="-6.774439383298159">
        <ele>1261.800048828125</ele>
      </trkpt>
      <trkpt lat="42.83686514943838" lon="-6.774467965587974">
        <ele>1261.800048828125</ele>
      </trkpt>
      <trkpt lat="42.836870765313506" lon="-6.774510210379958">
        <ele>1261.800048828125</ele>
      </trkpt>
      <trkpt lat="42.83687864430249" lon="-6.774542229250073">
        <ele>1261.800048828125</ele>
      </trkpt>
      <trkpt lat="42.83688811585307" lon="-6.774574751034379">
        <ele>1261.800048828125</ele>
      </trkpt>
      <trkpt lat="42.83690068870783" lon="-6.774604758247733">
        <ele>1262</ele>
      </trkpt>
      <trkpt lat="42.83691158518195" lon="-6.7746305745095015">
        <ele>1262</ele>
      </trkpt>
      <trkpt lat="42.83691929653287" lon="-6.77467055618763">
        <ele>1262</ele>
      </trkpt>
      <trkpt lat="42.83692130818963" lon="-6.774699222296476">
        <ele>1262</ele>
      </trkpt>
      <trkpt lat="42.83692290075123" lon="-6.774727301672101">
        <ele>1262</ele>
      </trkpt>
      <trkpt lat="42.83692776225507" lon="-6.7747619189321995">
        <ele>1262</ele>
      </trkpt>
      <trkpt lat="42.8369296900928" lon="-6.77479075267911">
        <ele>1262</ele>
      </trkpt>
      <trkpt lat="42.83693555742502" lon="-6.774829225614667">
        <ele>1262</ele>
      </trkpt>
      <trkpt lat="42.83693983219564" lon="-6.774866189807653">
        <ele>1262</ele>
      </trkpt>
      <trkpt lat="42.836940586566925" lon="-6.7748973704874516">
        <ele>1262</ele>
      </trkpt>
      <trkpt lat="42.83694083802402" lon="-6.774934669956565">
        <ele>1262.199951171875</ele>
      </trkpt>
      <trkpt lat="42.83694142475724" lon="-6.774969706311822">
        <ele>1262</ele>
      </trkpt>
      <trkpt lat="42.836941508576274" lon="-6.774999964982271">
        <ele>1262</ele>
      </trkpt>
      <trkpt lat="42.83694469369948" lon="-6.77503558807075">
        <ele>1261.800048828125</ele>
      </trkpt>
      <trkpt lat="42.83694880083203" lon="-6.7750658467411995">
        <ele>1261.800048828125</ele>
      </trkpt>
      <trkpt lat="42.83695064485073" lon="-6.775097446516156">
        <ele>1262</ele>
      </trkpt>
      <trkpt lat="42.836949387565255" lon="-6.775134075433016">
        <ele>1262.199951171875</ele>
      </trkpt>
      <trkpt lat="42.836950393393636" lon="-6.775167854502797">
        <ele>1262.4000244140625</ele>
      </trkpt>
      <trkpt lat="42.836948884651065" lon="-6.7752045672386885">
        <ele>1262.5999755859375</ele>
      </trkpt>
      <trkpt lat="42.836948465555906" lon="-6.775232562795281">
        <ele>1262.5999755859375</ele>
      </trkpt>
      <trkpt lat="42.83694511279464" lon="-6.775260558351874">
        <ele>1262.5999755859375</ele>
      </trkpt>
      <trkpt lat="42.836944442242384" lon="-6.775290733203292">
        <ele>1262.800048828125</ele>
      </trkpt>
      <trkpt lat="42.83693849109113" lon="-6.775313364341855">
        <ele>1262.800048828125</ele>
      </trkpt>
      <trkpt lat="42.83693455159664" lon="-6.775340437889099">
        <ele>1263</ele>
      </trkpt>
      <trkpt lat="42.836933294311166" lon="-6.775367092341185">
        <ele>1263.199951171875</ele>
      </trkpt>
      <trkpt lat="42.836930863559246" lon="-6.775394417345524">
        <ele>1263.199951171875</ele>
      </trkpt>
      <trkpt lat="42.836930276826024" lon="-6.77542744204402">
        <ele>1263.4000244140625</ele>
      </trkpt>
      <trkpt lat="42.836931282654405" lon="-6.775457197800279">
        <ele>1263.4000244140625</ele>
      </trkpt>
      <trkpt lat="42.836928348988295" lon="-6.77548460662365">
        <ele>1263.4000244140625</ele>
      </trkpt>
      <trkpt lat="42.83692290075123" lon="-6.775515116751194">
        <ele>1263.4000244140625</ele>
      </trkpt>
      <trkpt lat="42.83692038618028" lon="-6.775543950498104">
        <ele>1263.5999755859375</ele>
      </trkpt>
      <trkpt lat="42.83691946417093" lon="-6.775577897205949">
        <ele>1263.800048828125</ele>
      </trkpt>
      <trkpt lat="42.836918625980616" lon="-6.7756065633147955">
        <ele>1263.800048828125</ele>
      </trkpt>
      <trkpt lat="42.836918039247394" lon="-6.775635899975896">
        <ele>1264</ele>
      </trkpt>
      <trkpt lat="42.83692038618028" lon="-6.775666326284409">
        <ele>1264</ele>
      </trkpt>
      <trkpt lat="42.836924409493804" lon="-6.775692058727145">
        <ele>1264.199951171875</ele>
      </trkpt>
      <trkpt lat="42.83693354576826" lon="-6.7757252510637045">
        <ele>1264.4000244140625</ele>
      </trkpt>
      <trkpt lat="42.83694460988045" lon="-6.775757605209947">
        <ele>1264.5999755859375</ele>
      </trkpt>
      <trkpt lat="42.83695441670716" lon="-6.775782248005271">
        <ele>1264.5999755859375</ele>
      </trkpt>
      <trkpt lat="42.83697067759931" lon="-6.775816194713116">
        <ele>1264.5999755859375</ele>
      </trkpt>
      <trkpt lat="42.83697847276926" lon="-6.775845782831311">
        <ele>1264.5999755859375</ele>
      </trkpt>
      <trkpt lat="42.83699104562402" lon="-6.775873946025968">
        <ele>1264.5999755859375</ele>
      </trkpt>
      <trkpt lat="42.83700034953654" lon="-6.775911748409271">
        <ele>1264.4000244140625</ele>
      </trkpt>
      <trkpt lat="42.83700956963003" lon="-6.7759420070797205">
        <ele>1264.199951171875</ele>
      </trkpt>
      <trkpt lat="42.83702423796058" lon="-6.775974780321121">
        <ele>1264.199951171875</ele>
      </trkpt>
      <trkpt lat="42.83703471533954" lon="-6.776014091446996">
        <ele>1264</ele>
      </trkpt>
      <trkpt lat="42.837046114727855" lon="-6.776038566604257">
        <ele>1264</ele>
      </trkpt>
      <trkpt lat="42.837049551308155" lon="-6.776066226884723">
        <ele>1263.800048828125</ele>
      </trkpt>
      <trkpt lat="42.83706002868712" lon="-6.776103777810931">
        <ele>1263.800048828125</ele>
      </trkpt>
      <trkpt lat="42.83706723712385" lon="-6.776125151664019">
        <ele>1263.800048828125</ele>
      </trkpt>
      <trkpt lat="42.83708986826241" lon="-6.77615256048739">
        <ele>1263.5999755859375</ele>
      </trkpt>
      <trkpt lat="42.83710453659296" lon="-6.776177957653999">
        <ele>1263.4000244140625</ele>
      </trkpt>
      <trkpt lat="42.83712079748511" lon="-6.776200924068689">
        <ele>1263.4000244140625</ele>
      </trkpt>
      <trkpt lat="42.83713957294822" lon="-6.7762362118810415">
        <ele>1263.5999755859375</ele>
      </trkpt>
      <trkpt lat="42.837147787213326" lon="-6.7762574180960655">
        <ele>1263.5999755859375</ele>
      </trkpt>
      <trkpt lat="42.837162874639034" lon="-6.776283569633961">
        <ele>1263.800048828125</ele>
      </trkpt>
      <trkpt lat="42.837173687294126" lon="-6.776315253227949">
        <ele>1263.800048828125</ele>
      </trkpt>
      <trkpt lat="42.837180476635695" lon="-6.776338052004576">
        <ele>1264</ele>
      </trkpt>
      <trkpt lat="42.837191708385944" lon="-6.776369400322437">
        <ele>1264.199951171875</ele>
      </trkpt>
      <trkpt lat="42.83719983883202" lon="-6.776397731155157">
        <ele>1264.4000244140625</ele>
      </trkpt>
      <trkpt lat="42.83720503561199" lon="-6.776422122493386">
        <ele>1264.4000244140625</ele>
      </trkpt>
      <trkpt lat="42.83720964565873" lon="-6.7764529678970575">
        <ele>1264.5999755859375</ele>
      </trkpt>
      <trkpt lat="42.83720679581165" lon="-6.776484986767173">
        <ele>1264.5999755859375</ele>
      </trkpt>
      <trkpt lat="42.83720847219229" lon="-6.776510216295719">
        <ele>1264.5999755859375</ele>
      </trkpt>
      <trkpt lat="42.837206376716495" lon="-6.7765401396900415">
        <ele>1264.5999755859375</ele>
      </trkpt>
      <trkpt lat="42.837205370888114" lon="-6.776575595140457">
        <ele>1264.5999755859375</ele>
      </trkpt>
      <trkpt lat="42.837203023955226" lon="-6.776606272906065">
        <ele>1264.800048828125</ele>
      </trkpt>
      <trkpt lat="42.83720461651683" lon="-6.77664021961391">
        <ele>1264.800048828125</ele>
      </trkpt>
      <trkpt lat="42.837210316210985" lon="-6.776670562103391">
        <ele>1264.800048828125</ele>
      </trkpt>
      <trkpt lat="42.83721316605806" lon="-6.77670132368803">
        <ele>1264.800048828125</ele>
      </trkpt>
      <trkpt lat="42.837211824953556" lon="-6.776739293709397">
        <ele>1264.5999755859375</ele>
      </trkpt>
      <trkpt lat="42.837210316210985" lon="-6.776769049465656">
        <ele>1264.4000244140625</ele>
      </trkpt>
      <trkpt lat="42.83720126375556" lon="-6.776806181296706">
        <ele>1264.199951171875</ele>
      </trkpt>
      <trkpt lat="42.837193217128515" lon="-6.776842726394534">
        <ele>1264</ele>
      </trkpt>
      <trkpt lat="42.83718852326274" lon="-6.7768714763224125">
        <ele>1263.800048828125</ele>
      </trkpt>
      <trkpt lat="42.83718357793987" lon="-6.7769053392112255">
        <ele>1263.800048828125</ele>
      </trkpt>
      <trkpt lat="42.837177626788616" lon="-6.776934759691358">
        <ele>1263.5999755859375</ele>
      </trkpt>
      <trkpt lat="42.837168322876096" lon="-6.776968203485012">
        <ele>1263.5999755859375</ele>
      </trkpt>
      <trkpt lat="42.837160946801305" lon="-6.777001563459635">
        <ele>1263.4000244140625</ele>
      </trkpt>
      <trkpt lat="42.837150720879436" lon="-6.777028469368815">
        <ele>1263.4000244140625</ele>
      </trkpt>
      <trkpt lat="42.83714225515723" lon="-6.777060907334089">
        <ele>1263.4000244140625</ele>
      </trkpt>
      <trkpt lat="42.8371318615973" lon="-6.777092590928078">
        <ele>1263.4000244140625</ele>
      </trkpt>
      <trkpt lat="42.83712255768478" lon="-6.777124525979161">
        <ele>1263.4000244140625</ele>
      </trkpt>
      <trkpt lat="42.83711493015289" lon="-6.7771627474576235">
        <ele>1263.4000244140625</ele>
      </trkpt>
      <trkpt lat="42.837105290964246" lon="-6.777193173766136">
        <ele>1263.5999755859375</ele>
      </trkpt>
      <trkpt lat="42.83709464594722" lon="-6.777223851531744">
        <ele>1263.5999755859375</ele>
      </trkpt>
      <trkpt lat="42.83708106726408" lon="-6.777254277840257">
        <ele>1263.800048828125</ele>
      </trkpt>
      <trkpt lat="42.83707117661834" lon="-6.7772808484733105">
        <ele>1263.800048828125</ele>
      </trkpt>
      <trkpt lat="42.83705751411617" lon="-6.77731161005795">
        <ele>1264</ele>
      </trkpt>
      <trkpt lat="42.83704653382301" lon="-6.777334325015545">
        <ele>1264</ele>
      </trkpt>
      <trkpt lat="42.83703303895891" lon="-6.777358716353774">
        <ele>1264</ele>
      </trkpt>
      <trkpt lat="42.8370177000761" lon="-6.77738294005394">
        <ele>1264</ele>
      </trkpt>
      <trkpt lat="42.83700638450682" lon="-6.777403810992837">
        <ele>1264</ele>
      </trkpt>
      <trkpt lat="42.836994314566255" lon="-6.777426861226559">
        <ele>1264</ele>
      </trkpt>
      <trkpt lat="42.83698375336826" lon="-6.777449576184154">
        <ele>1264.199951171875</ele>
      </trkpt>
      <trkpt lat="42.836970342323184" lon="-6.777470698580146">
        <ele>1264.199951171875</ele>
      </trkpt>
      <trkpt lat="42.836955757811666" lon="-6.777493329718709">
        <ele>1264.199951171875</ele>
      </trkpt>
      <trkpt lat="42.83694293349981" lon="-6.77751294337213">
        <ele>1264.199951171875</ele>
      </trkpt>
      <trkpt lat="42.83692516386509" lon="-6.7775308806449175">
        <ele>1264.199951171875</ele>
      </trkpt>
      <trkpt lat="42.83690555021167" lon="-6.777546806260943">
        <ele>1264.199951171875</ele>
      </trkpt>
      <trkpt lat="42.83688652329147" lon="-6.777566755190492">
        <ele>1264.4000244140625</ele>
      </trkpt>
      <trkpt lat="42.83687545917928" lon="-6.777588967233896">
        <ele>1264.4000244140625</ele>
      </trkpt>
      <trkpt lat="42.836850732564926" lon="-6.7776162922382355">
        <ele>1264.4000244140625</ele>
      </trkpt>
      <trkpt lat="42.836836567148566" lon="-6.77763900719583">
        <ele>1264.4000244140625</ele>
      </trkpt>
      <trkpt lat="42.83681728877127" lon="-6.777655184268951">
        <ele>1264.4000244140625</ele>
      </trkpt>
      <trkpt lat="42.83679616637528" lon="-6.777674378827214">
        <ele>1264.4000244140625</ele>
      </trkpt>
      <trkpt lat="42.83678267151117" lon="-6.7776931542903185">
        <ele>1264.4000244140625</ele>
      </trkpt>
      <trkpt lat="42.836756352335215" lon="-6.777707235887647">
        <ele>1264.4000244140625</ele>
      </trkpt>
      <trkpt lat="42.83673950470984" lon="-6.777722490951419">
        <ele>1264.4000244140625</ele>
      </trkpt>
      <trkpt lat="42.83672282472253" lon="-6.777732716873288">
        <ele>1264.4000244140625</ele>
      </trkpt>
      <trkpt lat="42.83670052886009" lon="-6.77774503827095">
        <ele>1264.199951171875</ele>
      </trkpt>
      <trkpt lat="42.836683010682464" lon="-6.77775870077312">
        <ele>1264.199951171875</ele>
      </trkpt>
      <trkpt lat="42.83666121773422" lon="-6.77778460085392">
        <ele>1264.4000244140625</ele>
      </trkpt>
      <trkpt lat="42.83664177171886" lon="-6.777804717421532">
        <ele>1264.4000244140625</ele>
      </trkpt>
      <trkpt lat="42.83661872148514" lon="-6.777827516198158">
        <ele>1264.199951171875</ele>
      </trkpt>
      <trkpt lat="42.8365913964808" lon="-6.777847046032548">
        <ele>1264.199951171875</ele>
      </trkpt>
      <trkpt lat="42.83657127991319" lon="-6.777863809838891">
        <ele>1264.199951171875</ele>
      </trkpt>
      <trkpt lat="42.836551582440734" lon="-6.777878226712346">
        <ele>1264.199951171875</ele>
      </trkpt>
      <trkpt lat="42.836525766178966" lon="-6.7778972536325455">
        <ele>1264.199951171875</ele>
      </trkpt>
      <trkpt lat="42.83650506287813" lon="-6.777909826487303">
        <ele>1264.4000244140625</ele>
      </trkpt>
      <trkpt lat="42.83648117445409" lon="-6.7779202200472355">
        <ele>1264.4000244140625</ele>
      </trkpt>
      <trkpt lat="42.83646256662905" lon="-6.777930613607168">
        <ele>1264.5999755859375</ele>
      </trkpt>
      <trkpt lat="42.83644404262304" lon="-6.777942767366767">
        <ele>1264.800048828125</ele>
      </trkpt>
      <trkpt lat="42.836422584950924" lon="-6.777950981631875">
        <ele>1264.800048828125</ele>
      </trkpt>
      <trkpt lat="42.83640431240201" lon="-6.777960620820522">
        <ele>1265</ele>
      </trkpt>
      <trkpt lat="42.836393332108855" lon="-6.777971601113677">
        <ele>1265</ele>
      </trkpt>
      <trkpt lat="42.83636969514191" lon="-6.777983754873276">
        <ele>1265.199951171875</ele>
      </trkpt>
      <trkpt lat="42.836353769525886" lon="-6.7780006024986506">
        <ele>1265.199951171875</ele>
      </trkpt>
      <trkpt lat="42.836326360702515" lon="-6.778027592226863">
        <ele>1265.4000244140625</ele>
      </trkpt>
      <trkpt lat="42.83630456775427" lon="-6.778050726279616">
        <ele>1265.199951171875</ele>
      </trkpt>
      <trkpt lat="42.836282355710864" lon="-6.778068831190467">
        <ele>1265.199951171875</ele>
      </trkpt>
      <trkpt lat="42.836253102868795" lon="-6.7780916299670935">
        <ele>1265.199951171875</ele>
      </trkpt>
      <trkpt lat="42.83623709343374" lon="-6.7781140096485615">
        <ele>1265</ele>
      </trkpt>
      <trkpt lat="42.83621957525611" lon="-6.778131946921349">
        <ele>1264.800048828125</ele>
      </trkpt>
      <trkpt lat="42.8361960221082" lon="-6.778149884194136">
        <ele>1264.800048828125</ele>
      </trkpt>
      <trkpt lat="42.83617900684476" lon="-6.778165474534035">
        <ele>1264.800048828125</ele>
      </trkpt>
      <trkpt lat="42.83615226857364" lon="-6.778183244168758">
        <ele>1264.800048828125</ele>
      </trkpt>
      <trkpt lat="42.83613265492022" lon="-6.778201935812831">
        <ele>1264.800048828125</ele>
      </trkpt>
      <trkpt lat="42.83611220307648" lon="-6.778223644942045">
        <ele>1264.800048828125</ele>
      </trkpt>
      <trkpt lat="42.83608336932957" lon="-6.778241498395801">
        <ele>1264.800048828125</ele>
      </trkpt>
      <trkpt lat="42.83606182783842" lon="-6.778259351849556">
        <ele>1264.800048828125</ele>
      </trkpt>
      <trkpt lat="42.83604070544243" lon="-6.778280809521675">
        <ele>1264.800048828125</ele>
      </trkpt>
      <trkpt lat="42.836020505055785" lon="-6.778300171718001">
        <ele>1265</ele>
      </trkpt>
      <trkpt lat="42.836001478135586" lon="-6.7783192824572325">
        <ele>1265.199951171875</ele>
      </trkpt>
      <trkpt lat="42.83597683534026" lon="-6.778333866968751">
        <ele>1265.199951171875</ele>
      </trkpt>
      <trkpt lat="42.835958898067474" lon="-6.778350966051221">
        <ele>1265.4000244140625</ele>
      </trkpt>
      <trkpt lat="42.83594062551856" lon="-6.778369070962071">
        <ele>1265.199951171875</ele>
      </trkpt>
      <trkpt lat="42.835909109562635" lon="-6.778385080397129">
        <ele>1265.199951171875</ele>
      </trkpt>
      <trkpt lat="42.83589310012758" lon="-6.778407376259565">
        <ele>1265</ele>
      </trkpt>
      <trkpt lat="42.835874408483505" lon="-6.778427409008145">
        <ele>1265</ele>
      </trkpt>
      <trkpt lat="42.8358521964401" lon="-6.778446352109313">
        <ele>1264.800048828125</ele>
      </trkpt>
      <trkpt lat="42.83583803102374" lon="-6.778461942449212">
        <ele>1264.800048828125</ele>
      </trkpt>
      <trkpt lat="42.83581665717065" lon="-6.778476107865572">
        <ele>1265</ele>
      </trkpt>
      <trkpt lat="42.835800647735596" lon="-6.778492201119661">
        <ele>1265</ele>
      </trkpt>
      <trkpt lat="42.835780112072825" lon="-6.778509300202131">
        <ele>1265.199951171875</ele>
      </trkpt>
      <trkpt lat="42.83575697802007" lon="-6.7785292491316795">
        <ele>1265.199951171875</ele>
      </trkpt>
      <trkpt lat="42.83574189059436" lon="-6.778547018766403">
        <ele>1265.199951171875</ele>
      </trkpt>
      <trkpt lat="42.83572420477867" lon="-6.778564704582095">
        <ele>1265.199951171875</ele>
      </trkpt>
      <trkpt lat="42.835695622488856" lon="-6.778585491701961">
        <ele>1265.199951171875</ele>
      </trkpt>
      <trkpt lat="42.83567341044545" lon="-6.778607033193111">
        <ele>1265</ele>
      </trkpt>
      <trkpt lat="42.83565312623978" lon="-6.778630502521992">
        <ele>1265</ele>
      </trkpt>
      <trkpt lat="42.83562705852091" lon="-6.778649361804128">
        <ele>1264.800048828125</ele>
      </trkpt>
      <trkpt lat="42.83561012707651" lon="-6.778662521392107">
        <ele>1264.800048828125</ele>
      </trkpt>
      <trkpt lat="42.83558598719537" lon="-6.778677022084594">
        <ele>1264.800048828125</ele>
      </trkpt>
      <trkpt lat="42.835566122084856" lon="-6.778691606596112">
        <ele>1264.800048828125</ele>
      </trkpt>
      <trkpt lat="42.835550950840116" lon="-6.778709040954709">
        <ele>1265</ele>
      </trkpt>
      <trkpt lat="42.83552873879671" lon="-6.778729576617479">
        <ele>1265</ele>
      </trkpt>
      <trkpt lat="42.83551272936165" lon="-6.778754722326994">
        <ele>1265</ele>
      </trkpt>
      <trkpt lat="42.835495714098215" lon="-6.778778191655874">
        <ele>1265.199951171875</ele>
      </trkpt>
      <trkpt lat="42.8354655392468" lon="-6.7787952069193125">
        <ele>1265</ele>
      </trkpt>
      <trkpt lat="42.835444919764996" lon="-6.778806438669562">
        <ele>1265</ele>
      </trkpt>
      <trkpt lat="42.83542446792126" lon="-6.778813060373068">
        <ele>1264.800048828125</ele>
      </trkpt>
      <trkpt lat="42.83540225587785" lon="-6.7788320034742355">
        <ele>1264.800048828125</ele>
      </trkpt>
      <trkpt lat="42.83538683317602" lon="-6.77884885109961">
        <ele>1264.800048828125</ele>
      </trkpt>
      <trkpt lat="42.835371159017086" lon="-6.778860166668892">
        <ele>1264.800048828125</ele>
      </trkpt>
      <trkpt lat="42.835350539535284" lon="-6.778872320428491">
        <ele>1264.5999755859375</ele>
      </trkpt>
      <trkpt lat="42.83532933332026" lon="-6.778880283236504">
        <ele>1264.5999755859375</ele>
      </trkpt>
      <trkpt lat="42.835311060771346" lon="-6.77888598293066">
        <ele>1264.5999755859375</ele>
      </trkpt>
      <trkpt lat="42.835295386612415" lon="-6.778895203024149">
        <ele>1264.800048828125</ele>
      </trkpt>
      <trkpt lat="42.835282227024436" lon="-6.778908027336001">
        <ele>1264.800048828125</ele>
      </trkpt>
      <trkpt lat="42.83526252955198" lon="-6.778923198580742">
        <ele>1264.800048828125</ele>
      </trkpt>
      <trkpt lat="42.835241155698895" lon="-6.778936022892594">
        <ele>1265</ele>
      </trkpt>
      <trkpt lat="42.83522338606417" lon="-6.778950439766049">
        <ele>1265</ele>
      </trkpt>
      <trkpt lat="42.83520385622978" lon="-6.778965694829822">
        <ele>1265</ele>
      </trkpt>
      <trkpt lat="42.835185918956995" lon="-6.778986481949687">
        <ele>1265</ele>
      </trkpt>
      <trkpt lat="42.835171753540635" lon="-6.779008693993092">
        <ele>1264.800048828125</ele>
      </trkpt>
      <trkpt lat="42.835147278383374" lon="-6.779028391465545">
        <ele>1264.800048828125</ele>
      </trkpt>
      <trkpt lat="42.83513294532895" lon="-6.779046496376395">
        <ele>1264.800048828125</ele>
      </trkpt>
      <trkpt lat="42.835108721628785" lon="-6.779060661792755">
        <ele>1264.800048828125</ele>
      </trkpt>
      <trkpt lat="42.83508793450892" lon="-6.779083712026477">
        <ele>1264.800048828125</ele>
      </trkpt>
      <trkpt lat="42.83507284708321" lon="-6.779103074222803">
        <ele>1264.800048828125</ele>
      </trkpt>
      <trkpt lat="42.83505214378238" lon="-6.77912637591362">
        <ele>1264.800048828125</ele>
      </trkpt>
      <trkpt lat="42.83503747545183" lon="-6.779147917404771">
        <ele>1264.800048828125</ele>
      </trkpt>
      <trkpt lat="42.83501618541777" lon="-6.779169123619795">
        <ele>1265</ele>
      </trkpt>
      <trkpt lat="42.834992464631796" lon="-6.779192173853517">
        <ele>1264.800048828125</ele>
      </trkpt>
      <trkpt lat="42.83497352153063" lon="-6.779209189116955">
        <ele>1264.800048828125</ele>
      </trkpt>
      <trkpt lat="42.83494804054499" lon="-6.779219750314951">
        <ele>1265</ele>
      </trkpt>
      <trkpt lat="42.834928343072534" lon="-6.77923240698874">
        <ele>1265</ele>
      </trkpt>
      <trkpt lat="42.83491359092295" lon="-6.779242297634482">
        <ele>1265.199951171875</ele>
      </trkpt>
      <trkpt lat="42.83489657565951" lon="-6.779255960136652">
        <ele>1265.199951171875</ele>
      </trkpt>
      <trkpt lat="42.83488140441477" lon="-6.779271634295583">
        <ele>1265.4000244140625</ele>
      </trkpt>
      <trkpt lat="42.83486707136035" lon="-6.7792873084545135">
        <ele>1265.4000244140625</ele>
      </trkpt>
      <trkpt lat="42.83484913408756" lon="-6.779306000098586">
        <ele>1265.4000244140625</ele>
      </trkpt>
      <trkpt lat="42.83483421429992" lon="-6.779319494962692">
        <ele>1265.4000244140625</ele>
      </trkpt>
      <trkpt lat="42.83481485210359" lon="-6.779339360073209">
        <ele>1265.4000244140625</ele>
      </trkpt>
      <trkpt lat="42.834796495735645" lon="-6.77935847081244">
        <ele>1265.4000244140625</ele>
      </trkpt>
      <trkpt lat="42.83478165976703" lon="-6.779378671199083">
        <ele>1265.4000244140625</ele>
      </trkpt>
      <trkpt lat="42.834765650331974" lon="-6.779394932091236">
        <ele>1265.4000244140625</ele>
      </trkpt>
      <trkpt lat="42.8347453661263" lon="-6.7794110253453255">
        <ele>1265.4000244140625</ele>
      </trkpt>
      <trkpt lat="42.834732960909605" lon="-6.779427956789732">
        <ele>1265.4000244140625</ele>
      </trkpt>
      <trkpt lat="42.834712006151676" lon="-6.779452515766025">
        <ele>1265.5999755859375</ele>
      </trkpt>
      <trkpt lat="42.834693901240826" lon="-6.779470117762685">
        <ele>1265.5999755859375</ele>
      </trkpt>
      <trkpt lat="42.83467504195869" lon="-6.779489563778043">
        <ele>1265.5999755859375</ele>
      </trkpt>
      <trkpt lat="42.83465266227722" lon="-6.7795028910040855">
        <ele>1265.800048828125</ele>
      </trkpt>
      <trkpt lat="42.83463204279542" lon="-6.779515966773033">
        <ele>1265.800048828125</ele>
      </trkpt>
      <trkpt lat="42.834612261503935" lon="-6.779528455808759">
        <ele>1266</ele>
      </trkpt>
      <trkpt lat="42.83458912745118" lon="-6.779543040320277">
        <ele>1266</ele>
      </trkpt>
      <trkpt lat="42.834573704749346" lon="-6.779553685337305">
        <ele>1266.199951171875</ele>
      </trkpt>
      <trkpt lat="42.83455870114267" lon="-6.779565839096904">
        <ele>1266.4000244140625</ele>
      </trkpt>
      <trkpt lat="42.83454101532698" lon="-6.779578663408756">
        <ele>1266.4000244140625</ele>
      </trkpt>
      <trkpt lat="42.834530621767044" lon="-6.779590398073196">
        <ele>1266.5999755859375</ele>
      </trkpt>
      <trkpt lat="42.83451855182648" lon="-6.779603809118271">
        <ele>1266.5999755859375</ele>
      </trkpt>
      <trkpt lat="42.83450840972364" lon="-6.779613783583045">
        <ele>1266.800048828125</ele>
      </trkpt>
      <trkpt lat="42.83449952490628" lon="-6.779623003676534">
        <ele>1266.800048828125</ele>
      </trkpt>
      <trkpt lat="42.83449365757406" lon="-6.779635744169354">
        <ele>1267</ele>
      </trkpt>
      <trkpt lat="42.83448301255703" lon="-6.7796472273766994">
        <ele>1267</ele>
      </trkpt>
      <trkpt lat="42.83447328954935" lon="-6.779663739725947">
        <ele>1267.199951171875</ele>
      </trkpt>
      <trkpt lat="42.834452502429485" lon="-6.779674552381039">
        <ele>1267.4000244140625</ele>
      </trkpt>
      <trkpt lat="42.834442695602775" lon="-6.7796834371984005">
        <ele>1267.800048828125</ele>
      </trkpt>
      <trkpt lat="42.834430541843176" lon="-6.779687711969018">
        <ele>1268</ele>
      </trkpt>
      <trkpt lat="42.83442048355937" lon="-6.779695842415094">
        <ele>1268.4000244140625</ele>
      </trkpt>
      <trkpt lat="42.83440933562815" lon="-6.7797024641186">
        <ele>1268.5999755859375</ele>
      </trkpt>
      <trkpt lat="42.83439517021179" lon="-6.779714282602072">
        <ele>1268.800048828125</ele>
      </trkpt>
      <trkpt lat="42.834384022280574" lon="-6.779724759981036">
        <ele>1269</ele>
      </trkpt>
      <trkpt lat="42.83437346108258" lon="-6.779732974246144">
        <ele>1269.4000244140625</ele>
      </trkpt>
      <trkpt lat="42.83436466008425" lon="-6.779739931225777">
        <ele>1269.5999755859375</ele>
      </trkpt>
      <trkpt lat="42.83435259014368" lon="-6.779749067500234">
        <ele>1269.800048828125</ele>
      </trkpt>
      <trkpt lat="42.83433834090829" lon="-6.779761807993054">
        <ele>1270</ele>
      </trkpt>
      <trkpt lat="42.83432677388191" lon="-6.77977186627686">
        <ele>1270.199951171875</ele>
      </trkpt>
      <trkpt lat="42.834313781931996" lon="-6.779785864055157">
        <ele>1270.4000244140625</ele>
      </trkpt>
      <trkpt lat="42.8343016281724" lon="-6.779799107462168">
        <ele>1270.5999755859375</ele>
      </trkpt>
      <trkpt lat="42.834293162450194" lon="-6.779810171574354">
        <ele>1271</ele>
      </trkpt>
      <trkpt lat="42.834284948185086" lon="-6.779817882925272">
        <ele>1271.199951171875</ele>
      </trkpt>
      <trkpt lat="42.83427497372031" lon="-6.779825426638126">
        <ele>1271.4000244140625</ele>
      </trkpt>
      <trkpt lat="42.83426592126489" lon="-6.779832383617759">
        <ele>1271.5999755859375</ele>
      </trkpt>
      <trkpt lat="42.83425569534302" lon="-6.779840346425772">
        <ele>1271.800048828125</ele>
      </trkpt>
      <trkpt lat="42.83424220047891" lon="-6.779851578176022">
        <ele>1272</ele>
      </trkpt>
      <trkpt lat="42.83423180691898" lon="-6.779861133545637">
        <ele>1272.199951171875</ele>
      </trkpt>
      <trkpt lat="42.83421931788325" lon="-6.779873790219426">
        <ele>1272.4000244140625</ele>
      </trkpt>
      <trkpt lat="42.834208086133" lon="-6.779885357245803">
        <ele>1272.5999755859375</ele>
      </trkpt>
      <trkpt lat="42.834194926545024" lon="-6.779897008091211">
        <ele>1272.800048828125</ele>
      </trkpt>
      <trkpt lat="42.83418143168092" lon="-6.779908910393715">
        <ele>1273</ele>
      </trkpt>
      <trkpt lat="42.83417019993067" lon="-6.779916118830442">
        <ele>1273.199951171875</ele>
      </trkpt>
      <trkpt lat="42.834161231294274" lon="-6.779926680028439">
        <ele>1273.4000244140625</ele>
      </trkpt>
      <trkpt lat="42.834152011200786" lon="-6.779935481026769">
        <ele>1273.5999755859375</ele>
      </trkpt>
      <trkpt lat="42.834145640954375" lon="-6.7799426056444645">
        <ele>1273.800048828125</ele>
      </trkpt>
      <trkpt lat="42.8341356664896" lon="-6.779951825737953">
        <ele>1274.199951171875</ele>
      </trkpt>
      <trkpt lat="42.834125608205795" lon="-6.779958698898554">
        <ele>1274.4000244140625</ele>
      </trkpt>
      <trkpt lat="42.83411328680813" lon="-6.779966913163662">
        <ele>1274.5999755859375</ele>
      </trkpt>
      <trkpt lat="42.834098702296615" lon="-6.779975546523929">
        <ele>1274.800048828125</ele>
      </trkpt>
      <trkpt lat="42.83408688381314" lon="-6.7799832578748465">
        <ele>1275.199951171875</ele>
      </trkpt>
      <trkpt lat="42.83407456241548" lon="-6.779991136863828">
        <ele>1275.199951171875</ele>
      </trkpt>
      <trkpt lat="42.834062492474914" lon="-6.779997758567333">
        <ele>1275.4000244140625</ele>
      </trkpt>
      <trkpt lat="42.834048913791776" lon="-6.780005302280188">
        <ele>1275.5999755859375</ele>
      </trkpt>
      <trkpt lat="42.83403491601348" lon="-6.780012929812074">
        <ele>1275.800048828125</ele>
      </trkpt>
      <trkpt lat="42.83402225933969" lon="-6.780019970610738">
        <ele>1275.800048828125</ele>
      </trkpt>
      <trkpt lat="42.834009770303965" lon="-6.7800262570381165">
        <ele>1276</ele>
      </trkpt>
      <trkpt lat="42.8339974489063" lon="-6.780029693618417">
        <ele>1276.199951171875</ele>
      </trkpt>
      <trkpt lat="42.83398571424186" lon="-6.780035644769669">
        <ele>1276.199951171875</ele>
      </trkpt>
      <trkpt lat="42.833974147215486" lon="-6.780040338635445">
        <ele>1276.199951171875</ele>
      </trkpt>
      <trkpt lat="42.83396216109395" lon="-6.780048720538616">
        <ele>1276.4000244140625</ele>
      </trkpt>
      <trkpt lat="42.833951096981764" lon="-6.7800581920892">
        <ele>1276.4000244140625</ele>
      </trkpt>
      <trkpt lat="42.833942379802465" lon="-6.780064310878515">
        <ele>1276.5999755859375</ele>
      </trkpt>
      <trkpt lat="42.83393383026123" lon="-6.78007235750556">
        <ele>1276.800048828125</ele>
      </trkpt>
      <trkpt lat="42.833928130567074" lon="-6.7800848465412855">
        <ele>1276.800048828125</ele>
      </trkpt>
      <trkpt lat="42.833922849968076" lon="-6.780091216787696">
        <ele>1277</ele>
      </trkpt>
      <trkpt lat="42.833915976807475" lon="-6.780095994472504">
        <ele>1277.199951171875</ele>
      </trkpt>
      <trkpt lat="42.83391027711332" lon="-6.78010462783277">
        <ele>1277.199951171875</ele>
      </trkpt>
      <trkpt lat="42.83390264958143" lon="-6.780114769935608">
        <ele>1277.4000244140625</ele>
      </trkpt>
      <trkpt lat="42.83388974145055" lon="-6.780127678066492">
        <ele>1277.4000244140625</ele>
      </trkpt>
      <trkpt lat="42.83387968316674" lon="-6.780136059969664">
        <ele>1277.5999755859375</ele>
      </trkpt>
      <trkpt lat="42.83388236537576" lon="-6.780150141566992">
        <ele>1276.199951171875</ele>
      </trkpt>
      <trkpt lat="42.83388689160347" lon="-6.780175371095538">
        <ele>1275.5999755859375</ele>
      </trkpt>
      <trkpt lat="42.833886221051216" lon="-6.780204623937607">
        <ele>1275.4000244140625</ele>
      </trkpt>
      <trkpt lat="42.83388135954738" lon="-6.780237061902881">
        <ele>1275</ele>
      </trkpt>
      <trkpt lat="42.83386786468327" lon="-6.780273942276835">
        <ele>1275</ele>
      </trkpt>
      <trkpt lat="42.83386535011232" lon="-6.780305625870824">
        <ele>1274.800048828125</ele>
      </trkpt>
      <trkpt lat="42.833862667903304" lon="-6.7803399078547955">
        <ele>1274.5999755859375</ele>
      </trkpt>
      <trkpt lat="42.83385621383786" lon="-6.780383745208383">
        <ele>1274.4000244140625</ele>
      </trkpt>
      <trkpt lat="42.83384791575372" lon="-6.780405370518565">
        <ele>1274</ele>
      </trkpt>
      <trkpt lat="42.83384422771633" lon="-6.780430097132921">
        <ele>1273.800048828125</ele>
      </trkpt>
      <trkpt lat="42.83384447917342" lon="-6.780463624745607">
        <ele>1273.4000244140625</ele>
      </trkpt>
      <trkpt lat="42.83384590409696" lon="-6.780484579503536">
        <ele>1273.199951171875</ele>
      </trkpt>
      <trkpt lat="42.83384925685823" lon="-6.780504109337926">
        <ele>1272.800048828125</ele>
      </trkpt>
      <trkpt lat="42.83386585302651" lon="-6.780517939478159">
        <ele>1272.4000244140625</ele>
      </trkpt>
      <trkpt lat="42.83387700095773" lon="-6.780521208420396">
        <ele>1272</ele>
      </trkpt>
      <trkpt lat="42.83388094045222" lon="-6.780519699677825">
        <ele>1271.800048828125</ele>
      </trkpt>
      <trkpt lat="42.83388948999345" lon="-6.780515089631081">
        <ele>1270.800048828125</ele>
      </trkpt>
      <trkpt lat="42.833892004564404" lon="-6.7805045284330845">
        <ele>1270.5999755859375</ele>
      </trkpt>
      <trkpt lat="42.833899296820164" lon="-6.780494973063469">
        <ele>1270.4000244140625</ele>
      </trkpt>
      <trkpt lat="42.8339060023427" lon="-6.780488435178995">
        <ele>1270</ele>
      </trkpt>
      <trkpt lat="42.83391321077943" lon="-6.780481142923236">
        <ele>1269.800048828125</ele>
      </trkpt>
      <trkpt lat="42.83391958102584" lon="-6.78047452121973">
        <ele>1269.4000244140625</ele>
      </trkpt>
      <trkpt lat="42.833930142223835" lon="-6.780465804040432">
        <ele>1269.199951171875</ele>
      </trkpt>
      <trkpt lat="42.83393961377442" lon="-6.780460104346275">
        <ele>1269</ele>
      </trkpt>
      <trkpt lat="42.833953611552715" lon="-6.78045348264277">
        <ele>1268.5999755859375</ele>
      </trkpt>
      <trkpt lat="42.83396794460714" lon="-6.780446358025074">
        <ele>1268.4000244140625</ele>
      </trkpt>
      <trkpt lat="42.83397775143385" lon="-6.780438059940934">
        <ele>1268</ele>
      </trkpt>
      <trkpt lat="42.83398428931832" lon="-6.780430851504207">
        <ele>1267.800048828125</ele>
      </trkpt>
      <trkpt lat="42.83399158157408" lon="-6.780424481257796">
        <ele>1267.4000244140625</ele>
      </trkpt>
      <trkpt lat="42.833999460563064" lon="-6.780418111011386">
        <ele>1267.4000244140625</ele>
      </trkpt>
      <trkpt lat="42.834010776132345" lon="-6.780409058555961">
        <ele>1267.199951171875</ele>
      </trkpt>
      <trkpt lat="42.834020582959056" lon="-6.780402269214392">
        <ele>1267</ele>
      </trkpt>
      <trkpt lat="42.83403608947992" lon="-6.780389444902539">
        <ele>1267</ele>
      </trkpt>
      <trkpt lat="42.83405075781047" lon="-6.780378380790353">
        <ele>1266.5999755859375</ele>
      </trkpt>
      <trkpt lat="42.83406173810363" lon="-6.780365137383342">
        <ele>1266.199951171875</ele>
      </trkpt>
      <trkpt lat="42.8340751491487" lon="-6.7803508043289185">
        <ele>1265.800048828125</ele>
      </trkpt>
      <trkpt lat="42.834089146927" lon="-6.780334711074829">
        <ele>1265.4000244140625</ele>
      </trkpt>
      <trkpt lat="42.834104569628835" lon="-6.780321383848786">
        <ele>1265</ele>
      </trkpt>
      <trkpt lat="42.83412183634937" lon="-6.780306296423078">
        <ele>1264.5999755859375</ele>
      </trkpt>
      <trkpt lat="42.83413231372833" lon="-6.780293639749289">
        <ele>1264.199951171875</ele>
      </trkpt>
      <trkpt lat="42.83414840698242" lon="-6.78028492256999">
        <ele>1263.800048828125</ele>
      </trkpt>
      <trkpt lat="42.834155447781086" lon="-6.780270505696535">
        <ele>1263.5999755859375</ele>
      </trkpt>
      <trkpt lat="42.834169613197446" lon="-6.780252568423748">
        <ele>1263.199951171875</ele>
      </trkpt>
      <trkpt lat="42.8341805934906" lon="-6.780232368037105">
        <ele>1262.5999755859375</ele>
      </trkpt>
      <trkpt lat="42.83418922685087" lon="-6.780219711363316">
        <ele>1262.199951171875</ele>
      </trkpt>
      <trkpt lat="42.83420640975237" lon="-6.780197834596038">
        <ele>1261.800048828125</ele>
      </trkpt>
      <trkpt lat="42.83422166481614" lon="-6.780189871788025">
        <ele>1261.4000244140625</ele>
      </trkpt>
      <trkpt lat="42.834233148023486" lon="-6.780181908980012">
        <ele>1261</ele>
      </trkpt>
      <trkpt lat="42.834254102781415" lon="-6.7801808193326">
        <ele>1260.5999755859375</ele>
      </trkpt>
      <trkpt lat="42.83426768146455" lon="-6.780175538733602">
        <ele>1260.199951171875</ele>
      </trkpt>
      <trkpt lat="42.834283439442515" lon="-6.780174449086189">
        <ele>1260</ele>
      </trkpt>
      <trkpt lat="42.83429835923016" lon="-6.780169252306223">
        <ele>1259.5999755859375</ele>
      </trkpt>
      <trkpt lat="42.83431394957006" lon="-6.780156176537275">
        <ele>1259.199951171875</ele>
      </trkpt>
      <trkpt lat="42.83432090654969" lon="-6.780142765492201">
        <ele>1258.800048828125</ele>
      </trkpt>
      <trkpt lat="42.834332808852196" lon="-6.780121978372335">
        <ele>1258.5999755859375</ele>
      </trkpt>
      <trkpt lat="42.8343431185931" lon="-6.7801072262227535">
        <ele>1258.199951171875</ele>
      </trkpt>
      <trkpt lat="42.83435543999076" lon="-6.780098341405392">
        <ele>1257.800048828125</ele>
      </trkpt>
      <trkpt lat="42.83436826430261" lon="-6.7800860200077295">
        <ele>1257.4000244140625</ele>
      </trkpt>
      <trkpt lat="42.83438586629927" lon="-6.780072106048465">
        <ele>1257.199951171875</ele>
      </trkpt>
      <trkpt lat="42.83440296538174" lon="-6.7800659872591496">
        <ele>1256.800048828125</ele>
      </trkpt>
      <trkpt lat="42.83442333340645" lon="-6.7800616286695">
        <ele>1256.4000244140625</ele>
      </trkpt>
      <trkpt lat="42.83444185741246" lon="-6.780053414404392">
        <ele>1256</ele>
      </trkpt>
      <trkpt lat="42.834458788856864" lon="-6.780056012794375">
        <ele>1255.5999755859375</ele>
      </trkpt>
      <trkpt lat="42.83447211608291" lon="-6.780061041936278">
        <ele>1255.199951171875</ele>
      </trkpt>
      <trkpt lat="42.83448737114668" lon="-6.780058443546295">
        <ele>1254.800048828125</ele>
      </trkpt>
      <trkpt lat="42.834504721686244" lon="-6.7800509836524725">
        <ele>1254.4000244140625</ele>
      </trkpt>
      <trkpt lat="42.834522826597095" lon="-6.780037488788366">
        <ele>1254</ele>
      </trkpt>
      <trkpt lat="42.8345347288996" lon="-6.780025586485863">
        <ele>1253.5999755859375</ele>
      </trkpt>
      <trkpt lat="42.834559036418796" lon="-6.78001469001174">
        <ele>1253</ele>
      </trkpt>
      <trkpt lat="42.83457345329225" lon="-6.780006978660822">
        <ele>1252.199951171875</ele>
      </trkpt>
      <trkpt lat="42.83459507860243" lon="-6.779999937862158">
        <ele>1251.800048828125</ele>
      </trkpt>
      <trkpt lat="42.83461821265519" lon="-6.77999172359705">
        <ele>1251.199951171875</ele>
      </trkpt>
      <trkpt lat="42.834633802995086" lon="-6.7799844313412905">
        <ele>1250.5999755859375</ele>
      </trkpt>
      <trkpt lat="42.83465442247689" lon="-6.779984598979354">
        <ele>1250.199951171875</ele>
      </trkpt>
      <trkpt lat="42.834665989503264" lon="-6.779972109943628">
        <ele>1249.800048828125</ele>
      </trkpt>
      <trkpt lat="42.834684094414115" lon="-6.779958950355649">
        <ele>1249.5999755859375</ele>
      </trkpt>
      <trkpt lat="42.834703205153346" lon="-6.7799581959843636">
        <ele>1249.199951171875</ele>
      </trkpt>
      <trkpt lat="42.834717789664865" lon="-6.779947970062494">
        <ele>1248.800048828125</ele>
      </trkpt>
      <trkpt lat="42.83473765477538" lon="-6.779944282025099">
        <ele>1248.5999755859375</ele>
      </trkpt>
      <trkpt lat="42.834751987829804" lon="-6.779944868758321">
        <ele>1248.199951171875</ele>
      </trkpt>
      <trkpt lat="42.83476506359875" lon="-6.779944114387035">
        <ele>1247.800048828125</ele>
      </trkpt>
      <trkpt lat="42.83478853292763" lon="-6.779947467148304">
        <ele>1247.4000244140625</ele>
      </trkpt>
      <trkpt lat="42.83480487763882" lon="-6.779940007254481">
        <ele>1247</ele>
      </trkpt>
      <trkpt lat="42.83482616767287" lon="-6.779931038618088">
        <ele>1246.4000244140625</ele>
      </trkpt>
      <trkpt lat="42.83484670333564" lon="-6.779926931485534">
        <ele>1246</ele>
      </trkpt>
      <trkpt lat="42.83486698754132" lon="-6.779922991991043">
        <ele>1245.5999755859375</ele>
      </trkpt>
      <trkpt lat="42.83488618209958" lon="-6.7799146100878716">
        <ele>1245</ele>
      </trkpt>
      <trkpt lat="42.83490571193397" lon="-6.77990673109889">
        <ele>1244.5999755859375</ele>
      </trkpt>
      <trkpt lat="42.83493060618639" lon="-6.779898852109909">
        <ele>1244</ele>
      </trkpt>
      <trkpt lat="42.8349422570318" lon="-6.779890218749642">
        <ele>1243.4000244140625</ele>
      </trkpt>
      <trkpt lat="42.834954829886556" lon="-6.779880579560995">
        <ele>1243</ele>
      </trkpt>
      <trkpt lat="42.83497377298772" lon="-6.779877562075853">
        <ele>1242.5999755859375</ele>
      </trkpt>
      <trkpt lat="42.83499363809824" lon="-6.779872449114919">
        <ele>1242</ele>
      </trkpt>
      <trkpt lat="42.83501258119941" lon="-6.779868006706238">
        <ele>1241.5999755859375</ele>
      </trkpt>
      <trkpt lat="42.83503018319607" lon="-6.7798639833927155">
        <ele>1241.199951171875</ele>
      </trkpt>
      <trkpt lat="42.83504644408822" lon="-6.779855601489544">
        <ele>1240.5999755859375</ele>
      </trkpt>
      <trkpt lat="42.8350611962378" lon="-6.779839843511581">
        <ele>1240.199951171875</ele>
      </trkpt>
      <trkpt lat="42.83507804386318" lon="-6.77982316352427">
        <ele>1239.800048828125</ele>
      </trkpt>
      <trkpt lat="42.835089694708586" lon="-6.779809668660164">
        <ele>1239.4000244140625</ele>
      </trkpt>
      <trkpt lat="42.835100926458836" lon="-6.779796089977026">
        <ele>1239</ele>
      </trkpt>
      <trkpt lat="42.83511584624648" lon="-6.779785947874188">
        <ele>1238.5999755859375</ele>
      </trkpt>
      <trkpt lat="42.83513286150992" lon="-6.779772788286209">
        <ele>1238</ele>
      </trkpt>
      <trkpt lat="42.83514744602144" lon="-6.779754683375359">
        <ele>1237.5999755859375</ele>
      </trkpt>
      <trkpt lat="42.83516990952194" lon="-6.779725765809417">
        <ele>1237.199951171875</ele>
      </trkpt>
      <trkpt lat="42.835190277546644" lon="-6.779701374471188">
        <ele>1236.5999755859375</ele>
      </trkpt>
      <trkpt lat="42.835215758532286" lon="-6.779682012274861">
        <ele>1236</ele>
      </trkpt>
      <trkpt lat="42.83524132333696" lon="-6.779667343944311">
        <ele>1235.4000244140625</ele>
      </trkpt>
      <trkpt lat="42.835271498188376" lon="-6.779672037810087">
        <ele>1235</ele>
      </trkpt>
      <trkpt lat="42.83529379405081" lon="-6.779680168256164">
        <ele>1234.5999755859375</ele>
      </trkpt>
      <trkpt lat="42.83530334942043" lon="-6.779705649241805">
        <ele>1234.4000244140625</ele>
      </trkpt>
      <trkpt lat="42.835305193439126" lon="-6.77973372861743">
        <ele>1234</ele>
      </trkpt>
      <trkpt lat="42.835303181782365" lon="-6.779763400554657">
        <ele>1233.5999755859375</ele>
      </trkpt>
      <trkpt lat="42.83529915846884" lon="-6.7797894682735205">
        <ele>1233.199951171875</ele>
      </trkpt>
      <trkpt lat="42.835296895354986" lon="-6.779812015593052">
        <ele>1232.5999755859375</ele>
      </trkpt>
      <trkpt lat="42.83530033193529" lon="-6.779839508235455">
        <ele>1232</ele>
      </trkpt>
      <trkpt lat="42.83530544489622" lon="-6.779864653944969">
        <ele>1231.4000244140625</ele>
      </trkpt>
      <trkpt lat="42.83531189896166" lon="-6.779893571510911">
        <ele>1230.800048828125</ele>
      </trkpt>
      <trkpt lat="42.83531525172293" lon="-6.779918214306235">
        <ele>1230.4000244140625</ele>
      </trkpt>
      <trkpt lat="42.83531709574163" lon="-6.779947215691209">
        <ele>1229.800048828125</ele>
      </trkpt>
      <trkpt lat="42.83532053232193" lon="-6.779969679191709">
        <ele>1229.4000244140625</ele>
      </trkpt>
      <trkpt lat="42.83532883040607" lon="-6.780002787709236">
        <ele>1229</ele>
      </trkpt>
      <trkpt lat="42.83533612266183" lon="-6.7800268437713385">
        <ele>1228.5999755859375</ele>
      </trkpt>
      <trkpt lat="42.83533427864313" lon="-6.780059281736612">
        <ele>1228</ele>
      </trkpt>
      <trkpt lat="42.83533461391926" lon="-6.780088031664491">
        <ele>1227.800048828125</ele>
      </trkpt>
      <trkpt lat="42.835337882861495" lon="-6.780121559277177">
        <ele>1227.199951171875</ele>
      </trkpt>
      <trkpt lat="42.835336877033114" lon="-6.780153410509229">
        <ele>1226.800048828125</ele>
      </trkpt>
      <trkpt lat="42.835337463766336" lon="-6.780196912586689">
        <ele>1226.199951171875</ele>
      </trkpt>
      <trkpt lat="42.83533436246216" lon="-6.780231026932597">
        <ele>1225.5999755859375</ele>
      </trkpt>
      <trkpt lat="42.835330087691545" lon="-6.780261285603046">
        <ele>1225</ele>
      </trkpt>
      <trkpt lat="42.83532631583512" lon="-6.780289448797703">
        <ele>1224.4000244140625</ele>
      </trkpt>
      <trkpt lat="42.835323214530945" lon="-6.780317779630423">
        <ele>1224</ele>
      </trkpt>
      <trkpt lat="42.835317850112915" lon="-6.780344853177667">
        <ele>1223.5999755859375</ele>
      </trkpt>
      <trkpt lat="42.8353151679039" lon="-6.780373603105545">
        <ele>1223.199951171875</ele>
      </trkpt>
      <trkpt lat="42.835309552028775" lon="-6.780399335548282">
        <ele>1222.5999755859375</ele>
      </trkpt>
      <trkpt lat="42.83530728891492" lon="-6.780430935323238">
        <ele>1222</ele>
      </trkpt>
      <trkpt lat="42.835304606705904" lon="-6.780456081032753">
        <ele>1221.4000244140625</ele>
      </trkpt>
      <trkpt lat="42.8353133238852" lon="-6.780483657494187">
        <ele>1220.800048828125</ele>
      </trkpt>
      <trkpt lat="42.83531726337969" lon="-6.780506456270814">
        <ele>1220.199951171875</ele>
      </trkpt>
      <trkpt lat="42.83532899804413" lon="-6.780524645000696">
        <ele>1219.5999755859375</ele>
      </trkpt>
      <trkpt lat="42.83533905632794" lon="-6.780540570616722">
        <ele>1219.199951171875</ele>
      </trkpt>
      <trkpt lat="42.835356406867504" lon="-6.780550796538591">
        <ele>1218.5999755859375</ele>
      </trkpt>
      <trkpt lat="42.83536395058036" lon="-6.780556328594685">
        <ele>1218</ele>
      </trkpt>
      <trkpt lat="42.835379373282194" lon="-6.78055758588016">
        <ele>1217.4000244140625</ele>
      </trkpt>
      <trkpt lat="42.83539672382176" lon="-6.780552472919226">
        <ele>1217</ele>
      </trkpt>
      <trkpt lat="42.8354134876281" lon="-6.780546270310879">
        <ele>1216.4000244140625</ele>
      </trkpt>
      <trkpt lat="42.8354325145483" lon="-6.7805407382547855">
        <ele>1216</ele>
      </trkpt>
      <trkpt lat="42.835460091009736" lon="-6.780536212027073">
        <ele>1215.199951171875</ele>
      </trkpt>
      <trkpt lat="42.835487332195044" lon="-6.780527075752616">
        <ele>1214.5999755859375</ele>
      </trkpt>
      <trkpt lat="42.83552245236933" lon="-6.780512742698193">
        <ele>1214</ele>
      </trkpt>
      <trkpt lat="42.835545502603054" lon="-6.780502600595355">
        <ele>1213.5999755859375</ele>
      </trkpt>
      <trkpt lat="42.83557081595063" lon="-6.780486591160297">
        <ele>1213.199951171875</ele>
      </trkpt>
      <trkpt lat="42.83559562638402" lon="-6.780478460714221">
        <ele>1212.800048828125</ele>
      </trkpt>
      <trkpt lat="42.83561700023711" lon="-6.7804689053446054">
        <ele>1212.4000244140625</ele>
      </trkpt>
      <trkpt lat="42.83564264886081" lon="-6.780457757413387">
        <ele>1212</ele>
      </trkpt>
      <trkpt lat="42.83566201105714" lon="-6.780445603653789">
        <ele>1211.5999755859375</ele>
      </trkpt>
      <trkpt lat="42.83568447455764" lon="-6.780426912009716">
        <ele>1211.199951171875</ele>
      </trkpt>
      <trkpt lat="42.83570467494428" lon="-6.780408723279834">
        <ele>1210.800048828125</ele>
      </trkpt>
      <trkpt lat="42.83572202548385" lon="-6.7803876008838415">
        <ele>1210.4000244140625</ele>
      </trkpt>
      <trkpt lat="42.83574130386114" lon="-6.780376201495528">
        <ele>1210</ele>
      </trkpt>
      <trkpt lat="42.83575924113393" lon="-6.780355665832758">
        <ele>1209.5999755859375</ele>
      </trkpt>
      <trkpt lat="42.83577692694962" lon="-6.780336806550622">
        <ele>1209.199951171875</ele>
      </trkpt>
      <trkpt lat="42.835796205326915" lon="-6.780326832085848">
        <ele>1208.5999755859375</ele>
      </trkpt>
      <trkpt lat="42.83581841737032" lon="-6.780315348878503">
        <ele>1208.199951171875</ele>
      </trkpt>
      <trkpt lat="42.83583811484277" lon="-6.780310235917568">
        <ele>1207.5999755859375</ele>
      </trkpt>
      <trkpt lat="42.83586200326681" lon="-6.780299004167318">
        <ele>1207.199951171875</ele>
      </trkpt>
      <trkpt lat="42.83588035963476" lon="-6.78029615432024">
        <ele>1206.5999755859375</ele>
      </trkpt>
      <trkpt lat="42.83590089529753" lon="-6.7802918795496225">
        <ele>1206.199951171875</ele>
      </trkpt>
      <trkpt lat="42.83591623418033" lon="-6.780285928398371">
        <ele>1205.5999755859375</ele>
      </trkpt>
      <trkpt lat="42.83593970350921" lon="-6.780265811830759">
        <ele>1205.199951171875</ele>
      </trkpt>
      <trkpt lat="42.83596099354327" lon="-6.78025952540338">
        <ele>1204.5999755859375</ele>
      </trkpt>
      <trkpt lat="42.83597767353058" lon="-6.780250975862145">
        <ele>1204.199951171875</ele>
      </trkpt>
      <trkpt lat="42.83599862828851" lon="-6.78024091757834">
        <ele>1203.5999755859375</ele>
      </trkpt>
      <trkpt lat="42.836018074303865" lon="-6.780229266732931">
        <ele>1203</ele>
      </trkpt>
      <trkpt lat="42.83603232353926" lon="-6.780224656686187">
        <ele>1202.5999755859375</ele>
      </trkpt>
      <trkpt lat="42.836050260812044" lon="-6.7802167776972055">
        <ele>1202</ele>
      </trkpt>
      <trkpt lat="42.83606534823775" lon="-6.78021065890789">
        <ele>1201.4000244140625</ele>
      </trkpt>
      <trkpt lat="42.83608362078667" lon="-6.780198588967323">
        <ele>1201</ele>
      </trkpt>
      <trkpt lat="42.83609996549785" lon="-6.780182830989361">
        <ele>1200.4000244140625</ele>
      </trkpt>
      <trkpt lat="42.83612184226513" lon="-6.780170509591699">
        <ele>1199.800048828125</ele>
      </trkpt>
      <trkpt lat="42.83614028245211" lon="-6.780156344175339">
        <ele>1199.199951171875</ele>
      </trkpt>
      <trkpt lat="42.83615595661104" lon="-6.7801393289119005">
        <ele>1198.800048828125</ele>
      </trkpt>
      <trkpt lat="42.83617498353124" lon="-6.780125666409731">
        <ele>1198.199951171875</ele>
      </trkpt>
      <trkpt lat="42.83618780784309" lon="-6.780111752450466">
        <ele>1198</ele>
      </trkpt>
      <trkpt lat="42.836205242201686" lon="-6.780098173767328">
        <ele>1197.5999755859375</ele>
      </trkpt>
      <trkpt lat="42.836216893047094" lon="-6.780088534578681">
        <ele>1197.199951171875</ele>
      </trkpt>
      <trkpt lat="42.83623424358666" lon="-6.780077889561653">
        <ele>1197</ele>
      </trkpt>
      <trkpt lat="42.83624145202339" lon="-6.780058862641454">
        <ele>1196.4000244140625</ele>
      </trkpt>
      <trkpt lat="42.83625192940235" lon="-6.780041512101889">
        <ele>1196</ele>
      </trkpt>
      <trkpt lat="42.83626860938966" lon="-6.780030447989702">
        <ele>1195.5999755859375</ele>
      </trkpt>
      <trkpt lat="42.8362856246531" lon="-6.78002106025815">
        <ele>1195</ele>
      </trkpt>
      <trkpt lat="42.8362996224314" lon="-6.780013432726264">
        <ele>1194.5999755859375</ele>
      </trkpt>
      <trkpt lat="42.836316637694836" lon="-6.780012594535947">
        <ele>1194</ele>
      </trkpt>
      <trkpt lat="42.83633784390986" lon="-6.7800120916217566">
        <ele>1193.5999755859375</ele>
      </trkpt>
      <trkpt lat="42.83635284751654" lon="-6.780007733032107">
        <ele>1193</ele>
      </trkpt>
      <trkpt lat="42.83637455664575" lon="-6.780004044994712">
        <ele>1192.5999755859375</ele>
      </trkpt>
      <trkpt lat="42.83639023080468" lon="-6.779999351128936">
        <ele>1192.199951171875</ele>
      </trkpt>
      <trkpt lat="42.83640917390585" lon="-6.779994908720255">
        <ele>1191.5999755859375</ele>
      </trkpt>
      <trkpt lat="42.83642635680735" lon="-6.779998177662492">
        <ele>1191.199951171875</ele>
      </trkpt>
      <trkpt lat="42.83644110895693" lon="-6.779991304501891">
        <ele>1190.5999755859375</ele>
      </trkpt>
      <trkpt lat="42.83645711839199" lon="-6.779986442998052">
        <ele>1190.199951171875</ele>
      </trkpt>
      <trkpt lat="42.8364687692374" lon="-6.779986107721925">
        <ele>1189.5999755859375</ele>
      </trkpt>
      <trkpt lat="42.83648536540568" lon="-6.779979905113578">
        <ele>1189</ele>
      </trkpt>
      <trkpt lat="42.83649802207947" lon="-6.779971439391375">
        <ele>1188.5999755859375</ele>
      </trkpt>
      <trkpt lat="42.836516965180635" lon="-6.779976217076182">
        <ele>1188</ele>
      </trkpt>
      <trkpt lat="42.836533980444074" lon="-6.7799776419997215">
        <ele>1187.4000244140625</ele>
      </trkpt>
      <trkpt lat="42.836555019021034" lon="-6.779968002811074">
        <ele>1186.800048828125</ele>
      </trkpt>
      <trkpt lat="42.83657354302704" lon="-6.779962219297886">
        <ele>1186.199951171875</ele>
      </trkpt>
      <trkpt lat="42.83659307286143" lon="-6.779955681413412">
        <ele>1185.5999755859375</ele>
      </trkpt>
      <trkpt lat="42.83661687746644" lon="-6.7799499817192554">
        <ele>1185</ele>
      </trkpt>
      <trkpt lat="42.836632216349244" lon="-6.779945455491543">
        <ele>1184.4000244140625</ele>
      </trkpt>
      <trkpt lat="42.836652752012014" lon="-6.779938666149974">
        <ele>1183.800048828125</ele>
      </trkpt>
      <trkpt lat="42.836669851094484" lon="-6.779931206256151">
        <ele>1183.4000244140625</ele>
      </trkpt>
      <trkpt lat="42.836692398414016" lon="-6.779909664765">
        <ele>1182.800048828125</ele>
      </trkpt>
      <trkpt lat="42.83670488744974" lon="-6.779891811311245">
        <ele>1182.199951171875</ele>
      </trkpt>
      <trkpt lat="42.83672005869448" lon="-6.779879909008741">
        <ele>1181.5999755859375</ele>
      </trkpt>
      <trkpt lat="42.836735397577286" lon="-6.779865408316255">
        <ele>1181</ele>
      </trkpt>
      <trkpt lat="42.8367467969656" lon="-6.779848728328943">
        <ele>1180.5999755859375</ele>
      </trkpt>
      <trkpt lat="42.836766662076116" lon="-6.779828276485205">
        <ele>1179.800048828125</ele>
      </trkpt>
      <trkpt lat="42.836779570207" lon="-6.779814613983035">
        <ele>1179.199951171875</ele>
      </trkpt>
      <trkpt lat="42.83679264597595" lon="-6.77979969419539">
        <ele>1178.5999755859375</ele>
      </trkpt>
      <trkpt lat="42.83681770786643" lon="-6.7797809187322855">
        <ele>1178</ele>
      </trkpt>
      <trkpt lat="42.8368382435292" lon="-6.779765579849482">
        <ele>1177.4000244140625</ele>
      </trkpt>
      <trkpt lat="42.83685861155391" lon="-6.779752671718597">
        <ele>1176.800048828125</ele>
      </trkpt>
      <trkpt lat="42.83688023686409" lon="-6.779736494645476">
        <ele>1176</ele>
      </trkpt>
      <trkpt lat="42.83690010197461" lon="-6.779720317572355">
        <ele>1175.4000244140625</ele>
      </trkpt>
      <trkpt lat="42.836914267390966" lon="-6.779701542109251">
        <ele>1174.800048828125</ele>
      </trkpt>
      <trkpt lat="42.83693295903504" lon="-6.779689975082874">
        <ele>1174.199951171875</ele>
      </trkpt>
      <trkpt lat="42.83695022575557" lon="-6.779682096093893">
        <ele>1173.5999755859375</ele>
      </trkpt>
      <trkpt lat="42.83697419799864" lon="-6.779678072780371">
        <ele>1173</ele>
      </trkpt>
      <trkpt lat="42.83699666149914" lon="-6.779669523239136">
        <ele>1172.4000244140625</ele>
      </trkpt>
      <trkpt lat="42.83702080138028" lon="-6.779662650078535">
        <ele>1171.800048828125</ele>
      </trkpt>
      <trkpt lat="42.83704795874655" lon="-6.779658375307918">
        <ele>1171.199951171875</ele>
      </trkpt>
      <trkpt lat="42.83707654103637" lon="-6.779647478833795">
        <ele>1170.5999755859375</ele>
      </trkpt>
      <trkpt lat="42.83709556795657" lon="-6.779634989798069">
        <ele>1170</ele>
      </trkpt>
      <trkpt lat="42.83711618743837" lon="-6.7796277813613415">
        <ele>1169.4000244140625</ele>
      </trkpt>
      <trkpt lat="42.83713487908244" lon="-6.779622249305248">
        <ele>1169</ele>
      </trkpt>
      <trkpt lat="42.83715834841132" lon="-6.7796316370368">
        <ele>1168.4000244140625</ele>
      </trkpt>
      <trkpt lat="42.83717771060765" lon="-6.779631385579705">
        <ele>1168</ele>
      </trkpt>
      <trkpt lat="42.837203526869416" lon="-6.7796227522194386">
        <ele>1167.4000244140625</ele>
      </trkpt>
      <trkpt lat="42.83722079358995" lon="-6.779617639258504">
        <ele>1167</ele>
      </trkpt>
      <trkpt lat="42.8372404910624" lon="-6.779618309810758">
        <ele>1166.4000244140625</ele>
      </trkpt>
      <trkpt lat="42.837260607630014" lon="-6.779622668400407">
        <ele>1166</ele>
      </trkpt>
      <trkpt lat="42.83728189766407" lon="-6.779617974534631">
        <ele>1165.4000244140625</ele>
      </trkpt>
      <trkpt lat="42.83730058930814" lon="-6.779619650915265">
        <ele>1164.800048828125</ele>
      </trkpt>
      <trkpt lat="42.83731173723936" lon="-6.779618142172694">
        <ele>1164.199951171875</ele>
      </trkpt>
      <trkpt lat="42.83733109943569" lon="-6.77961403504014">
        <ele>1163.5999755859375</ele>
      </trkpt>
      <trkpt lat="42.83735037781298" lon="-6.779608838260174">
        <ele>1163.199951171875</ele>
      </trkpt>
      <trkpt lat="42.83736588433385" lon="-6.779596768319607">
        <ele>1162.800048828125</ele>
      </trkpt>
      <trkpt lat="42.83739052712917" lon="-6.779585536569357">
        <ele>1162.4000244140625</ele>
      </trkpt>
      <trkpt lat="42.83741952851415" lon="-6.779571287333965">
        <ele>1162</ele>
      </trkpt>
      <trkpt lat="42.83743939362466" lon="-6.779558546841145">
        <ele>1161.4000244140625</ele>
      </trkpt>
      <trkpt lat="42.837457079440355" lon="-6.779551422223449">
        <ele>1161</ele>
      </trkpt>
      <trkpt lat="42.83747250214219" lon="-6.779540274292231">
        <ele>1160.5999755859375</ele>
      </trkpt>
      <trkpt lat="42.83748901449144" lon="-6.77953097037971">
        <ele>1160</ele>
      </trkpt>
      <trkpt lat="42.83750770613551" lon="-6.779525689780712">
        <ele>1159.5999755859375</ele>
      </trkpt>
      <trkpt lat="42.837519189342856" lon="-6.779519487172365">
        <ele>1159</ele>
      </trkpt>
      <trkpt lat="42.83752975054085" lon="-6.779503393918276">
        <ele>1158.800048828125</ele>
      </trkpt>
      <trkpt lat="42.83754735253751" lon="-6.779483696445823">
        <ele>1158.4000244140625</ele>
      </trkpt>
      <trkpt lat="42.83756914548576" lon="-6.779482439160347">
        <ele>1158.199951171875</ele>
      </trkpt>
      <trkpt lat="42.83758196979761" lon="-6.779477074742317">
        <ele>1158</ele>
      </trkpt>
      <trkpt lat="42.837602254003286" lon="-6.779463579878211">
        <ele>1157.800048828125</ele>
      </trkpt>
      <trkpt lat="42.837618766352534" lon="-6.779454695060849">
        <ele>1157.5999755859375</ele>
      </trkpt>
      <trkpt lat="42.83763519488275" lon="-6.779444804415107">
        <ele>1157.4000244140625</ele>
      </trkpt>
      <trkpt lat="42.83764793537557" lon="-6.779435835778713">
        <ele>1157.199951171875</ele>
      </trkpt>
      <trkpt lat="42.837664280086756" lon="-6.779428459703922">
        <ele>1156.800048828125</ele>
      </trkpt>
      <trkpt lat="42.83767777495086" lon="-6.779418820515275">
        <ele>1156.5999755859375</ele>
      </trkpt>
      <trkpt lat="42.83769680187106" lon="-6.779408426955342">
        <ele>1156.199951171875</ele>
      </trkpt>
      <trkpt lat="42.83770736306906" lon="-6.779392249882221">
        <ele>1156</ele>
      </trkpt>
      <trkpt lat="42.83772354014218" lon="-6.779376156628132">
        <ele>1155.800048828125</ele>
      </trkpt>
      <trkpt lat="42.83773619681597" lon="-6.779359728097916">
        <ele>1155.5999755859375</ele>
      </trkpt>
      <trkpt lat="42.83775488846004" lon="-6.779339276254177">
        <ele>1155.4000244140625</ele>
      </trkpt>
      <trkpt lat="42.83776528201997" lon="-6.779328128322959">
        <ele>1155</ele>
      </trkpt>
      <trkpt lat="42.837778525426984" lon="-6.779316058382392">
        <ele>1154.5999755859375</ele>
      </trkpt>
      <trkpt lat="42.83779067918658" lon="-6.77931010723114">
        <ele>1153.800048828125</ele>
      </trkpt>
      <trkpt lat="42.83780903555453" lon="-6.77928957156837">
        <ele>1153.199951171875</ele>
      </trkpt>
      <trkpt lat="42.83782521262765" lon="-6.77927540615201">
        <ele>1152.800048828125</ele>
      </trkpt>
      <trkpt lat="42.837847927585244" lon="-6.779261073097587">
        <ele>1152.199951171875</ele>
      </trkpt>
      <trkpt lat="42.83786276355386" lon="-6.779264006763697">
        <ele>1151.5999755859375</ele>
      </trkpt>
      <trkpt lat="42.83787223510444" lon="-6.779282698407769">
        <ele>1151.199951171875</ele>
      </trkpt>
      <trkpt lat="42.83787466585636" lon="-6.779308011755347">
        <ele>1151</ele>
      </trkpt>
      <trkpt lat="42.83787709660828" lon="-6.779329469427466">
        <ele>1150.5999755859375</ele>
      </trkpt>
      <trkpt lat="42.83787567168474" lon="-6.779358722269535">
        <ele>1150.199951171875</ele>
      </trkpt>
      <trkpt lat="42.83787659369409" lon="-6.779386298730969">
        <ele>1150</ele>
      </trkpt>
      <trkpt lat="42.837879694998264" lon="-6.779406080022454">
        <ele>1149.5999755859375</ele>
      </trkpt>
      <trkpt lat="42.83787835389376" lon="-6.779437847435474">
        <ele>1149.199951171875</ele>
      </trkpt>
      <trkpt lat="42.8378813713789" lon="-6.77946743555367">
        <ele>1148.5999755859375</ele>
      </trkpt>
      <trkpt lat="42.83788438886404" lon="-6.779494173824787">
        <ele>1148.199951171875</ele>
      </trkpt>
      <trkpt lat="42.8378864005208" lon="-6.779523678123951">
        <ele>1147.800048828125</ele>
      </trkpt>
      <trkpt lat="42.837894363328815" lon="-6.7795458901673555">
        <ele>1147.199951171875</ele>
      </trkpt>
      <trkpt lat="42.83790349960327" lon="-6.779564917087555">
        <ele>1146.800048828125</ele>
      </trkpt>
      <trkpt lat="42.837924202904105" lon="-6.779575813561678">
        <ele>1146.199951171875</ele>
      </trkpt>
      <trkpt lat="42.837940379977226" lon="-6.779585871845484">
        <ele>1145.800048828125</ele>
      </trkpt>
      <trkpt lat="42.83795823343098" lon="-6.779592661187053">
        <ele>1145.4000244140625</ele>
      </trkpt>
      <trkpt lat="42.83797684125602" lon="-6.779592661187053">
        <ele>1144.800048828125</ele>
      </trkpt>
      <trkpt lat="42.83799377270043" lon="-6.779586793854833">
        <ele>1144.199951171875</ele>
      </trkpt>
      <trkpt lat="42.83801003359258" lon="-6.77958226762712">
        <ele>1143.4000244140625</ele>
      </trkpt>
      <trkpt lat="42.83802470192313" lon="-6.779574891552329">
        <ele>1142.800048828125</ele>
      </trkpt>
      <trkpt lat="42.83803635276854" lon="-6.779561480507255">
        <ele>1142.199951171875</ele>
      </trkpt>
      <trkpt lat="42.838058564811945" lon="-6.779556116089225">
        <ele>1141.4000244140625</ele>
      </trkpt>
      <trkpt lat="42.83806820400059" lon="-6.779548656195402">
        <ele>1140.5999755859375</ele>
      </trkpt>
      <trkpt lat="42.83808379434049" lon="-6.7795314732939005">
        <ele>1140</ele>
      </trkpt>
      <trkpt lat="42.83810198307037" lon="-6.779514877125621">
        <ele>1139.4000244140625</ele>
      </trkpt>
      <trkpt lat="42.838120590895414" lon="-6.779488977044821">
        <ele>1138.800048828125</ele>
      </trkpt>
      <trkpt lat="42.8381369356066" lon="-6.779466765001416">
        <ele>1138.199951171875</ele>
      </trkpt>
      <trkpt lat="42.83815587870777" lon="-6.779436422511935">
        <ele>1137.800048828125</ele>
      </trkpt>
      <trkpt lat="42.838174318894744" lon="-6.779405577108264">
        <ele>1137.5999755859375</ele>
      </trkpt>
      <trkpt lat="42.83819359727204" lon="-6.7793789226561785">
        <ele>1137.4000244140625</ele>
      </trkpt>
      <trkpt lat="42.83820969052613" lon="-6.779352016746998">
        <ele>1137.199951171875</ele>
      </trkpt>
      <trkpt lat="42.838224275037646" lon="-6.779322512447834">
        <ele>1137</ele>
      </trkpt>
      <trkpt lat="42.83824187703431" lon="-6.779288062825799">
        <ele>1136.800048828125</ele>
      </trkpt>
      <trkpt lat="42.838257886469364" lon="-6.779259899631143">
        <ele>1136.5999755859375</ele>
      </trkpt>
      <trkpt lat="42.83827180042863" lon="-6.779232993721962">
        <ele>1136.5999755859375</ele>
      </trkpt>
      <trkpt lat="42.838289653882384" lon="-6.779202818870544">
        <ele>1136.4000244140625</ele>
      </trkpt>
      <trkpt lat="42.838303903117776" lon="-6.779176918789744">
        <ele>1136.4000244140625</ele>
      </trkpt>
      <trkpt lat="42.83831697888672" lon="-6.779150599613786">
        <ele>1136.199951171875</ele>
      </trkpt>
      <trkpt lat="42.83833734691143" lon="-6.779123023152351">
        <ele>1135.800048828125</ele>
      </trkpt>
      <trkpt lat="42.8383491653949" lon="-6.779094357043505">
        <ele>1135.4000244140625</ele>
      </trkpt>
      <trkpt lat="42.838367857038975" lon="-6.779069043695927">
        <ele>1135</ele>
      </trkpt>
      <trkpt lat="42.83837649039924" lon="-6.779051441699266">
        <ele>1134.4000244140625</ele>
      </trkpt>
      <trkpt lat="42.83839300274849" lon="-6.779026295989752">
        <ele>1134</ele>
      </trkpt>
      <trkpt lat="42.8384112752974" lon="-6.7790034133940935">
        <ele>1133.4000244140625</ele>
      </trkpt>
      <trkpt lat="42.83842569217086" lon="-6.778981788083911">
        <ele>1133</ele>
      </trkpt>
      <trkpt lat="42.838441617786884" lon="-6.778959073126316">
        <ele>1132.5999755859375</ele>
      </trkpt>
      <trkpt lat="42.8384614828974" lon="-6.778933424502611">
        <ele>1132.4000244140625</ele>
      </trkpt>
      <trkpt lat="42.838473385199904" lon="-6.7789088655263186">
        <ele>1132</ele>
      </trkpt>
      <trkpt lat="42.838494423776865" lon="-6.778878020122647">
        <ele>1132</ele>
      </trkpt>
      <trkpt lat="42.83851135522127" lon="-6.778853377327323">
        <ele>1131.800048828125</ele>
      </trkpt>
      <trkpt lat="42.838523257523775" lon="-6.778825214132667">
        <ele>1131.4000244140625</ele>
      </trkpt>
      <trkpt lat="42.838538931682706" lon="-6.778795039281249">
        <ele>1131</ele>
      </trkpt>
      <trkpt lat="42.83854588866234" lon="-6.778769139200449">
        <ele>1130.800048828125</ele>
      </trkpt>
      <trkpt lat="42.83856265246868" lon="-6.778745166957378">
        <ele>1130.199951171875</ele>
      </trkpt>
      <trkpt lat="42.838575476780534" lon="-6.778725637122989">
        <ele>1129.5999755859375</ele>
      </trkpt>
      <trkpt lat="42.838589223101735" lon="-6.7787006590515375">
        <ele>1129</ele>
      </trkpt>
      <trkpt lat="42.83859693445265" lon="-6.778679871931672">
        <ele>1128.4000244140625</ele>
      </trkpt>
      <trkpt lat="42.8386081662029" lon="-6.778650199994445">
        <ele>1128</ele>
      </trkpt>
      <trkpt lat="42.838618978857994" lon="-6.778629329055548">
        <ele>1127.5999755859375</ele>
      </trkpt>
      <trkpt lat="42.83862920477986" lon="-6.778601752594113">
        <ele>1127.199951171875</ele>
      </trkpt>
      <trkpt lat="42.83863867633045" lon="-6.778578534722328">
        <ele>1126.800048828125</ele>
      </trkpt>
      <trkpt lat="42.838651333004236" lon="-6.77854148671031">
        <ele>1126.4000244140625</ele>
      </trkpt>
      <trkpt lat="42.838658122345805" lon="-6.77851508371532">
        <ele>1125.800048828125</ele>
      </trkpt>
      <trkpt lat="42.838673209771514" lon="-6.778485244140029">
        <ele>1125.4000244140625</ele>
      </trkpt>
      <trkpt lat="42.83869047649205" lon="-6.778460266068578">
        <ele>1124.800048828125</ele>
      </trkpt>
      <trkpt lat="42.83870229497552" lon="-6.7784367967396975">
        <ele>1124.4000244140625</ele>
      </trkpt>
      <trkpt lat="42.83871813677251" lon="-6.778405783697963">
        <ele>1123.800048828125</ele>
      </trkpt>
      <trkpt lat="42.83872911706567" lon="-6.778384326025844">
        <ele>1123.4000244140625</ele>
      </trkpt>
      <trkpt lat="42.83874386921525" lon="-6.778348535299301">
        <ele>1123</ele>
      </trkpt>
      <trkpt lat="42.83874529413879" lon="-6.778321461752057">
        <ele>1122.5999755859375</ele>
      </trkpt>
      <trkpt lat="42.838757280260324" lon="-6.778292879462242">
        <ele>1122.199951171875</ele>
      </trkpt>
      <trkpt lat="42.83877186477184" lon="-6.778270918875933">
        <ele>1121.800048828125</ele>
      </trkpt>
      <trkpt lat="42.83878594636917" lon="-6.778244599699974">
        <ele>1121.5999755859375</ele>
      </trkpt>
      <trkpt lat="42.83880086615682" lon="-6.778218783438206">
        <ele>1121.199951171875</ele>
      </trkpt>
      <trkpt lat="42.83882047981024" lon="-6.778192548081279">
        <ele>1120.5999755859375</ele>
      </trkpt>
      <trkpt lat="42.83883414231241" lon="-6.778164803981781">
        <ele>1120.199951171875</ele>
      </trkpt>
      <trkpt lat="42.83884981647134" lon="-6.778144687414169">
        <ele>1119.5999755859375</ele>
      </trkpt>
      <trkpt lat="42.83886423334479" lon="-6.778126917779446">
        <ele>1119.199951171875</ele>
      </trkpt>
      <trkpt lat="42.8388708550483" lon="-6.778110824525356">
        <ele>1118.800048828125</ele>
      </trkpt>
      <trkpt lat="42.8388846013695" lon="-6.778083918616176">
        <ele>1118.199951171875</ele>
      </trkpt>
      <trkpt lat="42.83889256417751" lon="-6.778064556419849">
        <ele>1117.800048828125</ele>
      </trkpt>
      <trkpt lat="42.83891142345965" lon="-6.778041003271937">
        <ele>1117.4000244140625</ele>
      </trkpt>
      <trkpt lat="42.83892190083861" lon="-6.778025748208165">
        <ele>1116.800048828125</ele>
      </trkpt>
      <trkpt lat="42.838935144245625" lon="-6.7779982555657625">
        <ele>1116.4000244140625</ele>
      </trkpt>
      <trkpt lat="42.83894947730005" lon="-6.77798006683588">
        <ele>1115.800048828125</ele>
      </trkpt>
      <trkpt lat="42.83896364271641" lon="-6.777951903641224">
        <ele>1115.4000244140625</ele>
      </trkpt>
      <trkpt lat="42.83897579647601" lon="-6.777929188683629">
        <ele>1115</ele>
      </trkpt>
      <trkpt lat="42.83898686058819" lon="-6.777906222268939">
        <ele>1114.5999755859375</ele>
      </trkpt>
      <trkpt lat="42.83900530077517" lon="-6.777881495654583">
        <ele>1114</ele>
      </trkpt>
      <trkpt lat="42.83902139402926" lon="-6.777858026325703">
        <ele>1113.5999755859375</ele>
      </trkpt>
      <trkpt lat="42.83903421834111" lon="-6.777834640815854">
        <ele>1113.199951171875</ele>
      </trkpt>
      <trkpt lat="42.83905081450939" lon="-6.777803208678961">
        <ele>1112.5999755859375</ele>
      </trkpt>
      <trkpt lat="42.83906347118318" lon="-6.777776051312685">
        <ele>1112</ele>
      </trkpt>
      <trkpt lat="42.83907914534211" lon="-6.777751492336392">
        <ele>1111.4000244140625</ele>
      </trkpt>
      <trkpt lat="42.839093981310725" lon="-6.777725508436561">
        <ele>1110.800048828125</ele>
      </trkpt>
      <trkpt lat="42.83910890109837" lon="-6.777698853984475">
        <ele>1110.199951171875</ele>
      </trkpt>
      <trkpt lat="42.83912356942892" lon="-6.777675384655595">
        <ele>1109.5999755859375</ele>
      </trkpt>
      <trkpt lat="42.83914066851139" lon="-6.777649987488985">
        <ele>1109.199951171875</ele>
      </trkpt>
      <trkpt lat="42.839158941060305" lon="-6.777620650827885">
        <ele>1108.5999755859375</ele>
      </trkpt>
      <trkpt lat="42.83916707150638" lon="-6.7775841895490885">
        <ele>1108</ele>
      </trkpt>
      <trkpt lat="42.839177465066314" lon="-6.777551248669624">
        <ele>1107.4000244140625</ele>
      </trkpt>
      <trkpt lat="42.83918995410204" lon="-6.777511602267623">
        <ele>1107</ele>
      </trkpt>
      <trkpt lat="42.839199509471655" lon="-6.777480756863952">
        <ele>1106.4000244140625</ele>
      </trkpt>
      <trkpt lat="42.83921359106898" lon="-6.777438931167126">
        <ele>1106</ele>
      </trkpt>
      <trkpt lat="42.839220967143774" lon="-6.777410600334406">
        <ele>1105.4000244140625</ele>
      </trkpt>
      <trkpt lat="42.83923546783626" lon="-6.777382018044591">
        <ele>1105</ele>
      </trkpt>
      <trkpt lat="42.83924234099686" lon="-6.777349412441254">
        <ele>1104.4000244140625</ele>
      </trkpt>
      <trkpt lat="42.83925306983292" lon="-6.777311861515045">
        <ele>1103.5999755859375</ele>
      </trkpt>
      <trkpt lat="42.83926555886865" lon="-6.777284033596516">
        <ele>1103</ele>
      </trkpt>
      <trkpt lat="42.83927712589502" lon="-6.777247488498688">
        <ele>1102.4000244140625</ele>
      </trkpt>
      <trkpt lat="42.839282574132085" lon="-6.777220498770475">
        <ele>1101.800048828125</ele>
      </trkpt>
      <trkpt lat="42.839295733720064" lon="-6.777183786034584">
        <ele>1101.4000244140625</ele>
      </trkpt>
      <trkpt lat="42.839309480041265" lon="-6.777158975601196">
        <ele>1100.800048828125</ele>
      </trkpt>
      <trkpt lat="42.83933152444661" lon="-6.777138272300363">
        <ele>1100.199951171875</ele>
      </trkpt>
      <trkpt lat="42.83935482613742" lon="-6.77710197865963">
        <ele>1099.5999755859375</ele>
      </trkpt>
      <trkpt lat="42.83936203457415" lon="-6.777075659483671">
        <ele>1099</ele>
      </trkpt>
      <trkpt lat="42.83937318250537" lon="-6.777043640613556">
        <ele>1098.5999755859375</ele>
      </trkpt>
      <trkpt lat="42.83937946893275" lon="-6.7770199198275805">
        <ele>1098</ele>
      </trkpt>
      <trkpt lat="42.83939489163458" lon="-6.776989996433258">
        <ele>1097.5999755859375</ele>
      </trkpt>
      <trkpt lat="42.839403273537755" lon="-6.7769654374569654">
        <ele>1097.199951171875</ele>
      </trkpt>
      <trkpt lat="42.83941458910704" lon="-6.776936687529087">
        <ele>1096.800048828125</ele>
      </trkpt>
      <trkpt lat="42.83942221663892" lon="-6.776899388059974">
        <ele>1096.4000244140625</ele>
      </trkpt>
      <trkpt lat="42.83942791633308" lon="-6.776870721951127">
        <ele>1096</ele>
      </trkpt>
      <trkpt lat="42.83943571150303" lon="-6.776839541271329">
        <ele>1095.800048828125</ele>
      </trkpt>
      <trkpt lat="42.839439399540424" lon="-6.7768140602856874">
        <ele>1095.4000244140625</ele>
      </trkpt>
      <trkpt lat="42.83944635652006" lon="-6.776780700311065">
        <ele>1095</ele>
      </trkpt>
      <trkpt lat="42.8394544031471" lon="-6.776750776916742">
        <ele>1094.800048828125</ele>
      </trkpt>
      <trkpt lat="42.839454570785165" lon="-6.77671791985631">
        <ele>1094.4000244140625</ele>
      </trkpt>
      <trkpt lat="42.83945498988032" lon="-6.776680452749133">
        <ele>1094.199951171875</ele>
      </trkpt>
      <trkpt lat="42.83945566043258" lon="-6.776648433879018">
        <ele>1093.800048828125</ele>
      </trkpt>
      <trkpt lat="42.83945498988032" lon="-6.776606775820255">
        <ele>1093.4000244140625</ele>
      </trkpt>
      <trkpt lat="42.83946052193642" lon="-6.77657475695014">
        <ele>1093</ele>
      </trkpt>
      <trkpt lat="42.83946370705962" lon="-6.776532847434282">
        <ele>1092.4000244140625</ele>
      </trkpt>
      <trkpt lat="42.83946513198316" lon="-6.776507366448641">
        <ele>1092</ele>
      </trkpt>
      <trkpt lat="42.83947032876313" lon="-6.776470318436623">
        <ele>1091.5999755859375</ele>
      </trkpt>
      <trkpt lat="42.83947208896279" lon="-6.776439640671015">
        <ele>1091</ele>
      </trkpt>
      <trkpt lat="42.839480973780155" lon="-6.776408459991217">
        <ele>1090.5999755859375</ele>
      </trkpt>
      <trkpt lat="42.83948365598917" lon="-6.776375267654657">
        <ele>1090</ele>
      </trkpt>
      <trkpt lat="42.83948692493141" lon="-6.776337465271354">
        <ele>1089.5999755859375</ele>
      </trkpt>
      <trkpt lat="42.839486338198185" lon="-6.77631332539022">
        <ele>1089</ele>
      </trkpt>
      <trkpt lat="42.83948918804526" lon="-6.776281641796231">
        <ele>1088.5999755859375</ele>
      </trkpt>
      <trkpt lat="42.839493630453944" lon="-6.776249371469021">
        <ele>1088.199951171875</ele>
      </trkpt>
      <trkpt lat="42.83948918804526" lon="-6.776222717016935">
        <ele>1087.800048828125</ele>
      </trkpt>
      <trkpt lat="42.83948843367398" lon="-6.7761873453855515">
        <ele>1087.4000244140625</ele>
      </trkpt>
      <trkpt lat="42.839486841112375" lon="-6.7761581763625145">
        <ele>1087</ele>
      </trkpt>
      <trkpt lat="42.839487763121724" lon="-6.776123894378543">
        <ele>1086.5999755859375</ele>
      </trkpt>
      <trkpt lat="42.83949237316847" lon="-6.7760927975177765">
        <ele>1086.4000244140625</ele>
      </trkpt>
      <trkpt lat="42.83949924632907" lon="-6.7760571744292974">
        <ele>1086</ele>
      </trkpt>
      <trkpt lat="42.83949689939618" lon="-6.776030268520117">
        <ele>1085.4000244140625</ele>
      </trkpt>
      <trkpt lat="42.839496061205864" lon="-6.775997579097748">
        <ele>1085</ele>
      </trkpt>
      <trkpt lat="42.839496564120054" lon="-6.775966817513108">
        <ele>1084.4000244140625</ele>
      </trkpt>
      <trkpt lat="42.83949924632907" lon="-6.775934211909771">
        <ele>1084</ele>
      </trkpt>
      <trkpt lat="42.8394977375865" lon="-6.775902863591909">
        <ele>1083.5999755859375</ele>
      </trkpt>
      <trkpt lat="42.839493211358786" lon="-6.775878136977553">
        <ele>1083</ele>
      </trkpt>
      <trkpt lat="42.83949279226363" lon="-6.775841843336821">
        <ele>1082.4000244140625</ele>
      </trkpt>
      <trkpt lat="42.8394906129688" lon="-6.775810830295086">
        <ele>1081.800048828125</ele>
      </trkpt>
      <trkpt lat="42.83949287608266" lon="-6.775774201378226">
        <ele>1081.199951171875</ele>
      </trkpt>
      <trkpt lat="42.83948793075979" lon="-6.775750480592251">
        <ele>1080.4000244140625</ele>
      </trkpt>
      <trkpt lat="42.839492205530405" lon="-6.775715444236994">
        <ele>1080</ele>
      </trkpt>
      <trkpt lat="42.83949396573007" lon="-6.775687448680401">
        <ele>1079.4000244140625</ele>
      </trkpt>
      <trkpt lat="42.83949631266296" lon="-6.7756495624780655">
        <ele>1079</ele>
      </trkpt>
      <trkpt lat="42.83949832431972" lon="-6.775623997673392">
        <ele>1078.5999755859375</ele>
      </trkpt>
      <trkpt lat="42.83949865959585" lon="-6.7755944933742285">
        <ele>1078</ele>
      </trkpt>
      <trkpt lat="42.8395011741668" lon="-6.77556918002665">
        <ele>1077.4000244140625</ele>
      </trkpt>
      <trkpt lat="42.83950419165194" lon="-6.775537077337503">
        <ele>1077</ele>
      </trkpt>
      <trkpt lat="42.83950234763324" lon="-6.775509836152196">
        <ele>1076.4000244140625</ele>
      </trkpt>
      <trkpt lat="42.83950553275645" lon="-6.775480750948191">
        <ele>1075.800048828125</ele>
      </trkpt>
      <trkpt lat="42.83950419165194" lon="-6.775456694886088">
        <ele>1075.199951171875</ele>
      </trkpt>
      <trkpt lat="42.83950234763324" lon="-6.775426268577576">
        <ele>1074.5999755859375</ele>
      </trkpt>
      <trkpt lat="42.83950041979551" lon="-6.775404307991266">
        <ele>1074</ele>
      </trkpt>
      <trkpt lat="42.8394958935678" lon="-6.775377988815308">
        <ele>1073.5999755859375</ele>
      </trkpt>
      <trkpt lat="42.83949782140553" lon="-6.775351585820317">
        <ele>1073</ele>
      </trkpt>
      <trkpt lat="42.83949287608266" lon="-6.775328703224659">
        <ele>1072.4000244140625</ele>
      </trkpt>
      <trkpt lat="42.839490277692676" lon="-6.7752964328974485">
        <ele>1071.800048828125</ele>
      </trkpt>
      <trkpt lat="42.83948415890336" lon="-6.775268353521824">
        <ele>1071.199951171875</ele>
      </trkpt>
      <trkpt lat="42.83948122523725" lon="-6.775230718776584">
        <ele>1070.5999755859375</ele>
      </trkpt>
      <trkpt lat="42.83947820775211" lon="-6.7751977778971195">
        <ele>1070</ele>
      </trkpt>
      <trkpt lat="42.83947787247598" lon="-6.775162909179926">
        <ele>1069.5999755859375</ele>
      </trkpt>
      <trkpt lat="42.8394734300673" lon="-6.77513818256557">
        <ele>1069</ele>
      </trkpt>
      <trkpt lat="42.839471250772476" lon="-6.775111947208643">
        <ele>1068.5999755859375</ele>
      </trkpt>
      <trkpt lat="42.83946848474443" lon="-6.775090154260397">
        <ele>1068</ele>
      </trkpt>
      <trkpt lat="42.83946949057281" lon="-6.775059895589948">
        <ele>1067.5999755859375</ele>
      </trkpt>
      <trkpt lat="42.8394665569067" lon="-6.775032989680767">
        <ele>1067.199951171875</ele>
      </trkpt>
      <trkpt lat="42.83947393298149" lon="-6.775003150105476">
        <ele>1066.5999755859375</ele>
      </trkpt>
      <trkpt lat="42.83946932293475" lon="-6.774978591129184">
        <ele>1066.199951171875</ele>
      </trkpt>
      <trkpt lat="42.83946571871638" lon="-6.774943470954895">
        <ele>1065.5999755859375</ele>
      </trkpt>
      <trkpt lat="42.83946060575545" lon="-6.774919247254729">
        <ele>1065.199951171875</ele>
      </trkpt>
      <trkpt lat="42.83945758827031" lon="-6.774887060746551">
        <ele>1064.5999755859375</ele>
      </trkpt>
      <trkpt lat="42.839455576613545" lon="-6.77486258558929">
        <ele>1064</ele>
      </trkpt>
      <trkpt lat="42.8394649643451" lon="-6.774834003299475">
        <ele>1063.5999755859375</ele>
      </trkpt>
      <trkpt lat="42.839473597705364" lon="-6.774815144017339">
        <ele>1063</ele>
      </trkpt>
      <trkpt lat="42.839482901617885" lon="-6.774784130975604">
        <ele>1062.5999755859375</ele>
      </trkpt>
      <trkpt lat="42.839484410360456" lon="-6.774767618626356">
        <ele>1062</ele>
      </trkpt>
      <trkpt lat="42.8394908644259" lon="-6.774739203974605">
        <ele>1061.5999755859375</ele>
      </trkpt>
      <trkpt lat="42.83949287608266" lon="-6.774716824293137">
        <ele>1061</ele>
      </trkpt>
      <trkpt lat="42.839500084519386" lon="-6.77469159476459">
        <ele>1060.5999755859375</ele>
      </trkpt>
      <trkpt lat="42.83950410783291" lon="-6.774670220911503">
        <ele>1060.199951171875</ele>
      </trkpt>
      <trkpt lat="42.839513663202524" lon="-6.774638537317514">
        <ele>1059.5999755859375</ele>
      </trkpt>
      <trkpt lat="42.83951693214476" lon="-6.774609452113509">
        <ele>1059.199951171875</ele>
      </trkpt>
      <trkpt lat="42.83952271565795" lon="-6.774581121280789">
        <ele>1058.5999755859375</ele>
      </trkpt>
      <trkpt lat="42.839527409523726" lon="-6.774544324725866">
        <ele>1058.199951171875</ele>
      </trkpt>
      <trkpt lat="42.83953009173274" lon="-6.774515323340893">
        <ele>1057.5999755859375</ele>
      </trkpt>
      <trkpt lat="42.8395355399698" lon="-6.77447852678597">
        <ele>1057.199951171875</ele>
      </trkpt>
      <trkpt lat="42.83953704871237" lon="-6.774452039971948">
        <ele>1057</ele>
      </trkpt>
      <trkpt lat="42.839537635445595" lon="-6.774420021101832">
        <ele>1056.4000244140625</ele>
      </trkpt>
      <trkpt lat="42.839538557454944" lon="-6.774393701925874">
        <ele>1056</ele>
      </trkpt>
      <trkpt lat="42.839538138359785" lon="-6.774364868178964">
        <ele>1055.5999755859375</ele>
      </trkpt>
      <trkpt lat="42.83953939564526" lon="-6.774331592023373">
        <ele>1055</ele>
      </trkpt>
      <trkpt lat="42.83953453414142" lon="-6.774301333352923">
        <ele>1054.4000244140625</ele>
      </trkpt>
      <trkpt lat="42.83953528851271" lon="-6.774267889559269">
        <ele>1053.800048828125</ele>
      </trkpt>
      <trkpt lat="42.83953528851271" lon="-6.77423469722271">
        <ele>1053</ele>
      </trkpt>
      <trkpt lat="42.83953285776079" lon="-6.774203600361943">
        <ele>1052.4000244140625</ele>
      </trkpt>
      <trkpt lat="42.839534701779485" lon="-6.774164875969291">
        <ele>1051.800048828125</ele>
      </trkpt>
      <trkpt lat="42.83953780308366" lon="-6.774137718603015">
        <ele>1051.199951171875</ele>
      </trkpt>
      <trkpt lat="42.839539060369134" lon="-6.774108717218041">
        <ele>1050.5999755859375</ele>
      </trkpt>
      <trkpt lat="42.839542496949434" lon="-6.77407150156796">
        <ele>1050</ele>
      </trkpt>
      <trkpt lat="42.839545430615544" lon="-6.77404266782105">
        <ele>1049.4000244140625</ele>
      </trkpt>
      <trkpt lat="42.839544927701354" lon="-6.774009056389332">
        <ele>1048.800048828125</ele>
      </trkpt>
      <trkpt lat="42.83954434096813" lon="-6.773979384452105">
        <ele>1048.199951171875</ele>
      </trkpt>
      <trkpt lat="42.83954760991037" lon="-6.773947197943926">
        <ele>1047.5999755859375</ele>
      </trkpt>
      <trkpt lat="42.83954811282456" lon="-6.773921046406031">
        <ele>1047</ele>
      </trkpt>
      <trkpt lat="42.83954760991037" lon="-6.7738904524594545">
        <ele>1046.800048828125</ele>
      </trkpt>
      <trkpt lat="42.83954945392907" lon="-6.773860026150942">
        <ele>1046</ele>
      </trkpt>
      <trkpt lat="42.83955247141421" lon="-6.773821469396353">
        <ele>1045.5999755859375</ele>
      </trkpt>
      <trkpt lat="42.83956395462155" lon="-6.773783164098859">
        <ele>1044.800048828125</ele>
      </trkpt>
      <trkpt lat="42.839580215513706" lon="-6.773738991469145">
        <ele>1044.4000244140625</ele>
      </trkpt>
      <trkpt lat="42.839581640437245" lon="-6.773700015619397">
        <ele>1043.5999755859375</ele>
      </trkpt>
      <trkpt lat="42.839584071189165" lon="-6.773645617067814">
        <ele>1043</ele>
      </trkpt>
      <trkpt lat="42.8395804669708" lon="-6.773597253486514">
        <ele>1042.4000244140625</ele>
      </trkpt>
      <trkpt lat="42.839588010683656" lon="-6.773541094735265">
        <ele>1042</ele>
      </trkpt>
      <trkpt lat="42.83958147279918" lon="-6.773508824408054">
        <ele>1041.800048828125</ele>
      </trkpt>
      <trkpt lat="42.83957401290536" lon="-6.773467166349292">
        <ele>1041.5999755859375</ele>
      </trkpt>
      <trkpt lat="42.83955498598516" lon="-6.773429112508893">
        <ele>1041.800048828125</ele>
      </trkpt>
      <trkpt lat="42.83953931182623" lon="-6.7734006978571415">
        <ele>1041.800048828125</ele>
      </trkpt>
      <trkpt lat="42.83952531404793" lon="-6.773367673158646">
        <ele>1042</ele>
      </trkpt>
      <trkpt lat="42.83950578421354" lon="-6.773344371467829">
        <ele>1042.199951171875</ele>
      </trkpt>
      <trkpt lat="42.83948893658817" lon="-6.773320734500885">
        <ele>1042.4000244140625</ele>
      </trkpt>
      <trkpt lat="42.839470244944096" lon="-6.77328385412693">
        <ele>1042.5999755859375</ele>
      </trkpt>
      <trkpt lat="42.839453145861626" lon="-6.7732578702270985">
        <ele>1042.5999755859375</ele>
      </trkpt>
      <trkpt lat="42.839441830292344" lon="-6.773224091157317">
        <ele>1042.5999755859375</ele>
      </trkpt>
      <trkpt lat="42.83942607231438" lon="-6.773190228268504">
        <ele>1042.5999755859375</ele>
      </trkpt>
      <trkpt lat="42.8394163493067" lon="-6.77315485663712">
        <ele>1042.4000244140625</ele>
      </trkpt>
      <trkpt lat="42.83940645866096" lon="-6.773113869130611">
        <ele>1042.4000244140625</ele>
      </trkpt>
      <trkpt lat="42.83939438872039" lon="-6.773083610460162">
        <ele>1042.4000244140625</ele>
      </trkpt>
      <trkpt lat="42.839393969625235" lon="-6.7730417009443045">
        <ele>1042.199951171875</ele>
      </trkpt>
      <trkpt lat="42.83939430490136" lon="-6.773010520264506">
        <ele>1042.199951171875</ele>
      </trkpt>
      <trkpt lat="42.83938986249268" lon="-6.772974310442805">
        <ele>1042</ele>
      </trkpt>
      <trkpt lat="42.83938785083592" lon="-6.772929551079869">
        <ele>1041.800048828125</ele>
      </trkpt>
      <trkpt lat="42.839382318779826" lon="-6.772898202762008">
        <ele>1041.5999755859375</ele>
      </trkpt>
      <trkpt lat="42.839377876371145" lon="-6.77285972982645">
        <ele>1041.4000244140625</ele>
      </trkpt>
      <trkpt lat="42.83937502652407" lon="-6.772818323224783">
        <ele>1041.4000244140625</ele>
      </trkpt>
      <trkpt lat="42.8393714223057" lon="-6.772780688479543">
        <ele>1041</ele>
      </trkpt>
      <trkpt lat="42.839370500296354" lon="-6.7727389466017485">
        <ele>1040.800048828125</ele>
      </trkpt>
      <trkpt lat="42.83936748281121" lon="-6.772710280492902">
        <ele>1040.4000244140625</ele>
      </trkpt>
      <trkpt lat="42.839373014867306" lon="-6.772677842527628">
        <ele>1039.800048828125</ele>
      </trkpt>
      <trkpt lat="42.839374942705035" lon="-6.7726412974298">
        <ele>1039.4000244140625</ele>
      </trkpt>
      <trkpt lat="42.83937603235245" lon="-6.772607266902924">
        <ele>1039</ele>
      </trkpt>
      <trkpt lat="42.83938156440854" lon="-6.772568793967366">
        <ele>1038.4000244140625</ele>
      </trkpt>
      <trkpt lat="42.83938868902624" lon="-6.772539457306266">
        <ele>1038</ele>
      </trkpt>
      <trkpt lat="42.839392544701695" lon="-6.772498469799757">
        <ele>1037.199951171875</ele>
      </trkpt>
      <trkpt lat="42.839390533044934" lon="-6.772468211129308">
        <ele>1036.5999755859375</ele>
      </trkpt>
      <trkpt lat="42.83938734792173" lon="-6.772434851154685">
        <ele>1036</ele>
      </trkpt>
      <trkpt lat="42.83938265405595" lon="-6.772410040721297">
        <ele>1035.5999755859375</ele>
      </trkpt>
      <trkpt lat="42.83938500098884" lon="-6.772363940253854">
        <ele>1035</ele>
      </trkpt>
      <trkpt lat="42.839384246617556" lon="-6.772329909726977">
        <ele>1034.4000244140625</ele>
      </trkpt>
      <trkpt lat="42.83939078450203" lon="-6.772291772067547">
        <ele>1033.800048828125</ele>
      </trkpt>
      <trkpt lat="42.839402267709374" lon="-6.772251203656197">
        <ele>1033.199951171875</ele>
      </trkpt>
      <trkpt lat="42.83940637484193" lon="-6.772222872823477">
        <ele>1032.5999755859375</ele>
      </trkpt>
      <trkpt lat="42.8394147567451" lon="-6.772191105410457">
        <ele>1031.800048828125</ele>
      </trkpt>
      <trkpt lat="42.83941668458283" lon="-6.772161014378071">
        <ele>1031.4000244140625</ele>
      </trkpt>
      <trkpt lat="42.83942590467632" lon="-6.772119775414467">
        <ele>1030.800048828125</ele>
      </trkpt>
      <trkpt lat="42.83943126909435" lon="-6.7720886785537004">
        <ele>1030.4000244140625</ele>
      </trkpt>
      <trkpt lat="42.83943621441722" lon="-6.772050289437175">
        <ele>1029.800048828125</ele>
      </trkpt>
      <trkpt lat="42.83944216556847" lon="-6.772016426548362">
        <ele>1029.199951171875</ele>
      </trkpt>
      <trkpt lat="42.83945339731872" lon="-6.771985832601786">
        <ele>1028.5999755859375</ele>
      </trkpt>
      <trkpt lat="42.839467311277986" lon="-6.771938977763057">
        <ele>1028</ele>
      </trkpt>
      <trkpt lat="42.83947887830436" lon="-6.771909976378083">
        <ele>1027.4000244140625</ele>
      </trkpt>
      <trkpt lat="42.8394855838269" lon="-6.771865300834179">
        <ele>1026.800048828125</ele>
      </trkpt>
      <trkpt lat="42.83949036151171" lon="-6.771831018850207">
        <ele>1026.199951171875</ele>
      </trkpt>
      <trkpt lat="42.83950762823224" lon="-6.771794306114316">
        <ele>1025.4000244140625</ele>
      </trkpt>
      <trkpt lat="42.839513160288334" lon="-6.771768154576421">
        <ele>1025</ele>
      </trkpt>
      <trkpt lat="42.83952279947698" lon="-6.771731441840529">
        <ele>1024.4000244140625</ele>
      </trkpt>
      <trkpt lat="42.839523470029235" lon="-6.771700093522668">
        <ele>1023.7999877929688</ele>
      </trkpt>
      <trkpt lat="42.83953302539885" lon="-6.771665308624506">
        <ele>1023.2000122070312</ele>
      </trkpt>
      <trkpt lat="42.839542077854276" lon="-6.771635301411152">
        <ele>1022.7999877929688</ele>
      </trkpt>
      <trkpt lat="42.839554818347096" lon="-6.7715991754084826">
        <ele>1022.2000122070312</ele>
      </trkpt>
      <trkpt lat="42.83956630155444" lon="-6.77157218568027">
        <ele>1021.4000244140625</ele>
      </trkpt>
      <trkpt lat="42.839583065360785" lon="-6.77154092118144">
        <ele>1020.7999877929688</ele>
      </trkpt>
      <trkpt lat="42.8395944647491" lon="-6.771523151546717">
        <ele>1018.4000244140625</ele>
      </trkpt>
      <trkpt lat="42.8396013379097" lon="-6.7715520691126585">
        <ele>1018.2000122070312</ele>
      </trkpt>
      <trkpt lat="42.839607959613204" lon="-6.771576376631856">
        <ele>1018.2000122070312</ele>
      </trkpt>
      <trkpt lat="42.83961365930736" lon="-6.7716024443507195">
        <ele>1018</ele>
      </trkpt>
      <trkpt lat="42.83961701206863" lon="-6.771628595888615">
        <ele>1018</ele>
      </trkpt>
      <trkpt lat="42.83962061628699" lon="-6.771648209542036">
        <ele>1018</ele>
      </trkpt>
      <trkpt lat="42.839625058695674" lon="-6.771670673042536">
        <ele>1017.7999877929688</ele>
      </trkpt>
      <trkpt lat="42.8396306745708" lon="-6.771701602265239">
        <ele>1017.7999877929688</ele>
      </trkpt>
      <trkpt lat="42.83963712863624" lon="-6.771725993603468">
        <ele>1017.5999755859375</ele>
      </trkpt>
      <trkpt lat="42.839643163606524" lon="-6.771749127656221">
        <ele>1017.5999755859375</ele>
      </trkpt>
      <trkpt lat="42.83964869566262" lon="-6.77177888341248">
        <ele>1017.4000244140625</ele>
      </trkpt>
      <trkpt lat="42.83965229988098" lon="-6.771807130426168">
        <ele>1017.2000122070312</ele>
      </trkpt>
      <trkpt lat="42.839656826108694" lon="-6.771839316934347">
        <ele>1017.2000122070312</ele>
      </trkpt>
      <trkpt lat="42.83965825103223" lon="-6.771873431280255">
        <ele>1017.2000122070312</ele>
      </trkpt>
      <trkpt lat="42.839660849422216" lon="-6.7718984093517065">
        <ele>1017.2000122070312</ele>
      </trkpt>
      <trkpt lat="42.839660765603185" lon="-6.771927997469902">
        <ele>1017</ele>
      </trkpt>
      <trkpt lat="42.83966336399317" lon="-6.771957501769066">
        <ele>1017</ele>
      </trkpt>
      <trkpt lat="42.83966638147831" lon="-6.771986838430166">
        <ele>1016.7999877929688</ele>
      </trkpt>
      <trkpt lat="42.83966897986829" lon="-6.7720153369009495">
        <ele>1016.7999877929688</ele>
      </trkpt>
      <trkpt lat="42.839670572429895" lon="-6.772039141505957">
        <ele>1016.5999755859375</ele>
      </trkpt>
      <trkpt lat="42.83967166207731" lon="-6.772058084607124">
        <ele>1016.4000244140625</ele>
      </trkpt>
      <trkpt lat="42.8396753501147" lon="-6.772108040750027">
        <ele>1016.4000244140625</ele>
      </trkpt>
      <trkpt lat="42.8396753501147" lon="-6.772108040750027">
        <ele>1016.4000244140625</ele>
      </trkpt>
      <trkpt lat="42.83967845141888" lon="-6.7721278220415115">
        <ele>1016.4000244140625</ele>
      </trkpt>
      <trkpt lat="42.839682307094336" lon="-6.7721599247306585">
        <ele>1016.4000244140625</ele>
      </trkpt>
      <trkpt lat="42.83968742005527" lon="-6.772186411544681">
        <ele>1016.4000244140625</ele>
      </trkpt>
      <trkpt lat="42.839693538844585" lon="-6.77221373654902">
        <ele>1016.4000244140625</ele>
      </trkpt>
      <trkpt lat="42.8396978136152" lon="-6.772245755419135">
        <ele>1016.4000244140625</ele>
      </trkpt>
      <trkpt lat="42.839703764766455" lon="-6.772270230576396">
        <ele>1016.4000244140625</ele>
      </trkpt>
      <trkpt lat="42.839703764766455" lon="-6.772270230576396">
        <ele>1016.4000244140625</ele>
      </trkpt>
      <trkpt lat="42.839712062850595" lon="-6.77229487337172">
        <ele>1016.4000244140625</ele>
      </trkpt>
      <trkpt lat="42.839728239923716" lon="-6.772354803979397">
        <ele>1016.4000244140625</ele>
      </trkpt>
      <trkpt lat="42.83973486162722" lon="-6.772381877526641">
        <ele>1016.4000244140625</ele>
      </trkpt>
      <trkpt lat="42.8397411480546" lon="-6.7724155727773905">
        <ele>1016.2000122070312</ele>
      </trkpt>
      <trkpt lat="42.83974751830101" lon="-6.772445747628808">
        <ele>1016</ele>
      </trkpt>
      <trkpt lat="42.83974751830101" lon="-6.772445747628808">
        <ele>1016</ele>
      </trkpt>
      <trkpt lat="42.83975380472839" lon="-6.772474329918623">
        <ele>1015.7999877929688</ele>
      </trkpt>
      <trkpt lat="42.83976444974542" lon="-6.7725292313843966">
        <ele>1015.7999877929688</ele>
      </trkpt>
      <trkpt lat="42.83976998180151" lon="-6.772556472569704">
        <ele>1015.7999877929688</ele>
      </trkpt>
      <trkpt lat="42.839776100590825" lon="-6.772584887221456">
        <ele>1015.7999877929688</ele>
      </trkpt>
      <trkpt lat="42.83978305757046" lon="-6.772609278559685">
        <ele>1015.7999877929688</ele>
      </trkpt>
      <trkpt lat="42.83978305757046" lon="-6.772609278559685">
        <ele>1015.5999755859375</ele>
      </trkpt>
      <trkpt lat="42.83978699706495" lon="-6.772639704868197">
        <ele>1015.5999755859375</ele>
      </trkpt>
      <trkpt lat="42.83979185856879" lon="-6.772665688768029">
        <ele>1015.4000244140625</ele>
      </trkpt>
      <trkpt lat="42.839798061177135" lon="-6.772688990458846">
        <ele>1015.4000244140625</ele>
      </trkpt>
      <trkpt lat="42.839804431423545" lon="-6.772720422595739">
        <ele>1015.4000244140625</ele>
      </trkpt>
      <trkpt lat="42.83981239423156" lon="-6.772755039855838">
        <ele>1015.5999755859375</ele>
      </trkpt>
      <trkpt lat="42.8398204408586" lon="-6.772785801440477">
        <ele>1015.7999877929688</ele>
      </trkpt>
      <trkpt lat="42.8398238774389" lon="-6.772823939099908">
        <ele>1015.7999877929688</ele>
      </trkpt>
      <trkpt lat="42.83983049914241" lon="-6.772854365408421">
        <ele>1015.7999877929688</ele>
      </trkpt>
      <trkpt lat="42.83983846195042" lon="-6.7728841211646795">
        <ele>1015.7999877929688</ele>
      </trkpt>
      <trkpt lat="42.839849442243576" lon="-6.772921923547983">
        <ele>1015.7999877929688</ele>
      </trkpt>
      <trkpt lat="42.83985975198448" lon="-6.772950924932957">
        <ele>1015.7999877929688</ele>
      </trkpt>
      <trkpt lat="42.83987115137279" lon="-6.772986715659499">
        <ele>1015.5999755859375</ele>
      </trkpt>
      <trkpt lat="42.83987944945693" lon="-6.773017477244139">
        <ele>1015.4000244140625</ele>
      </trkpt>
      <trkpt lat="42.839888418093324" lon="-6.773042622953653">
        <ele>1015.4000244140625</ele>
      </trkpt>
      <trkpt lat="42.83989562653005" lon="-6.773076821118593">
        <ele>1015.2000122070312</ele>
      </trkpt>
      <trkpt lat="42.83990300260484" lon="-6.7731020506471395">
        <ele>1015.2000122070312</ele>
      </trkpt>
      <trkpt lat="42.83991104923189" lon="-6.773124430328608">
        <ele>1015.2000122070312</ele>
      </trkpt>
      <trkpt lat="42.839923202991486" lon="-6.773159131407738">
        <ele>1015.2000122070312</ele>
      </trkpt>
      <trkpt lat="42.83993074670434" lon="-6.773178661242127">
        <ele>1015.2000122070312</ele>
      </trkpt>
      <trkpt lat="42.83993669785559" lon="-6.773204896599054">
        <ele>1015.2000122070312</ele>
      </trkpt>
      <trkpt lat="42.83994290046394" lon="-6.7732304614037275">
        <ele>1015.2000122070312</ele>
      </trkpt>
      <trkpt lat="42.839949019253254" lon="-6.773251332342625">
        <ele>1015.2000122070312</ele>
      </trkpt>
      <trkpt lat="42.839955976232886" lon="-6.773276897147298">
        <ele>1015.2000122070312</ele>
      </trkpt>
      <trkpt lat="42.83996243029833" lon="-6.773301037028432">
        <ele>1015</ele>
      </trkpt>
      <trkpt lat="42.839968549087644" lon="-6.773321405053139">
        <ele>1015</ele>
      </trkpt>
      <trkpt lat="42.83997558988631" lon="-6.773347891867161">
        <ele>1015</ele>
      </trkpt>
      <trkpt lat="42.8399811219424" lon="-6.7733697686344385">
        <ele>1015</ele>
      </trkpt>
      <trkpt lat="42.83998690545559" lon="-6.77338988520205">
        <ele>1014.7999877929688</ele>
      </trkpt>
      <trkpt lat="42.8399948682636" lon="-6.773421401157975">
        <ele>1014.7999877929688</ele>
      </trkpt>
      <trkpt lat="42.84000291489065" lon="-6.773448055610061">
        <ele>1014.7999877929688</ele>
      </trkpt>
      <trkpt lat="42.84001330845058" lon="-6.7734757997095585">
        <ele>1014.7999877929688</ele>
      </trkpt>
      <trkpt lat="42.84002588130534" lon="-6.773506309837103">
        <ele>1014.7999877929688</ele>
      </trkpt>
      <trkpt lat="42.84003593958914" lon="-6.7735285218805075">
        <ele>1014.7999877929688</ele>
      </trkpt>
      <trkpt lat="42.84004541113973" lon="-6.773553751409054">
        <ele>1014.5999755859375</ele>
      </trkpt>
      <trkpt lat="42.84005437977612" lon="-6.773575879633427">
        <ele>1014.4000244140625</ele>
      </trkpt>
      <trkpt lat="42.84006427042186" lon="-6.773595158010721">
        <ele>1014.2000122070312</ele>
      </trkpt>
      <trkpt lat="42.84007675945759" lon="-6.773619884625077">
        <ele>1014.2000122070312</ele>
      </trkpt>
      <trkpt lat="42.84008849412203" lon="-6.773640755563974">
        <ele>1014.2000122070312</ele>
      </trkpt>
      <trkpt lat="42.840100061148405" lon="-6.77365668118">
        <ele>1013.7999877929688</ele>
      </trkpt>
      <trkpt lat="42.84011498093605" lon="-6.773675037547946">
        <ele>1013.7999877929688</ele>
      </trkpt>
      <trkpt lat="42.84012923017144" lon="-6.773691633716226">
        <ele>1013.5999755859375</ele>
      </trkpt>
      <trkpt lat="42.84014280885458" lon="-6.7737050447613">
        <ele>1013.4000244140625</ele>
      </trkpt>
      <trkpt lat="42.84015806391835" lon="-6.77371870726347">
        <ele>1013.4000244140625</ele>
      </trkpt>
      <trkpt lat="42.84017264842987" lon="-6.773731950670481">
        <ele>1013.4000244140625</ele>
      </trkpt>
      <trkpt lat="42.840188490226865" lon="-6.773744188249111">
        <ele>1013.4000244140625</ele>
      </trkpt>
      <trkpt lat="42.84020324237645" lon="-6.773756425827742">
        <ele>1013.2000122070312</ele>
      </trkpt>
      <trkpt lat="42.84021673724055" lon="-6.773766148835421">
        <ele>1012.7999877929688</ele>
      </trkpt>
      <trkpt lat="42.84022746607661" lon="-6.77377344109118">
        <ele>1012.5999755859375</ele>
      </trkpt>
      <trkpt lat="42.84024456515908" lon="-6.773785846307874">
        <ele>1012.4000244140625</ele>
      </trkpt>
      <trkpt lat="42.84025856293738" lon="-6.773795820772648">
        <ele>1012.2000122070312</ele>
      </trkpt>
      <trkpt lat="42.84027239307761" lon="-6.773802526295185">
        <ele>1012.2000122070312</ele>
      </trkpt>
      <trkpt lat="42.84028924070299" lon="-6.773811997845769">
        <ele>1012</ele>
      </trkpt>
      <trkpt lat="42.84030055627227" lon="-6.77381937392056">
        <ele>1011.7999877929688</ele>
      </trkpt>
      <trkpt lat="42.84031103365123" lon="-6.773823061957955">
        <ele>1011.7999877929688</ele>
      </trkpt>
      <trkpt lat="42.84032712690532" lon="-6.773829096928239">
        <ele>1011.4000244140625</ele>
      </trkpt>
      <trkpt lat="42.84034112468362" lon="-6.77383647300303">
        <ele>1011.2000122070312</ele>
      </trkpt>
      <trkpt lat="42.84035537391901" lon="-6.773840831592679">
        <ele>1011.2000122070312</ele>
      </trkpt>
      <trkpt lat="42.84037507139146" lon="-6.773849464952946">
        <ele>1011</ele>
      </trkpt>
      <trkpt lat="42.84039007499814" lon="-6.773855751380324">
        <ele>1010.5999755859375</ele>
      </trkpt>
      <trkpt lat="42.840410359203815" lon="-6.773866815492511">
        <ele>1010.4000244140625</ele>
      </trkpt>
      <trkpt lat="42.84042779356241" lon="-6.773877292871475">
        <ele>1010.2000122070312</ele>
      </trkpt>
      <trkpt lat="42.840437684208155" lon="-6.773882741108537">
        <ele>1010</ele>
      </trkpt>
      <trkpt lat="42.840450843796134" lon="-6.773890871554613">
        <ele>1010</ele>
      </trkpt>
      <trkpt lat="42.8404700383544" lon="-6.773903528228402">
        <ele>1009.7999877929688</ele>
      </trkpt>
      <trkpt lat="42.84047942608595" lon="-6.773910652846098">
        <ele>1009.4000244140625</ele>
      </trkpt>
      <trkpt lat="42.84049401059747" lon="-6.7739207949489355">
        <ele>1009.4000244140625</ele>
      </trkpt>
      <trkpt lat="42.84051513299346" lon="-6.773935630917549">
        <ele>1009.2000122070312</ele>
      </trkpt>
      <trkpt lat="42.84052829258144" lon="-6.773946946486831">
        <ele>1009</ele>
      </trkpt>
      <trkpt lat="42.8405406139791" lon="-6.77395767532289">
        <ele>1008.7999877929688</ele>
      </trkpt>
      <trkpt lat="42.84055880270898" lon="-6.7739758640527725">
        <ele>1008.5999755859375</ele>
      </trkpt>
      <trkpt lat="42.84057229757309" lon="-6.77399086765945">
        <ele>1008.4000244140625</ele>
      </trkpt>
      <trkpt lat="42.840582858771086" lon="-6.774001931771636">
        <ele>1008.2000122070312</ele>
      </trkpt>
      <trkpt lat="42.840596437454224" lon="-6.774018444120884">
        <ele>1008</ele>
      </trkpt>
      <trkpt lat="42.84060699865222" lon="-6.77403436973691">
        <ele>1008</ele>
      </trkpt>
      <trkpt lat="42.84062057733536" lon="-6.7740509659051895">
        <ele>1008</ele>
      </trkpt>
      <trkpt lat="42.84063692204654" lon="-6.774072591215372">
        <ele>1007.7999877929688</ele>
      </trkpt>
      <trkpt lat="42.84065091982484" lon="-6.774090947583318">
        <ele>1007.7999877929688</ele>
      </trkpt>
      <trkpt lat="42.84066374413669" lon="-6.774109890684485">
        <ele>1007.7999877929688</ele>
      </trkpt>
      <trkpt lat="42.84067405387759" lon="-6.774127073585987">
        <ele>1007.5999755859375</ele>
      </trkpt>
      <trkpt lat="42.840683525428176" lon="-6.774141155183315">
        <ele>1007.5999755859375</ele>
      </trkpt>
      <trkpt lat="42.840691320598125" lon="-6.77415557205677">
        <ele>1007.2000122070312</ele>
      </trkpt>
      <trkpt lat="42.84070171415806" lon="-6.774168983101845">
        <ele>1007</ele>
      </trkpt>
      <trkpt lat="42.8407134488225" lon="-6.774183232337236">
        <ele>1007</ele>
      </trkpt>
      <trkpt lat="42.84072912298143" lon="-6.774199828505516">
        <ele>1006.7999877929688</ele>
      </trkpt>
      <trkpt lat="42.840746557340026" lon="-6.774218771606684">
        <ele>1006.5999755859375</ele>
      </trkpt>
      <trkpt lat="42.8407565318048" lon="-6.77422933280468">
        <ele>1006.5999755859375</ele>
      </trkpt>
      <trkpt lat="42.84076759591699" lon="-6.774241486564279">
        <ele>1006.4000244140625</ele>
      </trkpt>
      <trkpt lat="42.84078327007592" lon="-6.774259256199002">
        <ele>1006.2000122070312</ele>
      </trkpt>
      <trkpt lat="42.840795340016484" lon="-6.774272248148918">
        <ele>1006</ele>
      </trkpt>
      <trkpt lat="42.8408083319664" lon="-6.774288089945912">
        <ele>1005.7999877929688</ele>
      </trkpt>
      <trkpt lat="42.8408223297447" lon="-6.774304853752255">
        <ele>1005.7999877929688</ele>
      </trkpt>
      <trkpt lat="42.84083708189428" lon="-6.774320276454091">
        <ele>1005.7999877929688</ele>
      </trkpt>
      <trkpt lat="42.8408516664058" lon="-6.774336956441402">
        <ele>1005.7999877929688</ele>
      </trkpt>
      <trkpt lat="42.84086993895471" lon="-6.77435539662838">
        <ele>1005.7999877929688</ele>
      </trkpt>
      <trkpt lat="42.840882344171405" lon="-6.774370148777962">
        <ele>1005.7999877929688</ele>
      </trkpt>
      <trkpt lat="42.840899443253875" lon="-6.774388588964939">
        <ele>1005.7999877929688</ele>
      </trkpt>
      <trkpt lat="42.8409153688699" lon="-6.774405520409346">
        <ele>1005.7999877929688</ele>
      </trkpt>
      <trkpt lat="42.84093406051397" lon="-6.774419182911515">
        <ele>1005.5999755859375</ele>
      </trkpt>
      <trkpt lat="42.840950824320316" lon="-6.774431588128209">
        <ele>1005.5999755859375</ele>
      </trkpt>
      <trkpt lat="42.84097043797374" lon="-6.77444675937295">
        <ele>1005.5999755859375</ele>
      </trkpt>
      <trkpt lat="42.84098720178008" lon="-6.774458158761263">
        <ele>1005.5999755859375</ele>
      </trkpt>
      <trkpt lat="42.84100606106222" lon="-6.774469977244735">
        <ele>1005.4000244140625</ele>
      </trkpt>
      <trkpt lat="42.841025004163384" lon="-6.774481711909175">
        <ele>1005.4000244140625</ele>
      </trkpt>
      <trkpt lat="42.84104344435036" lon="-6.774489926174283">
        <ele>1005.4000244140625</ele>
      </trkpt>
      <trkpt lat="42.84106238745153" lon="-6.774498056620359">
        <ele>1005.4000244140625</ele>
      </trkpt>
      <trkpt lat="42.841079235076904" lon="-6.774507025256753">
        <ele>1005.4000244140625</ele>
      </trkpt>
      <trkpt lat="42.84109842963517" lon="-6.774515826255083">
        <ele>1005.2000122070312</ele>
      </trkpt>
      <trkpt lat="42.84111720509827" lon="-6.7745245434343815">
        <ele>1005.2000122070312</ele>
      </trkpt>
      <trkpt lat="42.84114067442715" lon="-6.77453326061368">
        <ele>1005.2000122070312</ele>
      </trkpt>
      <trkpt lat="42.84116338938475" lon="-6.774542145431042">
        <ele>1005.2000122070312</ele>
      </trkpt>
      <trkpt lat="42.84118669107556" lon="-6.774552455171943">
        <ele>1005</ele>
      </trkpt>
      <trkpt lat="42.84120848402381" lon="-6.774561842903495">
        <ele>1004.7999877929688</ele>
      </trkpt>
      <trkpt lat="42.841228852048516" lon="-6.7745698895305395">
        <ele>1004.5999755859375</ele>
      </trkpt>
      <trkpt lat="42.84125005826354" lon="-6.774580283090472">
        <ele>1004.5999755859375</ele>
      </trkpt>
      <trkpt lat="42.8412710968405" lon="-6.774588245898485">
        <ele>1004.4000244140625</ele>
      </trkpt>
      <trkpt lat="42.84129389561713" lon="-6.774596208706498">
        <ele>1004.4000244140625</ele>
      </trkpt>
      <trkpt lat="42.84131652675569" lon="-6.774605177342892">
        <ele>1004.4000244140625</ele>
      </trkpt>
      <trkpt lat="42.841333793476224" lon="-6.774610625579953">
        <ele>1004.4000244140625</ele>
      </trkpt>
      <trkpt lat="42.84135265275836" lon="-6.774616576731205">
        <ele>1004.4000244140625</ele>
      </trkpt>
      <trkpt lat="42.84136832691729" lon="-6.774620516225696">
        <ele>1004.4000244140625</ele>
      </trkpt>
      <trkpt lat="42.84138819202781" lon="-6.7746231984347105">
        <ele>1004.4000244140625</ele>
      </trkpt>
      <trkpt lat="42.84140797331929" lon="-6.774624204263091">
        <ele>1004.4000244140625</ele>
      </trkpt>
      <trkpt lat="42.84142683260143" lon="-6.774627137929201">
        <ele>1004.2000122070312</ele>
      </trkpt>
      <trkpt lat="42.84144602715969" lon="-6.774630155414343">
        <ele>1004.2000122070312</ele>
      </trkpt>
      <trkpt lat="42.84146656282246" lon="-6.774638118222356">
        <ele>1004</ele>
      </trkpt>
      <trkpt lat="42.84148416481912" lon="-6.774646248668432">
        <ele>1004</ele>
      </trkpt>
      <trkpt lat="42.84150218591094" lon="-6.774655720219016">
        <ele>1004</ele>
      </trkpt>
      <trkpt lat="42.84152431413531" lon="-6.774669298902154">
        <ele>1004</ele>
      </trkpt>
      <trkpt lat="42.8415440954268" lon="-6.774684553965926">
        <ele>1004</ele>
      </trkpt>
      <trkpt lat="42.84156412817538" lon="-6.774700982496142">
        <ele>1004</ele>
      </trkpt>
      <trkpt lat="42.84158365800977" lon="-6.774719590321183">
        <ele>1004</ele>
      </trkpt>
      <trkpt lat="42.841600170359015" lon="-6.774735599756241">
        <ele>1004</ele>
      </trkpt>
      <trkpt lat="42.84161852672696" lon="-6.774754710495472">
        <ele>1004.2000122070312</ele>
      </trkpt>
      <trkpt lat="42.84163562580943" lon="-6.774773234501481">
        <ele>1004.2000122070312</ele>
      </trkpt>
      <trkpt lat="42.84165280871093" lon="-6.774790165945888">
        <ele>1004.2000122070312</ele>
      </trkpt>
      <trkpt lat="42.841671919450164" lon="-6.774808773770928">
        <ele>1004.2000122070312</ele>
      </trkpt>
      <trkpt lat="42.841689605265856" lon="-6.774823861196637">
        <ele>1004.2000122070312</ele>
      </trkpt>
      <trkpt lat="42.84170804545283" lon="-6.774839702993631">
        <ele>1004.2000122070312</ele>
      </trkpt>
      <trkpt lat="42.84172824583948" lon="-6.774856215342879">
        <ele>1004.2000122070312</ele>
      </trkpt>
      <trkpt lat="42.84174702130258" lon="-6.774869374930859">
        <ele>1004</ele>
      </trkpt>
      <trkpt lat="42.84176537767053" lon="-6.774883959442377">
        <ele>1004</ele>
      </trkpt>
      <trkpt lat="42.84178398549557" lon="-6.77489778958261">
        <ele>1003.5999755859375</ele>
      </trkpt>
      <trkpt lat="42.84180577844381" lon="-6.774909775704145">
        <ele>1003.5999755859375</ele>
      </trkpt>
      <trkpt lat="42.84182514064014" lon="-6.774924611672759">
        <ele>1003.4000244140625</ele>
      </trkpt>
      <trkpt lat="42.841843916103244" lon="-6.774939531460404">
        <ele>1003.2000122070312</ele>
      </trkpt>
      <trkpt lat="42.8418599255383" lon="-6.774953193962574">
        <ele>1003.2000122070312</ele>
      </trkpt>
      <trkpt lat="42.84187953919172" lon="-6.774967024102807">
        <ele>1003.2000122070312</ele>
      </trkpt>
      <trkpt lat="42.84189848229289" lon="-6.774978926405311">
        <ele>1003.2000122070312</ele>
      </trkpt>
      <trkpt lat="42.84191457554698" lon="-6.774984123185277">
        <ele>1003.2000122070312</ele>
      </trkpt>
      <trkpt lat="42.84193553030491" lon="-6.774994097650051">
        <ele>1003.2000122070312</ele>
      </trkpt>
      <trkpt lat="42.841956820338964" lon="-6.7750028148293495">
        <ele>1003.2000122070312</ele>
      </trkpt>
      <trkpt lat="42.84197551198304" lon="-6.7750125378370285">
        <ele>1003.2000122070312</ele>
      </trkpt>
      <trkpt lat="42.84199956804514" lon="-6.775027373805642">
        <ele>1003.2000122070312</ele>
      </trkpt>
      <trkpt lat="42.842019433155656" lon="-6.775036426261067">
        <ele>1003.2000122070312</ele>
      </trkpt>
      <trkpt lat="42.84203628078103" lon="-6.775044556707144">
        <ele>1003</ele>
      </trkpt>
      <trkpt lat="42.84205664880574" lon="-6.775056375190616">
        <ele>1002.7999877929688</ele>
      </trkpt>
      <trkpt lat="42.84207374788821" lon="-6.775069199502468">
        <ele>1002.5999755859375</ele>
      </trkpt>
      <trkpt lat="42.842088751494884" lon="-6.775075988844037">
        <ele>1002.4000244140625</ele>
      </trkpt>
      <trkpt lat="42.842106856405735" lon="-6.775090992450714">
        <ele>1002.2000122070312</ele>
      </trkpt>
      <trkpt lat="42.842122949659824" lon="-6.775102308019996">
        <ele>1002</ele>
      </trkpt>
      <trkpt lat="42.8421382047236" lon="-6.775112114846706">
        <ele>1001.7999877929688</ele>
      </trkpt>
      <trkpt lat="42.84215362742543" lon="-6.775123346596956">
        <ele>1001.7999877929688</ele>
      </trkpt>
      <trkpt lat="42.84216829575598" lon="-6.775139607489109">
        <ele>1001.5999755859375</ele>
      </trkpt>
      <trkpt lat="42.84217684529722" lon="-6.775155616924167">
        <ele>1001.5999755859375</ele>
      </trkpt>
      <trkpt lat="42.842184975743294" lon="-6.775177409872413">
        <ele>1001.5999755859375</ele>
      </trkpt>
      <trkpt lat="42.84219402819872" lon="-6.775196101516485">
        <ele>1001.4000244140625</ele>
      </trkpt>
      <trkpt lat="42.84219947643578" lon="-6.7752213310450315">
        <ele>1001</ele>
      </trkpt>
      <trkpt lat="42.842203164473176" lon="-6.775241028517485">
        <ele>1000.7999877929688</ele>
      </trkpt>
      <trkpt lat="42.84220517612994" lon="-6.775258211418986">
        <ele>1000.5999755859375</ele>
      </trkpt>
      <trkpt lat="42.842205595225096" lon="-6.775283860042691">
        <ele>1000.2000122070312</ele>
      </trkpt>
      <trkpt lat="42.84220282919705" lon="-6.775307664647698">
        <ele>1000</ele>
      </trkpt>
      <trkpt lat="42.84220157191157" lon="-6.775330379605293">
        <ele>999.7999877929688</ele>
      </trkpt>
      <trkpt lat="42.842200230807066" lon="-6.7753473948687315">
        <ele>999.7999877929688</ele>
      </trkpt>
      <trkpt lat="42.842197716236115" lon="-6.775369606912136">
        <ele>999.4000244140625</ele>
      </trkpt>
      <trkpt lat="42.84219310618937" lon="-6.775392992421985">
        <ele>999.2000122070312</ele>
      </trkpt>
      <trkpt lat="42.8421900048852" lon="-6.775417467579246">
        <ele>999</ele>
      </trkpt>
      <trkpt lat="42.84218489192426" lon="-6.77543624304235">
        <ele>998.7999877929688</ele>
      </trkpt>
      <trkpt lat="42.84217659384012" lon="-6.775464490056038">
        <ele>998.5999755859375</ele>
      </trkpt>
      <trkpt lat="42.84217164851725" lon="-6.775489971041679">
        <ele>998.5999755859375</ele>
      </trkpt>
      <trkpt lat="42.842168882489204" lon="-6.775516290217638">
        <ele>998.5999755859375</ele>
      </trkpt>
      <trkpt lat="42.842168379575014" lon="-6.775546967983246">
        <ele>998.4000244140625</ele>
      </trkpt>
      <trkpt lat="42.84217567183077" lon="-6.775579825043678">
        <ele>998.4000244140625</ele>
      </trkpt>
      <trkpt lat="42.84218715503812" lon="-6.775604300200939">
        <ele>998.4000244140625</ele>
      </trkpt>
      <trkpt lat="42.84220391884446" lon="-6.775620561093092">
        <ele>998.4000244140625</ele>
      </trkpt>
      <trkpt lat="42.84222386777401" lon="-6.775633469223976">
        <ele>998.4000244140625</ele>
      </trkpt>
      <trkpt lat="42.842236775904894" lon="-6.775638246908784">
        <ele>998.2000122070312</ele>
      </trkpt>
      <trkpt lat="42.84225077368319" lon="-6.77564000710845">
        <ele>998.2000122070312</ele>
      </trkpt>
      <trkpt lat="42.842261753976345" lon="-6.775639336556196">
        <ele>998.2000122070312</ele>
      </trkpt>
      <trkpt lat="42.84227038733661" lon="-6.775636821985245">
        <ele>998.2000122070312</ele>
      </trkpt>
      <trkpt lat="42.84227608703077" lon="-6.775634055957198">
        <ele>998.2000122070312</ele>
      </trkpt>
      <trkpt lat="42.84229385666549" lon="-6.775630367919803">
        <ele>998</ele>
      </trkpt>
      <trkpt lat="42.84230056218803" lon="-6.775629026815295">
        <ele>998</ele>
      </trkpt>
      <trkpt lat="42.84230902791023" lon="-6.775627601891756">
        <ele>998</ele>
      </trkpt>
      <trkpt lat="42.84231816418469" lon="-6.7756289429962635">
        <ele>997.7999877929688</ele>
      </trkpt>
      <trkpt lat="42.84232839010656" lon="-6.7756287753582">
        <ele>997.5999755859375</ele>
      </trkpt>
      <trkpt lat="42.84234113059938" lon="-6.775627015158534">
        <ele>997.4000244140625</ele>
      </trkpt>
      <trkpt lat="42.842357475310564" lon="-6.775621483102441">
        <ele>997.4000244140625</ele>
      </trkpt>
      <trkpt lat="42.84237180836499" lon="-6.775612346827984">
        <ele>997</ele>
      </trkpt>
      <trkpt lat="42.84238647669554" lon="-6.775593152269721">
        <ele>996.7999877929688</ele>
      </trkpt>
      <trkpt lat="42.84239779226482" lon="-6.775580160319805">
        <ele>996.5999755859375</ele>
      </trkpt>
      <trkpt lat="42.84240793436766" lon="-6.775562642142177">
        <ele>996.2000122070312</ele>
      </trkpt>
      <trkpt lat="42.842423021793365" lon="-6.77553397603333">
        <ele>996</ele>
      </trkpt>
      <trkpt lat="42.84243257716298" lon="-6.775514194741845">
        <ele>995.7999877929688</ele>
      </trkpt>
      <trkpt lat="42.84244070760906" lon="-6.7754987720400095">
        <ele>995.5999755859375</ele>
      </trkpt>
      <trkpt lat="42.842450430616736" lon="-6.7754787392914295">
        <ele>995.4000244140625</ele>
      </trkpt>
      <trkpt lat="42.8424574714154" lon="-6.775459544733167">
        <ele>995.4000244140625</ele>
      </trkpt>
      <trkpt lat="42.84246635623276" lon="-6.7754413560032845">
        <ele>995.2000122070312</ele>
      </trkpt>
      <trkpt lat="42.842477168887854" lon="-6.775422664359212">
        <ele>995.2000122070312</ele>
      </trkpt>
      <trkpt lat="42.842487981542945" lon="-6.7754042241722345">
        <ele>995.2000122070312</ele>
      </trkpt>
      <trkpt lat="42.842497201636434" lon="-6.775390645489097">
        <ele>995</ele>
      </trkpt>
      <trkpt lat="42.84250667318702" lon="-6.7753765638917685">
        <ele>995</ele>
      </trkpt>
      <trkpt lat="42.842516815289855" lon="-6.775356950238347">
        <ele>995</ele>
      </trkpt>
      <trkpt lat="42.84252695739269" lon="-6.775339599698782">
        <ele>995</ele>
      </trkpt>
      <trkpt lat="42.842537267133594" lon="-6.775323506444693">
        <ele>995</ele>
      </trkpt>
      <trkpt lat="42.84255034290254" lon="-6.775301545858383">
        <ele>995</ele>
      </trkpt>
      <trkpt lat="42.8425592277199" lon="-6.7752861231565475">
        <ele>995</ele>
      </trkpt>
      <trkpt lat="42.84256651997566" lon="-6.775268437340856">
        <ele>995.2000122070312</ele>
      </trkpt>
      <trkpt lat="42.84257967956364" lon="-6.775244800373912">
        <ele>995.2000122070312</ele>
      </trkpt>
      <trkpt lat="42.84259099513292" lon="-6.775220828130841">
        <ele>995.2000122070312</ele>
      </trkpt>
      <trkpt lat="42.842600382864475" lon="-6.775202890858054">
        <ele>995</ele>
      </trkpt>
      <trkpt lat="42.84261337481439" lon="-6.775179170072079">
        <ele>995</ele>
      </trkpt>
      <trkpt lat="42.84262251108885" lon="-6.775159975513816">
        <ele>994.7999877929688</ele>
      </trkpt>
      <trkpt lat="42.84263156354427" lon="-6.775137009099126">
        <ele>994.5999755859375</ele>
      </trkpt>
      <trkpt lat="42.84264212474227" lon="-6.775108175352216">
        <ele>994.4000244140625</ele>
      </trkpt>
      <trkpt lat="42.84265159629285" lon="-6.775085125118494">
        <ele>994.4000244140625</ele>
      </trkpt>
      <trkpt lat="42.84265821799636" lon="-6.7750692833215">
        <ele>994.2000122070312</ele>
      </trkpt>
      <trkpt lat="42.8426628280431" lon="-6.775050507858396">
        <ele>994</ele>
      </trkpt>
      <trkpt lat="42.842664839699864" lon="-6.775021590292454">
        <ele>993.7999877929688</ele>
      </trkpt>
      <trkpt lat="42.84266500733793" lon="-6.775004155933857">
        <ele>993.7999877929688</ele>
      </trkpt>
      <trkpt lat="42.84266274422407" lon="-6.774984374642372">
        <ele>993.5999755859375</ele>
      </trkpt>
      <trkpt lat="42.842658553272486" lon="-6.774956546723843">
        <ele>993.5999755859375</ele>
      </trkpt>
      <trkpt lat="42.84265528433025" lon="-6.7749368492513895">
        <ele>993.5999755859375</ele>
      </trkpt>
      <trkpt lat="42.84265486523509" lon="-6.774929976090789">
        <ele>993.5999755859375</ele>
      </trkpt>
      <trkpt lat="42.84264891408384" lon="-6.774915140122175">
        <ele>993.5999755859375</ele>
      </trkpt>
      <trkpt lat="42.84264648333192" lon="-6.774906674399972">
        <ele>993.5999755859375</ele>
      </trkpt>
      <trkpt lat="42.84264313057065" lon="-6.774898376315832">
        <ele>993.5999755859375</ele>
      </trkpt>
      <trkpt lat="42.842639526352286" lon="-6.774889910593629">
        <ele>993.5999755859375</ele>
      </trkpt>
      <trkpt lat="42.842635503038764" lon="-6.774885216727853">
        <ele>993.5999755859375</ele>
      </trkpt>
      <trkpt lat="42.84263391047716" lon="-6.774881696328521">
        <ele>993.5999755859375</ele>
      </trkpt>
      <trkpt lat="42.842632569372654" lon="-6.774874571710825">
        <ele>993.7999877929688</ele>
      </trkpt>
      <trkpt lat="42.842632066458464" lon="-6.774868704378605">
        <ele>993.7999877929688</ele>
      </trkpt>
      <trkpt lat="42.84263240173459" lon="-6.774857556447387">
        <ele>994</ele>
      </trkpt>
      <trkpt lat="42.84263323992491" lon="-6.774850348010659">
        <ele>994</ele>
      </trkpt>
      <trkpt lat="42.84263424575329" lon="-6.774840960279107">
        <ele>994</ele>
      </trkpt>
      <trkpt lat="42.8426369279623" lon="-6.774829560890794">
        <ele>994.2000122070312</ele>
      </trkpt>
      <trkpt lat="42.84263969399035" lon="-6.774809444323182">
        <ele>994.2000122070312</ele>
      </trkpt>
      <trkpt lat="42.84264170564711" lon="-6.774786980822682">
        <ele>994.4000244140625</ele>
      </trkpt>
      <trkpt lat="42.84264765679836" lon="-6.774756051599979">
        <ele>994.4000244140625</ele>
      </trkpt>
      <trkpt lat="42.842653105035424" lon="-6.774730319157243">
        <ele>994.4000244140625</ele>
      </trkpt>
      <trkpt lat="42.84265863709152" lon="-6.774703413248062">
        <ele>994.4000244140625</ele>
      </trkpt>
      <trkpt lat="42.84266618080437" lon="-6.774672903120518">
        <ele>994.4000244140625</ele>
      </trkpt>
      <trkpt lat="42.8426717966795" lon="-6.774650355800986">
        <ele>994.4000244140625</ele>
      </trkpt>
      <trkpt lat="42.8426749818027" lon="-6.7746243719011545">
        <ele>994.5999755859375</ele>
      </trkpt>
      <trkpt lat="42.84267422743142" lon="-6.774590089917183">
        <ele>994.7999877929688</ele>
      </trkpt>
      <trkpt lat="42.84267162904143" lon="-6.774557903409004">
        <ele>995</ele>
      </trkpt>
      <trkpt lat="42.84266517497599" lon="-6.7745268903672695">
        <ele>995.5999755859375</ele>
      </trkpt>
      <trkpt lat="42.842655116692185" lon="-6.774491518735886">
        <ele>995.7999877929688</ele>
      </trkpt>
      <trkpt lat="42.84264447167516" lon="-6.774458913132548">
        <ele>996</ele>
      </trkpt>
      <trkpt lat="42.842638436704874" lon="-6.774426810443401">
        <ele>996</ele>
      </trkpt>
      <trkpt lat="42.842633156105876" lon="-6.774389762431383">
        <ele>996</ele>
      </trkpt>
      <trkpt lat="42.842629635706544" lon="-6.774365035817027">
        <ele>996</ele>
      </trkpt>
      <trkpt lat="42.84262762404978" lon="-6.774337040260434">
        <ele>996.2000122070312</ele>
      </trkpt>
      <trkpt lat="42.84262351691723" lon="-6.7743089608848095">
        <ele>996.4000244140625</ele>
      </trkpt>
      <trkpt lat="42.8426197450608" lon="-6.774283396080136">
        <ele>996.5999755859375</ele>
      </trkpt>
      <trkpt lat="42.84261580556631" lon="-6.7742533050477505">
        <ele>996.7999877929688</ele>
      </trkpt>
      <trkpt lat="42.84261228516698" lon="-6.7742223758250475">
        <ele>997</ele>
      </trkpt>
      <trkpt lat="42.84260708838701" lon="-6.774200750514865">
        <ele>997.2000122070312</ele>
      </trkpt>
      <trkpt lat="42.842598957940936" lon="-6.774172838777304">
        <ele>997.2000122070312</ele>
      </trkpt>
      <trkpt lat="42.84259032458067" lon="-6.774147357791662">
        <ele>997.4000244140625</ele>
      </trkpt>
      <trkpt lat="42.84258051775396" lon="-6.774122044444084">
        <ele>997.5999755859375</ele>
      </trkpt>
      <trkpt lat="42.842570627108216" lon="-6.7740910314023495">
        <ele>997.7999877929688</ele>
      </trkpt>
      <trkpt lat="42.84256241284311" lon="-6.774065131321549">
        <ele>998.2000122070312</ele>
      </trkpt>
      <trkpt lat="42.84255528822541" lon="-6.774043925106525">
        <ele>998.4000244140625</ele>
      </trkpt>
      <trkpt lat="42.842550091445446" lon="-6.774010146036744">
        <ele>998.7999877929688</ele>
      </trkpt>
      <trkpt lat="42.842542715370655" lon="-6.773986928164959">
        <ele>999</ele>
      </trkpt>
      <trkpt lat="42.84253525547683" lon="-6.773958932608366">
        <ele>999</ele>
      </trkpt>
      <trkpt lat="42.84252729266882" lon="-6.773932613432407">
        <ele>999.2000122070312</ele>
      </trkpt>
      <trkpt lat="42.84251916222274" lon="-6.773907132446766">
        <ele>999.2000122070312</ele>
      </trkpt>
      <trkpt lat="42.84251354634762" lon="-6.773876706138253">
        <ele>999.4000244140625</ele>
      </trkpt>
      <trkpt lat="42.84250541590154" lon="-6.7738513089716434">
        <ele>999.5999755859375</ele>
      </trkpt>
      <trkpt lat="42.84249669872224" lon="-6.773826498538256">
        <ele>999.7999877929688</ele>
      </trkpt>
      <trkpt lat="42.84248789772391" lon="-6.77379447966814">
        <ele>999.7999877929688</ele>
      </trkpt>
      <trkpt lat="42.84247934818268" lon="-6.773768914863467">
        <ele>1000</ele>
      </trkpt>
      <trkpt lat="42.84246979281306" lon="-6.77373974584043">
        <ele>1000.2000122070312</ele>
      </trkpt>
      <trkpt lat="42.842467445880175" lon="-6.773702781647444">
        <ele>1000.4000244140625</ele>
      </trkpt>
      <trkpt lat="42.842457136139274" lon="-6.773669756948948">
        <ele>1000.5999755859375</ele>
      </trkpt>
      <trkpt lat="42.84246040508151" lon="-6.773655842989683">
        <ele>1000.7999877929688</ele>
      </trkpt>
      <trkpt lat="42.842470463365316" lon="-6.773663638159633">
        <ele>1001</ele>
      </trkpt>
      <trkpt lat="42.84248295240104" lon="-6.773686856031418">
        <ele>1001.2000122070312</ele>
      </trkpt>
      <trkpt lat="42.84249418415129" lon="-6.773714181035757">
        <ele>1001.2000122070312</ele>
      </trkpt>
      <trkpt lat="42.84250348806381" lon="-6.77374460734427">
        <ele>1001.4000244140625</ele>
      </trkpt>
      <trkpt lat="42.8425143007189" lon="-6.773773524910212">
        <ele>1001.5999755859375</ele>
      </trkpt>
      <trkpt lat="42.84252544865012" lon="-6.7738003470003605">
        <ele>1001.5999755859375</ele>
      </trkpt>
      <trkpt lat="42.84254003316164" lon="-6.773833455517888">
        <ele>1001.7999877929688</ele>
      </trkpt>
      <trkpt lat="42.84255310893059" lon="-6.773863295093179">
        <ele>1002</ele>
      </trkpt>
      <trkpt lat="42.84256626851857" lon="-6.7738869320601225">
        <ele>1002</ele>
      </trkpt>
      <trkpt lat="42.84258303232491" lon="-6.773915765807033">
        <ele>1002.4000244140625</ele>
      </trkpt>
      <trkpt lat="42.84259962849319" lon="-6.773941665887833">
        <ele>1002.5999755859375</ele>
      </trkpt>
      <trkpt lat="42.84262116998434" lon="-6.773968236520886">
        <ele>1003</ele>
      </trkpt>
      <trkpt lat="42.84264212474227" lon="-6.773997405543923">
        <ele>1003.2000122070312</ele>
      </trkpt>
      <trkpt lat="42.842661486938596" lon="-6.774022886529565">
        <ele>1003.5999755859375</ele>
      </trkpt>
      <trkpt lat="42.842682525515556" lon="-6.774053145200014">
        <ele>1003.7999877929688</ele>
      </trkpt>
      <trkpt lat="42.84269979223609" lon="-6.774079967290163">
        <ele>1003.7999877929688</ele>
      </trkpt>
      <trkpt lat="42.842718064785004" lon="-6.7741031013429165">
        <ele>1004.2000122070312</ele>
      </trkpt>
      <trkpt lat="42.842738684266806" lon="-6.774129420518875">
        <ele>1004.2000122070312</ele>
      </trkpt>
      <trkpt lat="42.84275553189218" lon="-6.774151800200343">
        <ele>1004.4000244140625</ele>
      </trkpt>
      <trkpt lat="42.84277246333659" lon="-6.774173509329557">
        <ele>1004.4000244140625</ele>
      </trkpt>
      <trkpt lat="42.84279274754226" lon="-6.77419806830585">
        <ele>1004.4000244140625</ele>
      </trkpt>
      <trkpt lat="42.842808505520225" lon="-6.774218017235398">
        <ele>1004.5999755859375</ele>
      </trkpt>
      <trkpt lat="42.84281906671822" lon="-6.774233104661107">
        <ele>1004.7999877929688</ele>
      </trkpt>
      <trkpt lat="42.84283189103007" lon="-6.774245761334896">
        <ele>1005</ele>
      </trkpt>
      <trkpt lat="42.842843709513545" lon="-6.774257747456431">
        <ele>1005</ele>
      </trkpt>
      <trkpt lat="42.842856952920556" lon="-6.774268727749586">
        <ele>1005</ele>
      </trkpt>
      <trkpt lat="42.842863742262125" lon="-6.774289263412356">
        <ele>1005.4000244140625</ele>
      </trkpt>
      <trkpt lat="42.84288008697331" lon="-6.774310218170285">
        <ele>1005.5999755859375</ele>
      </trkpt>
      <trkpt lat="42.842892995104194" lon="-6.7743336874991655">
        <ele>1005.7999877929688</ele>
      </trkpt>
      <trkpt lat="42.84291034564376" lon="-6.7743525467813015">
        <ele>1006.2000122070312</ele>
      </trkpt>
      <trkpt lat="42.84293130040169" lon="-6.774366460740566">
        <ele>1006.2000122070312</ele>
      </trkpt>
      <trkpt lat="42.842959463596344" lon="-6.7743725795298815">
        <ele>1006.5999755859375</ele>
      </trkpt>
      <trkpt lat="42.842985447496176" lon="-6.774348104372621">
        <ele>1007</ele>
      </trkpt>
      <trkpt lat="42.84300036728382" lon="-6.774323545396328">
        <ele>1007.4000244140625</ele>
      </trkpt>
      <trkpt lat="42.84300656989217" lon="-6.774283396080136">
        <ele>1007.5999755859375</ele>
      </trkpt>
      <trkpt lat="42.84300673753023" lon="-6.774253221228719">
        <ele>1007.7999877929688</ele>
      </trkpt>
      <trkpt lat="42.84300472587347" lon="-6.774218771606684">
        <ele>1008.2000122070312</ele>
      </trkpt>
      <trkpt lat="42.843000115826726" lon="-6.77419169805944">
        <ele>1008.2000122070312</ele>
      </trkpt>
      <trkpt lat="42.84299558959901" lon="-6.7741667199879885">
        <ele>1008.4000244140625</ele>
      </trkpt>
      <trkpt lat="42.842990309000015" lon="-6.77413210272789">
        <ele>1008.5999755859375</ele>
      </trkpt>
      <trkpt lat="42.8429841902107" lon="-6.7741036880761385">
        <ele>1008.5999755859375</ele>
      </trkpt>
      <trkpt lat="42.84297497011721" lon="-6.774078542366624">
        <ele>1009</ele>
      </trkpt>
      <trkpt lat="42.84296851605177" lon="-6.774044008925557">
        <ele>1009.4000244140625</ele>
      </trkpt>
      <trkpt lat="42.842962900176644" lon="-6.774012241512537">
        <ele>1009.5999755859375</ele>
      </trkpt>
      <trkpt lat="42.842959044501185" lon="-6.773981647565961">
        <ele>1010</ele>
      </trkpt>
      <trkpt lat="42.8429548535496" lon="-6.77394644357264">
        <ele>1010.2000122070312</ele>
      </trkpt>
      <trkpt lat="42.84295099787414" lon="-6.773914759978652">
        <ele>1010.5999755859375</ele>
      </trkpt>
      <trkpt lat="42.84294948913157" lon="-6.773872766643763">
        <ele>1010.7999877929688</ele>
      </trkpt>
      <trkpt lat="42.842940436676145" lon="-6.773842424154282">
        <ele>1011</ele>
      </trkpt>
      <trkpt lat="42.842932138592005" lon="-6.773812668398023">
        <ele>1011.4000244140625</ele>
      </trkpt>
      <trkpt lat="42.84292811527848" lon="-6.773773860186338">
        <ele>1011.7999877929688</ele>
      </trkpt>
      <trkpt lat="42.84292358905077" lon="-6.773741757497191">
        <ele>1012.2000122070312</ele>
      </trkpt>
      <trkpt lat="42.84291981719434" lon="-6.773708816617727">
        <ele>1012.4000244140625</ele>
      </trkpt>
      <trkpt lat="42.84291487187147" lon="-6.77365860901773">
        <ele>1012.5999755859375</ele>
      </trkpt>
      <trkpt lat="42.84290925599635" lon="-6.7736242432147264">
        <ele>1012.7999877929688</ele>
      </trkpt>
      <trkpt lat="42.84290372394025" lon="-6.773585267364979">
        <ele>1013</ele>
      </trkpt>
      <trkpt lat="42.842896934598684" lon="-6.773548303171992">
        <ele>1013.4000244140625</ele>
      </trkpt>
      <trkpt lat="42.84289391711354" lon="-6.773518631234765">
        <ele>1013.7999877929688</ele>
      </trkpt>
      <trkpt lat="42.84289123490453" lon="-6.773480912670493">
        <ele>1013.7999877929688</ele>
      </trkpt>
      <trkpt lat="42.842885283753276" lon="-6.773449815809727">
        <ele>1014</ele>
      </trkpt>
      <trkpt lat="42.84287849441171" lon="-6.773417796939611">
        <ele>1014.4000244140625</ele>
      </trkpt>
      <trkpt lat="42.842874471098185" lon="-6.773381168022752">
        <ele>1014.5999755859375</ele>
      </trkpt>
      <trkpt lat="42.84286969341338" lon="-6.773348897695541">
        <ele>1014.7999877929688</ele>
      </trkpt>
      <trkpt lat="42.84286541864276" lon="-6.773315202444792">
        <ele>1014.7999877929688</ele>
      </trkpt>
      <trkpt lat="42.84285955131054" lon="-6.77327991463244">
        <ele>1015</ele>
      </trkpt>
      <trkpt lat="42.84285326488316" lon="-6.773250829428434">
        <ele>1015</ele>
      </trkpt>
      <trkpt lat="42.84284689463675" lon="-6.773217720910907">
        <ele>1015.2000122070312</ele>
      </trkpt>
      <trkpt lat="42.84284354187548" lon="-6.773187881335616">
        <ele>1015.2000122070312</ele>
      </trkpt>
      <trkpt lat="42.84283826127648" lon="-6.773158879950643">
        <ele>1015.4000244140625</ele>
      </trkpt>
      <trkpt lat="42.842833986505866" lon="-6.773124933242798">
        <ele>1015.5999755859375</ele>
      </trkpt>
      <trkpt lat="42.84282736480236" lon="-6.773090902715921">
        <ele>1015.5999755859375</ele>
      </trkpt>
      <trkpt lat="42.84282149747014" lon="-6.773062404245138">
        <ele>1015.7999877929688</ele>
      </trkpt>
      <trkpt lat="42.84281713888049" lon="-6.773024182766676">
        <ele>1015.7999877929688</ele>
      </trkpt>
      <trkpt lat="42.84281361848116" lon="-6.772992415353656">
        <ele>1016.2000122070312</ele>
      </trkpt>
      <trkpt lat="42.842805655673146" lon="-6.772960815578699">
        <ele>1016.4000244140625</ele>
      </trkpt>
      <trkpt lat="42.842801129445434" lon="-6.772926785051823">
        <ele>1016.4000244140625</ele>
      </trkpt>
      <trkpt lat="42.84279459156096" lon="-6.77289878949523">
        <ele>1016.5999755859375</ele>
      </trkpt>
      <trkpt lat="42.84278763458133" lon="-6.7728640884160995">
        <ele>1016.7999877929688</ele>
      </trkpt>
      <trkpt lat="42.84278335981071" lon="-6.7728346679359674">
        <ele>1016.7999877929688</ele>
      </trkpt>
      <trkpt lat="42.84277849830687" lon="-6.772807091474533">
        <ele>1017</ele>
      </trkpt>
      <trkpt lat="42.8427753970027" lon="-6.772770546376705">
        <ele>1017</ele>
      </trkpt>
      <trkpt lat="42.84276978112757" lon="-6.772741712629795">
        <ele>1017.2000122070312</ele>
      </trkpt>
      <trkpt lat="42.842765506356955" lon="-6.772715141996741">
        <ele>1017.2000122070312</ele>
      </trkpt>
      <trkpt lat="42.84276072867215" lon="-6.772682452574372">
        <ele>1017.4000244140625</ele>
      </trkpt>
      <trkpt lat="42.842756202444434" lon="-6.772655630484223">
        <ele>1017.5999755859375</ele>
      </trkpt>
      <trkpt lat="42.84275192767382" lon="-6.772627215832472">
        <ele>1017.5999755859375</ele>
      </trkpt>
      <trkpt lat="42.84274974837899" lon="-6.772595113143325">
        <ele>1017.7999877929688</ele>
      </trkpt>
      <trkpt lat="42.84274639561772" lon="-6.7725670337677">
        <ele>1017.7999877929688</ele>
      </trkpt>
      <trkpt lat="42.84274312667549" lon="-6.772533841431141">
        <ele>1018</ele>
      </trkpt>
      <trkpt lat="42.84274086356163" lon="-6.7725045047700405">
        <ele>1018</ele>
      </trkpt>
      <trkpt lat="42.84273658879101" lon="-6.77247759886086">
        <ele>1018</ele>
      </trkpt>
      <trkpt lat="42.842734241858125" lon="-6.7724414728581905">
        <ele>1018</ele>
      </trkpt>
      <trkpt lat="42.84273122437298" lon="-6.77241406403482">
        <ele>1018.2000122070312</ele>
      </trkpt>
      <trkpt lat="42.842729799449444" lon="-6.7723858170211315">
        <ele>1018.2000122070312</ele>
      </trkpt>
      <trkpt lat="42.84272954799235" lon="-6.77234809845686">
        <ele>1018.2000122070312</ele>
      </trkpt>
      <trkpt lat="42.842727955430746" lon="-6.772320354357362">
        <ele>1018.4000244140625</ele>
      </trkpt>
      <trkpt lat="42.84272569231689" lon="-6.77229386754334">
        <ele>1018.5999755859375</ele>
      </trkpt>
      <trkpt lat="42.84272233955562" lon="-6.772247431799769">
        <ele>1018.5999755859375</ele>
      </trkpt>
      <trkpt lat="42.84272032789886" lon="-6.772218178957701">
        <ele>1018.5999755859375</ele>
      </trkpt>
      <trkpt lat="42.84271781332791" lon="-6.772187752649188">
        <ele>1018.5999755859375</ele>
      </trkpt>
      <trkpt lat="42.84271596930921" lon="-6.7721593379974365">
        <ele>1018.5999755859375</ele>
      </trkpt>
      <trkpt lat="42.84270943142474" lon="-6.772137042135">
        <ele>1018.4000244140625</ele>
      </trkpt>
      <trkpt lat="42.84270021133125" lon="-6.772103849798441">
        <ele>1018.4000244140625</ele>
      </trkpt>
      <trkpt lat="42.84269258379936" lon="-6.7720727529376745">
        <ele>1018.4000244140625</ele>
      </trkpt>
      <trkpt lat="42.84268470481038" lon="-6.7720377165824175">
        <ele>1018.4000244140625</ele>
      </trkpt>
      <trkpt lat="42.842677999287844" lon="-6.772007793188095">
        <ele>1018.2000122070312</ele>
      </trkpt>
      <trkpt lat="42.84267062321305" lon="-6.77197921089828">
        <ele>1018.2000122070312</ele>
      </trkpt>
      <trkpt lat="42.842664420604706" lon="-6.7719449289143085">
        <ele>1018.2000122070312</ele>
      </trkpt>
      <trkpt lat="42.842661906033754" lon="-6.771919531747699">
        <ele>1018.2000122070312</ele>
      </trkpt>
      <trkpt lat="42.84265746362507" lon="-6.771900253370404">
        <ele>1018.2000122070312</ele>
      </trkpt>
      <trkpt lat="42.84265427850187" lon="-6.771871503442526">
        <ele>1018</ele>
      </trkpt>
      <trkpt lat="42.84265235066414" lon="-6.7718513030558825">
        <ele>1017.5999755859375</ele>
      </trkpt>
      <trkpt lat="42.84265159629285" lon="-6.7718324437737465">
        <ele>1017.5999755859375</ele>
      </trkpt>
      <trkpt lat="42.84264815971255" lon="-6.771802771836519">
        <ele>1017.4000244140625</ele>
      </trkpt>
      <trkpt lat="42.842644387856126" lon="-6.7717767879366875">
        <ele>1017.4000244140625</ele>
      </trkpt>
      <trkpt lat="42.8426422085613" lon="-6.771754659712315">
        <ele>1017.4000244140625</ele>
      </trkpt>
      <trkpt lat="42.842638017609715" lon="-6.7717252392321825">
        <ele>1017.4000244140625</ele>
      </trkpt>
      <trkpt lat="42.84263432957232" lon="-6.771699422970414">
        <ele>1017.4000244140625</ele>
      </trkpt>
      <trkpt lat="42.84263106063008" lon="-6.771670337766409">
        <ele>1017.4000244140625</ele>
      </trkpt>
      <trkpt lat="42.84262862987816" lon="-6.771644772961736">
        <ele>1017.4000244140625</ele>
      </trkpt>
      <trkpt lat="42.84262586385012" lon="-6.771624069660902">
        <ele>1017.2000122070312</ele>
      </trkpt>
      <trkpt lat="42.842621337622404" lon="-6.7715944815427065">
        <ele>1017.2000122070312</ele>
      </trkpt>
      <trkpt lat="42.84262116998434" lon="-6.771567575633526">
        <ele>1017</ele>
      </trkpt>
      <trkpt lat="42.842616057023406" lon="-6.771544022485614">
        <ele>1017</ele>
      </trkpt>
      <trkpt lat="42.84261178225279" lon="-6.771506639197469">
        <ele>1017</ele>
      </trkpt>
      <trkpt lat="42.84260935150087" lon="-6.771483086049557">
        <ele>1017</ele>
      </trkpt>
      <trkpt lat="42.842606669291854" lon="-6.771458527073264">
        <ele>1017</ele>
      </trkpt>
      <trkpt lat="42.84260490909219" lon="-6.771424664184451">
        <ele>1016.7999877929688</ele>
      </trkpt>
      <trkpt lat="42.84260356798768" lon="-6.771399015560746">
        <ele>1016.7999877929688</ele>
      </trkpt>
      <trkpt lat="42.84260306507349" lon="-6.7713691759854555">
        <ele>1016.7999877929688</ele>
      </trkpt>
      <trkpt lat="42.84260340034962" lon="-6.771340761333704">
        <ele>1016.7999877929688</ele>
      </trkpt>
      <trkpt lat="42.84260113723576" lon="-6.771312681958079">
        <ele>1016.7999877929688</ele>
      </trkpt>
      <trkpt lat="42.842600801959634" lon="-6.771276472136378">
        <ele>1016.5999755859375</ele>
      </trkpt>
      <trkpt lat="42.84260155633092" lon="-6.771252751350403">
        <ele>1016.5999755859375</ele>
      </trkpt>
      <trkpt lat="42.84260289743543" lon="-6.771227354183793">
        <ele>1016.5999755859375</ele>
      </trkpt>
      <trkpt lat="42.84260390326381" lon="-6.7711954191327095">
        <ele>1016.5999755859375</ele>
      </trkpt>
      <trkpt lat="42.84260541200638" lon="-6.771168848499656">
        <ele>1016.5999755859375</ele>
      </trkpt>
      <trkpt lat="42.84260516054928" lon="-6.771142948418856">
        <ele>1016.5999755859375</ele>
      </trkpt>
      <trkpt lat="42.84260457381606" lon="-6.771105648949742">
        <ele>1016.5999755859375</ele>
      </trkpt>
      <trkpt lat="42.84260390326381" lon="-6.771080587059259">
        <ele>1016.4000244140625</ele>
      </trkpt>
      <trkpt lat="42.842603819444776" lon="-6.771056782454252">
        <ele>1016.4000244140625</ele>
      </trkpt>
      <trkpt lat="42.84260172396898" lon="-6.771028619259596">
        <ele>1016.4000244140625</ele>
      </trkpt>
      <trkpt lat="42.842598455026746" lon="-6.771004144102335">
        <ele>1016.4000244140625</ele>
      </trkpt>
      <trkpt lat="42.8425975330174" lon="-6.770971454679966">
        <ele>1016.4000244140625</ele>
      </trkpt>
      <trkpt lat="42.84259635955095" lon="-6.770939016714692">
        <ele>1016.4000244140625</ele>
      </trkpt>
      <trkpt lat="42.84259443171322" lon="-6.770911188796163">
        <ele>1016.4000244140625</ele>
      </trkpt>
      <trkpt lat="42.84259434789419" lon="-6.770876236259937">
        <ele>1016.2000122070312</ele>
      </trkpt>
      <trkpt lat="42.84259418025613" lon="-6.770853353664279">
        <ele>1016.2000122070312</ele>
      </trkpt>
      <trkpt lat="42.84259283915162" lon="-6.7708272859454155">
        <ele>1016.2000122070312</ele>
      </trkpt>
      <trkpt lat="42.84259124659002" lon="-6.770784202963114">
        <ele>1016.2000122070312</ele>
      </trkpt>
      <trkpt lat="42.84258973784745" lon="-6.770759979262948">
        <ele>1016</ele>
      </trkpt>
      <trkpt lat="42.84258831292391" lon="-6.770738186314702">
        <ele>1016</ele>
      </trkpt>
      <trkpt lat="42.84258806146681" lon="-6.770707005634904">
        <ele>1016</ele>
      </trkpt>
      <trkpt lat="42.842587726190686" lon="-6.770680518820882">
        <ele>1016</ele>
      </trkpt>
      <trkpt lat="42.842588564381" lon="-6.7706564627587795">
        <ele>1015.7999877929688</ele>
      </trkpt>
      <trkpt lat="42.84259049221873" lon="-6.770622516050935">
        <ele>1015.4000244140625</ele>
      </trkpt>
      <trkpt lat="42.842592084780335" lon="-6.770602483302355">
        <ele>1015.2000122070312</ele>
      </trkpt>
      <trkpt lat="42.84259736537933" lon="-6.770581863820553">
        <ele>1015.2000122070312</ele>
      </trkpt>
      <trkpt lat="42.84259233623743" lon="-6.770556969568133">
        <ele>1015</ele>
      </trkpt>
      <trkpt lat="42.842590659856796" lon="-6.770532745867968">
        <ele>1014.5999755859375</ele>
      </trkpt>
      <trkpt lat="42.84258831292391" lon="-6.770514389500022">
        <ele>1014.4000244140625</ele>
      </trkpt>
      <trkpt lat="42.84258638508618" lon="-6.770492177456617">
        <ele>1014.4000244140625</ele>
      </trkpt>
      <trkpt lat="42.8425835352391" lon="-6.770465606823564">
        <ele>1014.4000244140625</ele>
      </trkpt>
      <trkpt lat="42.84258060157299" lon="-6.7704476695507765">
        <ele>1014.2000122070312</ele>
      </trkpt>
      <trkpt lat="42.84257716499269" lon="-6.770423362031579">
        <ele>1014.2000122070312</ele>
      </trkpt>
      <trkpt lat="42.842575991526246" lon="-6.770402994006872">
        <ele>1014</ele>
      </trkpt>
      <trkpt lat="42.84257389605045" lon="-6.770386481657624">
        <ele>1014</ele>
      </trkpt>
      <trkpt lat="42.842572554945946" lon="-6.770361419767141">
        <ele>1014</ele>
      </trkpt>
      <trkpt lat="42.84257314167917" lon="-6.770338201895356">
        <ele>1013.7999877929688</ele>
      </trkpt>
      <trkpt lat="42.84257079474628" lon="-6.770312385633588">
        <ele>1013.7999877929688</ele>
      </trkpt>
      <trkpt lat="42.84257071092725" lon="-6.770282126963139">
        <ele>1013.5999755859375</ele>
      </trkpt>
      <trkpt lat="42.84257071092725" lon="-6.77025924436748">
        <ele>1013.4000244140625</ele>
      </trkpt>
      <trkpt lat="42.84256936982274" lon="-6.770237283781171">
        <ele>1013.4000244140625</ele>
      </trkpt>
      <trkpt lat="42.84256693907082" lon="-6.770208869129419">
        <ele>1013.2000122070312</ele>
      </trkpt>
      <trkpt lat="42.84256543032825" lon="-6.770184813067317">
        <ele>1013</ele>
      </trkpt>
      <trkpt lat="42.84256249666214" lon="-6.770161679014564">
        <ele>1013</ele>
      </trkpt>
      <trkpt lat="42.84255805425346" lon="-6.7701369524002075">
        <ele>1013</ele>
      </trkpt>
      <trkpt lat="42.842553025111556" lon="-6.770106945186853">
        <ele>1013</ele>
      </trkpt>
      <trkpt lat="42.84254983998835" lon="-6.770084984600544">
        <ele>1013</ele>
      </trkpt>
      <trkpt lat="42.84254623576999" lon="-6.7700624372810125">
        <ele>1013</ele>
      </trkpt>
      <trkpt lat="42.84254447557032" lon="-6.770033352077007">
        <ele>1013</ele>
      </trkpt>
      <trkpt lat="42.84254196099937" lon="-6.770004015415907">
        <ele>1012.7999877929688</ele>
      </trkpt>
      <trkpt lat="42.84253919497132" lon="-6.7699752654880285">
        <ele>1012.7999877929688</ele>
      </trkpt>
      <trkpt lat="42.84253953024745" lon="-6.769947437569499">
        <ele>1012.7999877929688</ele>
      </trkpt>
      <trkpt lat="42.84253969788551" lon="-6.7699201963841915">
        <ele>1012.5999755859375</ele>
      </trkpt>
      <trkpt lat="42.842539278790355" lon="-6.7698857467621565">
        <ele>1012.5999755859375</ele>
      </trkpt>
      <trkpt lat="42.84254061989486" lon="-6.769856410101056">
        <ele>1012.5999755859375</ele>
      </trkpt>
      <trkpt lat="42.84254112280905" lon="-6.769829168915749">
        <ele>1012.5999755859375</ele>
      </trkpt>
      <trkpt lat="42.8425438888371" lon="-6.769791534170508">
        <ele>1012.5999755859375</ele>
      </trkpt>
      <trkpt lat="42.84254631958902" lon="-6.769765466451645">
        <ele>1012.4000244140625</ele>
      </trkpt>
      <trkpt lat="42.8425473254174" lon="-6.769741494208574">
        <ele>1012.4000244140625</ele>
      </trkpt>
      <trkpt lat="42.84254623576999" lon="-6.769708637148142">
        <ele>1012.2000122070312</ele>
      </trkpt>
      <trkpt lat="42.842546068131924" lon="-6.769678043201566">
        <ele>1012</ele>
      </trkpt>
      <trkpt lat="42.842545146122575" lon="-6.769653735682368">
        <ele>1012</ele>
      </trkpt>
      <trkpt lat="42.84254405647516" lon="-6.769624147564173">
        <ele>1012</ele>
      </trkpt>
      <trkpt lat="42.84254455938935" lon="-6.7695974092930555">
        <ele>1012</ele>
      </trkpt>
      <trkpt lat="42.8425438888371" lon="-6.769566815346479">
        <ele>1012</ele>
      </trkpt>
      <trkpt lat="42.842542715370655" lon="-6.769527085125446">
        <ele>1012</ele>
      </trkpt>
      <trkpt lat="42.84254539757967" lon="-6.769493222236633">
        <ele>1012</ele>
      </trkpt>
      <trkpt lat="42.84254791215062" lon="-6.7694575153291225">
        <ele>1012.2000122070312</ele>
      </trkpt>
      <trkpt lat="42.842552438378334" lon="-6.7694183718413115">
        <ele>1012.4000244140625</ele>
      </trkpt>
      <trkpt lat="42.84255629405379" lon="-6.769388699904084">
        <ele>1012.5999755859375</ele>
      </trkpt>
      <trkpt lat="42.84256408922374" lon="-6.769353831186891">
        <ele>1012.5999755859375</ele>
      </trkpt>
      <trkpt lat="42.842572052031755" lon="-6.769316028803587">
        <ele>1012.5999755859375</ele>
      </trkpt>
      <trkpt lat="42.84257926046848" lon="-6.769285099580884">
        <ele>1012.7999877929688</ele>
      </trkpt>
      <trkpt lat="42.842588145285845" lon="-6.7692510690540075">
        <ele>1013</ele>
      </trkpt>
      <trkpt lat="42.84259434789419" lon="-6.769225085154176">
        <ele>1013.2000122070312</ele>
      </trkpt>
      <trkpt lat="42.842599879950285" lon="-6.7692033760249615">
        <ele>1013.2000122070312</ele>
      </trkpt>
      <trkpt lat="42.84260851331055" lon="-6.769175129011273">
        <ele>1013.2000122070312</ele>
      </trkpt>
      <trkpt lat="42.84261731430888" lon="-6.769148474559188">
        <ele>1013.2000122070312</ele>
      </trkpt>
      <trkpt lat="42.842621924355626" lon="-6.76912316121161">
        <ele>1013.2000122070312</ele>
      </trkpt>
      <trkpt lat="42.842625360935926" lon="-6.769093153998256">
        <ele>1013.2000122070312</ele>
      </trkpt>
      <trkpt lat="42.84262988716364" lon="-6.769068259745836">
        <ele>1013.2000122070312</ele>
      </trkpt>
      <trkpt lat="42.84263131208718" lon="-6.769053256139159">
        <ele>1013.2000122070312</ele>
      </trkpt>
      <trkpt lat="42.84263684414327" lon="-6.769044203683734">
        <ele>1013.2000122070312</ele>
      </trkpt>
      <trkpt lat="42.84263818524778" lon="-6.769031547009945">
        <ele>1013.2000122070312</ele>
      </trkpt>
      <trkpt lat="42.84263977780938" lon="-6.769023668020964">
        <ele>1013.5999755859375</ele>
      </trkpt>
      <trkpt lat="42.84264254383743" lon="-6.7690125200897455">
        <ele>1013.7999877929688</ele>
      </trkpt>
      <trkpt lat="42.84264447167516" lon="-6.768998187035322">
        <ele>1013.7999877929688</ele>
      </trkpt>
      <trkpt lat="42.842645812779665" lon="-6.768987625837326">
        <ele>1013.7999877929688</ele>
      </trkpt>
      <trkpt lat="42.84264815971255" lon="-6.768963821232319">
        <ele>1013.5999755859375</ele>
      </trkpt>
      <trkpt lat="42.842652099207044" lon="-6.768924845382571">
        <ele>1013.5999755859375</ele>
      </trkpt>
      <trkpt lat="42.842655619606376" lon="-6.768891233950853">
        <ele>1013.5999755859375</ele>
      </trkpt>
      <trkpt lat="42.842660900205374" lon="-6.768856197595596">
        <ele>1013.4000244140625</ele>
      </trkpt>
      <trkpt lat="42.84266551025212" lon="-6.768823591992259">
        <ele>1013.4000244140625</ele>
      </trkpt>
      <trkpt lat="42.84267045557499" lon="-6.768793836236">
        <ele>1013.4000244140625</ele>
      </trkpt>
      <trkpt lat="42.8426733892411" lon="-6.7687692772597075">
        <ele>1013.2000122070312</ele>
      </trkpt>
      <trkpt lat="42.84267749637365" lon="-6.768735330551863">
        <ele>1013.2000122070312</ele>
      </trkpt>
      <trkpt lat="42.8426802624017" lon="-6.76870834082365">
        <ele>1013.2000122070312</ele>
      </trkpt>
      <trkpt lat="42.842682525515556" lon="-6.768681602552533">
        <ele>1013.2000122070312</ele>
      </trkpt>
      <trkpt lat="42.842683950439095" lon="-6.768649583682418">
        <ele>1013</ele>
      </trkpt>
      <trkpt lat="42.84268327988684" lon="-6.768624521791935">
        <ele>1012.7999877929688</ele>
      </trkpt>
      <trkpt lat="42.84268353134394" lon="-6.768599795177579">
        <ele>1012.7999877929688</ele>
      </trkpt>
      <trkpt lat="42.842683866620064" lon="-6.768571967259049">
        <ele>1012.5999755859375</ele>
      </trkpt>
      <trkpt lat="42.842684369534254" lon="-6.768543720245361">
        <ele>1012.5999755859375</ele>
      </trkpt>
      <trkpt lat="42.84268571063876" lon="-6.768514886498451">
        <ele>1012.4000244140625</ele>
      </trkpt>
      <trkpt lat="42.84268177114427" lon="-6.76848404109478">
        <ele>1012.4000244140625</ele>
      </trkpt>
      <trkpt lat="42.84268059767783" lon="-6.7684562131762505">
        <ele>1012.4000244140625</ele>
      </trkpt>
      <trkpt lat="42.842677580192685" lon="-6.768426122143865">
        <ele>1012.4000244140625</ele>
      </trkpt>
      <trkpt lat="42.842673724517226" lon="-6.768396534025669">
        <ele>1012.4000244140625</ele>
      </trkpt>
      <trkpt lat="42.84267104230821" lon="-6.768365353345871">
        <ele>1012.2000122070312</ele>
      </trkpt>
      <trkpt lat="42.84267062321305" lon="-6.7683379445225">
        <ele>1012.2000122070312</ele>
      </trkpt>
      <trkpt lat="42.84266861155629" lon="-6.768315481022">
        <ele>1012.2000122070312</ele>
      </trkpt>
      <trkpt lat="42.84266576170921" lon="-6.76828857511282">
        <ele>1012.2000122070312</ele>
      </trkpt>
      <trkpt lat="42.842664336785674" lon="-6.768263932317495">
        <ele>1012</ele>
      </trkpt>
      <trkpt lat="42.84265989437699" lon="-6.768242809921503">
        <ele>1011.7999877929688</ele>
      </trkpt>
      <trkpt lat="42.84265696071088" lon="-6.768211629241705">
        <ele>1011.7999877929688</ele>
      </trkpt>
      <trkpt lat="42.8426562063396" lon="-6.768184388056397">
        <ele>1011.7999877929688</ele>
      </trkpt>
      <trkpt lat="42.84265486523509" lon="-6.768158487975597">
        <ele>1011.5999755859375</ele>
      </trkpt>
      <trkpt lat="42.8426559548825" lon="-6.768121691420674">
        <ele>1011.4000244140625</ele>
      </trkpt>
      <trkpt lat="42.8426562063396" lon="-6.768094701692462">
        <ele>1011.2000122070312</ele>
      </trkpt>
      <trkpt lat="42.842656122520566" lon="-6.768075674772263">
        <ele>1011.2000122070312</ele>
      </trkpt>
      <trkpt lat="42.84265679307282" lon="-6.768047343939543">
        <ele>1011.2000122070312</ele>
      </trkpt>
      <trkpt lat="42.84265687689185" lon="-6.76802228204906">
        <ele>1011</ele>
      </trkpt>
      <trkpt lat="42.842658469453454" lon="-6.767996298149228">
        <ele>1011</ele>
      </trkpt>
      <trkpt lat="42.842662408947945" lon="-6.767960339784622">
        <ele>1011</ele>
      </trkpt>
      <trkpt lat="42.842664420604706" lon="-6.767935445532203">
        <ele>1011</ele>
      </trkpt>
      <trkpt lat="42.842669282108545" lon="-6.767902756109834">
        <ele>1011</ele>
      </trkpt>
      <trkpt lat="42.84267405979335" lon="-6.767872581258416">
        <ele>1011</ele>
      </trkpt>
      <trkpt lat="42.84267623908818" lon="-6.767851542681456">
        <ele>1011</ele>
      </trkpt>
      <trkpt lat="42.84267967566848" lon="-6.767826732248068">
        <ele>1011</ele>
      </trkpt>
      <trkpt lat="42.84268311224878" lon="-6.767801167443395">
        <ele>1010.7999877929688</ele>
      </trkpt>
      <trkpt lat="42.842683866620064" lon="-6.76777652464807">
        <ele>1010.7999877929688</ele>
      </trkpt>
      <trkpt lat="42.8426855430007" lon="-6.76774961873889">
        <ele>1010.5999755859375</ele>
      </trkpt>
      <trkpt lat="42.84268772229552" lon="-6.767724975943565">
        <ele>1010.4000244140625</ele>
      </trkpt>
      <trkpt lat="42.842688309028745" lon="-6.767701506614685">
        <ele>1010.4000244140625</ele>
      </trkpt>
      <trkpt lat="42.84268948249519" lon="-6.767676863819361">
        <ele>1010.2000122070312</ele>
      </trkpt>
      <trkpt lat="42.84269065596163" lon="-6.7676477786153555">
        <ele>1010.2000122070312</ele>
      </trkpt>
      <trkpt lat="42.84268864430487" lon="-6.767619950696826">
        <ele>1010.2000122070312</ele>
      </trkpt>
      <trkpt lat="42.84268755465746" lon="-6.767588518559933">
        <ele>1010</ele>
      </trkpt>
      <trkpt lat="42.842686800286174" lon="-6.7675623670220375">
        <ele>1010</ele>
      </trkpt>
      <trkpt lat="42.84268621355295" lon="-6.767538143321872">
        <ele>1010</ele>
      </trkpt>
      <trkpt lat="42.84268763847649" lon="-6.7675108183175325">
        <ele>1010</ele>
      </trkpt>
      <trkpt lat="42.842690236866474" lon="-6.767479553818703">
        <ele>1010</ele>
      </trkpt>
      <trkpt lat="42.84268956631422" lon="-6.767456168308854">
        <ele>1010</ele>
      </trkpt>
      <trkpt lat="42.84268939867616" lon="-6.767427083104849">
        <ele>1010</ele>
      </trkpt>
      <trkpt lat="42.84268814139068" lon="-6.767396153882146">
        <ele>1010</ele>
      </trkpt>
      <trkpt lat="42.842687889933586" lon="-6.76736849360168">
        <ele>1010</ele>
      </trkpt>
      <trkpt lat="42.84268939867616" lon="-6.767340498045087">
        <ele>1009.7999877929688</ele>
      </trkpt>
      <trkpt lat="42.84269065596163" lon="-6.767307473346591">
        <ele>1009.7999877929688</ele>
      </trkpt>
      <trkpt lat="42.8426905721426" lon="-6.7672734428197145">
        <ele>1009.7999877929688</ele>
      </trkpt>
      <trkpt lat="42.842689817771316" lon="-6.767240334302187">
        <ele>1009.5999755859375</ele>
      </trkpt>
      <trkpt lat="42.84269040450454" lon="-6.767218625172973">
        <ele>1009.4000244140625</ele>
      </trkpt>
      <trkpt lat="42.842689231038094" lon="-6.767199346795678">
        <ele>1009.4000244140625</ele>
      </trkpt>
      <trkpt lat="42.84268571063876" lon="-6.767172273248434">
        <ele>1009.2000122070312</ele>
      </trkpt>
      <trkpt lat="42.84268411807716" lon="-6.767150145024061">
        <ele>1009</ele>
      </trkpt>
      <trkpt lat="42.842685375362635" lon="-6.767126591876149">
        <ele>1008.7999877929688</ele>
      </trkpt>
      <trkpt lat="42.842685375362635" lon="-6.767089543864131">
        <ele>1008.7999877929688</ele>
      </trkpt>
      <trkpt lat="42.842685878276825" lon="-6.767065739259124">
        <ele>1008.7999877929688</ele>
      </trkpt>
      <trkpt lat="42.84268696792424" lon="-6.767045622691512">
        <ele>1008.5999755859375</ele>
      </trkpt>
      <trkpt lat="42.842688811942935" lon="-6.767019722610712">
        <ele>1008.4000244140625</ele>
      </trkpt>
      <trkpt lat="42.842689314857125" lon="-6.766993068158627">
        <ele>1008.4000244140625</ele>
      </trkpt>
      <trkpt lat="42.84268948249519" lon="-6.76697270013392">
        <ele>1008.2000122070312</ele>
      </trkpt>
      <trkpt lat="42.842689733952284" lon="-6.766942944377661">
        <ele>1008.2000122070312</ele>
      </trkpt>
      <trkpt lat="42.842690236866474" lon="-6.766922241076827">
        <ele>1008</ele>
      </trkpt>
      <trkpt lat="42.842692248523235" lon="-6.766895167529583">
        <ele>1008</ele>
      </trkpt>
      <trkpt lat="42.84269459545612" lon="-6.766864908859134">
        <ele>1007.7999877929688</ele>
      </trkpt>
      <trkpt lat="42.84269476309419" lon="-6.766835656017065">
        <ele>1007.5999755859375</ele>
      </trkpt>
      <trkpt lat="42.84269736148417" lon="-6.766809588298202">
        <ele>1007.5999755859375</ele>
      </trkpt>
      <trkpt lat="42.842700043693185" lon="-6.766781592741609">
        <ele>1007.4000244140625</ele>
      </trkpt>
      <trkpt lat="42.84270029515028" lon="-6.766762230545282">
        <ele>1007.2000122070312</ele>
      </trkpt>
      <trkpt lat="42.8427008818835" lon="-6.766742281615734">
        <ele>1007.2000122070312</ele>
      </trkpt>
      <trkpt lat="42.84270180389285" lon="-6.766705149784684">
        <ele>1007</ele>
      </trkpt>
      <trkpt lat="42.842701552435756" lon="-6.766683524474502">
        <ele>1006.7999877929688</ele>
      </trkpt>
      <trkpt lat="42.84269979223609" lon="-6.766655026003718">
        <ele>1006.5999755859375</ele>
      </trkpt>
      <trkpt lat="42.84269887022674" lon="-6.766625521704555">
        <ele>1006.5999755859375</ele>
      </trkpt>
      <trkpt lat="42.84269794821739" lon="-6.766604231670499">
        <ele>1006.4000244140625</ele>
      </trkpt>
      <trkpt lat="42.84269526600838" lon="-6.766579505056143">
        <ele>1006.4000244140625</ele>
      </trkpt>
      <trkpt lat="42.84269291907549" lon="-6.766553604975343">
        <ele>1006.2000122070312</ele>
      </trkpt>
      <trkpt lat="42.84269115887582" lon="-6.766530638560653">
        <ele>1006.2000122070312</ele>
      </trkpt>
      <trkpt lat="42.84268856048584" lon="-6.766499290242791">
        <ele>1006.2000122070312</ele>
      </trkpt>
      <trkpt lat="42.842685375362635" lon="-6.766469199210405">
        <ele>1006</ele>
      </trkpt>
      <trkpt lat="42.842682944610715" lon="-6.766442880034447">
        <ele>1006</ele>
      </trkpt>
      <trkpt lat="42.842681435868144" lon="-6.766416979953647">
        <ele>1005.7999877929688</ele>
      </trkpt>
      <trkpt lat="42.84267816692591" lon="-6.766391163691878">
        <ele>1005.5999755859375</ele>
      </trkpt>
      <trkpt lat="42.84267540089786" lon="-6.766369538381696">
        <ele>1005.4000244140625</ele>
      </trkpt>
      <trkpt lat="42.84267112612724" lon="-6.766340788453817">
        <ele>1005.4000244140625</ele>
      </trkpt>
      <trkpt lat="42.84266768954694" lon="-6.766316648572683">
        <ele>1005.2000122070312</ele>
      </trkpt>
      <trkpt lat="42.84266408532858" lon="-6.7662939336150885">
        <ele>1005</ele>
      </trkpt>
      <trkpt lat="42.84266425296664" lon="-6.7662641778588295">
        <ele>1005</ele>
      </trkpt>
      <trkpt lat="42.842662911862135" lon="-6.766240540891886">
        <ele>1005</ele>
      </trkpt>
      <trkpt lat="42.84266157075763" lon="-6.766211707144976">
        <ele>1004.7999877929688</ele>
      </trkpt>
      <trkpt lat="42.84266375005245" lon="-6.7661855556070805">
        <ele>1004.7999877929688</ele>
      </trkpt>
      <trkpt lat="42.84266173839569" lon="-6.766158901154995">
        <ele>1004.7999877929688</ele>
      </trkpt>
      <trkpt lat="42.84265922382474" lon="-6.76613911986351">
        <ele>1004.5999755859375</ele>
      </trkpt>
      <trkpt lat="42.84265813417733" lon="-6.766122104600072">
        <ele>1004.4000244140625</ele>
      </trkpt>
      <trkpt lat="42.8426577989012" lon="-6.766103245317936">
        <ele>1004.4000244140625</ele>
      </trkpt>
      <trkpt lat="42.84265578724444" lon="-6.766075249761343">
        <ele>1004.2000122070312</ele>
      </trkpt>
      <trkpt lat="42.84265729598701" lon="-6.76604968495667">
        <ele>1004.2000122070312</ele>
      </trkpt>
      <trkpt lat="42.842658469453454" lon="-6.76601598970592">
        <ele>1004.2000122070312</ele>
      </trkpt>
      <trkpt lat="42.84265687689185" lon="-6.765991682186723">
        <ele>1004</ele>
      </trkpt>
      <trkpt lat="42.842652099207044" lon="-6.765966536477208">
        <ele>1003.7999877929688</ele>
      </trkpt>
      <trkpt lat="42.84264941699803" lon="-6.765936529263854">
        <ele>1003.4000244140625</ele>
      </trkpt>
      <trkpt lat="42.84264598041773" lon="-6.765913814306259">
        <ele>1003.4000244140625</ele>
      </trkpt>
      <trkpt lat="42.84264405258" lon="-6.7658874951303005">
        <ele>1003.4000244140625</ele>
      </trkpt>
      <trkpt lat="42.84264019690454" lon="-6.76585572771728">
        <ele>1003.4000244140625</ele>
      </trkpt>
      <trkpt lat="42.84263726323843" lon="-6.765824547037482">
        <ele>1003.4000244140625</ele>
      </trkpt>
      <trkpt lat="42.84263642504811" lon="-6.765804179012775">
        <ele>1003.4000244140625</ele>
      </trkpt>
      <trkpt lat="42.84263743087649" lon="-6.765789343044162">
        <ele>1003.4000244140625</ele>
      </trkpt>
      <trkpt lat="42.84263935871422" lon="-6.765776518732309">
        <ele>1003.4000244140625</ele>
      </trkpt>
      <trkpt lat="42.842637514695525" lon="-6.765766125172377">
        <ele>1003</ele>
      </trkpt>
      <trkpt lat="42.84263810142875" lon="-6.76575506106019">
        <ele>1002.5999755859375</ele>
      </trkpt>
      <trkpt lat="42.84264396876097" lon="-6.765748439356685">
        <ele>1002.4000244140625</ele>
      </trkpt>
      <trkpt lat="42.84264296293259" lon="-6.76574332639575">
        <ele>1002.4000244140625</ele>
      </trkpt>
      <trkpt lat="42.84263826906681" lon="-6.7657378781586885">
        <ele>1002.2000122070312</ele>
      </trkpt>
      <trkpt lat="42.84263667650521" lon="-6.765729412436485">
        <ele>1002</ele>
      </trkpt>
      <trkpt lat="42.84263089299202" lon="-6.765718767419457">
        <ele>1001.7999877929688</ele>
      </trkpt>
      <trkpt lat="42.842624774202704" lon="-6.765706529840827">
        <ele>1001.5999755859375</ele>
      </trkpt>
      <trkpt lat="42.84262100234628" lon="-6.765695717185736">
        <ele>1001.4000244140625</ele>
      </trkpt>
      <trkpt lat="42.842616476118565" lon="-6.765682976692915">
        <ele>1001.4000244140625</ele>
      </trkpt>
      <trkpt lat="42.84261220134795" lon="-6.7656672187149525">
        <ele>1001.2000122070312</ele>
      </trkpt>
      <trkpt lat="42.84260809421539" lon="-6.765652466565371">
        <ele>1001</ele>
      </trkpt>
      <trkpt lat="42.842603232711554" lon="-6.765637546777725">
        <ele>1000.5999755859375</ele>
      </trkpt>
      <trkpt lat="42.84260004758835" lon="-6.765624973922968">
        <ele>1000.5999755859375</ele>
      </trkpt>
      <trkpt lat="42.842597449198365" lon="-6.765621453523636">
        <ele>1000.5999755859375</ele>
      </trkpt>
      <trkpt lat="42.8425904083997" lon="-6.765609635040164">
        <ele>1000.5999755859375</ele>
      </trkpt>
      <trkpt lat="42.84258688800037" lon="-6.7656024266034365">
        <ele>1000.4000244140625</ele>
      </trkpt>
      <trkpt lat="42.84258781000972" lon="-6.765601756051183">
        <ele>1000.4000244140625</ele>
      </trkpt>
      <trkpt lat="42.842589151114225" lon="-6.765602845698595">
        <ele>1000.4000244140625</ele>
      </trkpt>
      <trkpt lat="42.842591078951955" lon="-6.765609551221132">
        <ele>1000.4000244140625</ele>
      </trkpt>
      <trkpt lat="42.84259091131389" lon="-6.765603767707944">
        <ele>1000.2000122070312</ele>
      </trkpt>
      <trkpt lat="42.842590156942606" lon="-6.7655927035957575">
        <ele>999.7999877929688</ele>
      </trkpt>
      <trkpt lat="42.84258739091456" lon="-6.765581723302603">
        <ele>999.7999877929688</ele>
      </trkpt>
      <trkpt lat="42.842586720362306" lon="-6.765574682503939">
        <ele>999.4000244140625</ele>
      </trkpt>
      <trkpt lat="42.84258345142007" lon="-6.76556303165853">
        <ele>999.4000244140625</ele>
      </trkpt>
      <trkpt lat="42.8425785060972" lon="-6.765545094385743">
        <ele>999.2000122070312</ele>
      </trkpt>
      <trkpt lat="42.84257582388818" lon="-6.765537802129984">
        <ele>999</ele>
      </trkpt>
      <trkpt lat="42.84257129766047" lon="-6.765522714704275">
        <ele>998.7999877929688</ele>
      </trkpt>
      <trkpt lat="42.84256878308952" lon="-6.765512153506279">
        <ele>998.7999877929688</ele>
      </trkpt>
      <trkpt lat="42.84256844781339" lon="-6.7654987424612045">
        <ele>998.5999755859375</ele>
      </trkpt>
      <trkpt lat="42.84256702288985" lon="-6.765488600358367">
        <ele>998.4000244140625</ele>
      </trkpt>
      <trkpt lat="42.84256744198501" lon="-6.765478206798434">
        <ele>998.2000122070312</ele>
      </trkpt>
      <trkpt lat="42.84256601706147" lon="-6.7654642928391695">
        <ele>998</ele>
      </trkpt>
      <trkpt lat="42.84256576560438" lon="-6.7654528096318245">
        <ele>998</ele>
      </trkpt>
      <trkpt lat="42.84256543032825" lon="-6.765441494062543">
        <ele>998</ele>
      </trkpt>
      <trkpt lat="42.842562245205045" lon="-6.765432609245181">
        <ele>998</ele>
      </trkpt>
      <trkpt lat="42.8425592277199" lon="-6.765422215685248">
        <ele>997.5999755859375</ele>
      </trkpt>
      <trkpt lat="42.842558305710554" lon="-6.765412241220474">
        <ele>997.2000122070312</ele>
      </trkpt>
      <trkpt lat="42.84255520440638" lon="-6.765394723042846">
        <ele>997.2000122070312</ele>
      </trkpt>
      <trkpt lat="42.842551935464144" lon="-6.765386341139674">
        <ele>997</ele>
      </trkpt>
      <trkpt lat="42.84254841506481" lon="-6.765370834618807">
        <ele>997</ele>
      </trkpt>
      <trkpt lat="42.84254447557032" lon="-6.765359686687589">
        <ele>996.7999877929688</ele>
      </trkpt>
      <trkpt lat="42.84253986552358" lon="-6.7653523944318295">
        <ele>996.5999755859375</ele>
      </trkpt>
      <trkpt lat="42.842540200799704" lon="-6.765341749414802">
        <ele>996.5999755859375</ele>
      </trkpt>
      <trkpt lat="42.84253374673426" lon="-6.765315178781748">
        <ele>996.4000244140625</ele>
      </trkpt>
      <trkpt lat="42.84252821467817" lon="-6.765299923717976">
        <ele>996.4000244140625</ele>
      </trkpt>
      <trkpt lat="42.84252452664077" lon="-6.7652881890535355">
        <ele>996.2000122070312</ele>
      </trkpt>
      <trkpt lat="42.84252192825079" lon="-6.765280058607459">
        <ele>996</ele>
      </trkpt>
      <trkpt lat="42.84251840785146" lon="-6.765272598713636">
        <ele>995.7999877929688</ele>
      </trkpt>
      <trkpt lat="42.84251379780471" lon="-6.76526203751564">
        <ele>995.5999755859375</ele>
      </trkpt>
      <trkpt lat="42.84250667318702" lon="-6.76525080576539">
        <ele>995.4000244140625</ele>
      </trkpt>
      <trkpt lat="42.842498710379004" lon="-6.765237478539348">
        <ele>995.2000122070312</ele>
      </trkpt>
      <trkpt lat="42.8424920886755" lon="-6.765226749703288">
        <ele>994.7999877929688</ele>
      </trkpt>
      <trkpt lat="42.842484042048454" lon="-6.7652045376598835">
        <ele>994.5999755859375</ele>
      </trkpt>
      <trkpt lat="42.84248219802976" lon="-6.765194395557046">
        <ele>994.5999755859375</ele>
      </trkpt>
      <trkpt lat="42.84247683361173" lon="-6.765183247625828">
        <ele>994.4000244140625</ele>
      </trkpt>
      <trkpt lat="42.842472894117236" lon="-6.765170590952039">
        <ele>994.2000122070312</ele>
      </trkpt>
      <trkpt lat="42.84246903844178" lon="-6.765156593173742">
        <ele>994</ele>
      </trkpt>
      <trkpt lat="42.84247213974595" lon="-6.765147624537349">
        <ele>993.7999877929688</ele>
      </trkpt>
      <trkpt lat="42.84247021190822" lon="-6.76513890735805">
        <ele>993.5999755859375</ele>
      </trkpt>
      <trkpt lat="42.84246610477567" lon="-6.765130273997784">
        <ele>993.5999755859375</ele>
      </trkpt>
      <trkpt lat="42.842464596033096" lon="-6.765118120238185">
        <ele>993.4000244140625</ele>
      </trkpt>
      <trkpt lat="42.84246291965246" lon="-6.765103116631508">
        <ele>993.4000244140625</ele>
      </trkpt>
      <trkpt lat="42.84245839342475" lon="-6.765091130509973">
        <ele>993</ele>
      </trkpt>
      <trkpt lat="42.84245294518769" lon="-6.765079647302628">
        <ele>992.7999877929688</ele>
      </trkpt>
      <trkpt lat="42.84244732931256" lon="-6.765070343390107">
        <ele>992.5999755859375</ele>
      </trkpt>
      <trkpt lat="42.84243877977133" lon="-6.765053914859891">
        <ele>992.4000244140625</ele>
      </trkpt>
      <trkpt lat="42.842430816963315" lon="-6.7650416772812605">
        <ele>992</ele>
      </trkpt>
      <trkpt lat="42.842420591041446" lon="-6.765027260407805">
        <ele>991.7999877929688</ele>
      </trkpt>
      <trkpt lat="42.84241195768118" lon="-6.765017369762063">
        <ele>991.5999755859375</ele>
      </trkpt>
      <trkpt lat="42.84240600652993" lon="-6.76500940695405">
        <ele>991.4000244140625</ele>
      </trkpt>
      <trkpt lat="42.84239645116031" lon="-6.7649981752038">
        <ele>991.2000122070312</ele>
      </trkpt>
      <trkpt lat="42.84239041619003" lon="-6.7649860214442015">
        <ele>991</ele>
      </trkpt>
      <trkpt lat="42.842385889962316" lon="-6.764972610399127">
        <ele>990.7999877929688</ele>
      </trkpt>
      <trkpt lat="42.84237868152559" lon="-6.764957187697291">
        <ele>990.5999755859375</ele>
      </trkpt>
      <trkpt lat="42.842374658212066" lon="-6.764936568215489">
        <ele>990.2000122070312</ele>
      </trkpt>
      <trkpt lat="42.84237097017467" lon="-6.76491997204721">
        <ele>990</ele>
      </trkpt>
      <trkpt lat="42.84236895851791" lon="-6.764906141906977">
        <ele>990</ele>
      </trkpt>
      <trkpt lat="42.842363929376006" lon="-6.764894491061568">
        <ele>989.7999877929688</ele>
      </trkpt>
      <trkpt lat="42.84235345199704" lon="-6.764874123036861">
        <ele>989.4000244140625</ele>
      </trkpt>
      <trkpt lat="42.842344399541616" lon="-6.764861550182104">
        <ele>989</ele>
      </trkpt>
      <trkpt lat="42.842338029295206" lon="-6.764850988984108">
        <ele>988.7999877929688</ele>
      </trkpt>
      <trkpt lat="42.842334089800715" lon="-6.7648328840732574">
        <ele>988.7999877929688</ele>
      </trkpt>
      <trkpt lat="42.84232746809721" lon="-6.764815701171756">
        <ele>988.7999877929688</ele>
      </trkpt>
      <trkpt lat="42.84231917001307" lon="-6.764801451936364">
        <ele>988.5999755859375</ele>
      </trkpt>
      <trkpt lat="42.842308692634106" lon="-6.764785023406148">
        <ele>988.4000244140625</ele>
      </trkpt>
      <trkpt lat="42.842295030131936" lon="-6.764757027849555">
        <ele>987.7999877929688</ele>
      </trkpt>
      <trkpt lat="42.84229075536132" lon="-6.764744706451893">
        <ele>987.5999755859375</ele>
      </trkpt>
      <trkpt lat="42.842282205820084" lon="-6.764732804149389">
        <ele>987.4000244140625</ele>
      </trkpt>
      <trkpt lat="42.84227374009788" lon="-6.764715872704983">
        <ele>987.2000122070312</ele>
      </trkpt>
      <trkpt lat="42.84226393327117" lon="-6.7646988574415445">
        <ele>987</ele>
      </trkpt>
      <trkpt lat="42.84225136041641" lon="-6.764688799157739">
        <ele>986.5999755859375</ele>
      </trkpt>
      <trkpt lat="42.842236859723926" lon="-6.764678992331028">
        <ele>986.4000244140625</ele>
      </trkpt>
      <trkpt lat="42.842224622145295" lon="-6.764663737267256">
        <ele>986.2000122070312</ele>
      </trkpt>
      <trkpt lat="42.84221364185214" lon="-6.76464487798512">
        <ele>986</ele>
      </trkpt>
      <trkpt lat="42.84220760688186" lon="-6.76462585106492">
        <ele>986</ele>
      </trkpt>
      <trkpt lat="42.842197800055146" lon="-6.764601124450564">
        <ele>985.7999877929688</ele>
      </trkpt>
      <trkpt lat="42.84219469875097" lon="-6.764585031196475">
        <ele>985.7999877929688</ele>
      </trkpt>
      <trkpt lat="42.84218573011458" lon="-6.764565836638212">
        <ele>985.5999755859375</ele>
      </trkpt>
      <trkpt lat="42.84217692911625" lon="-6.764534655958414">
        <ele>985.2000122070312</ele>
      </trkpt>
      <trkpt lat="42.8421675413847" lon="-6.764511941000819">
        <ele>985</ele>
      </trkpt>
      <trkpt lat="42.842160584405065" lon="-6.764493668451905">
        <ele>984.7999877929688</ele>
      </trkpt>
      <trkpt lat="42.84215094521642" lon="-6.764468103647232">
        <ele>984.5999755859375</ele>
      </trkpt>
      <trkpt lat="42.84214130602777" lon="-6.764443963766098">
        <ele>984.2000122070312</ele>
      </trkpt>
      <trkpt lat="42.84212965518236" lon="-6.764427786692977">
        <ele>984.2000122070312</ele>
      </trkpt>
      <trkpt lat="42.842116076499224" lon="-6.764410184696317">
        <ele>984</ele>
      </trkpt>
      <trkpt lat="42.84210182726383" lon="-6.764394091442227">
        <ele>983.7999877929688</ele>
      </trkpt>
      <trkpt lat="42.84209034405649" lon="-6.764377159997821">
        <ele>983.5999755859375</ele>
      </trkpt>
      <trkpt lat="42.84207827411592" lon="-6.76435905508697">
        <ele>983.5999755859375</ele>
      </trkpt>
      <trkpt lat="42.84207156859338" lon="-6.764335669577122">
        <ele>983.5999755859375</ele>
      </trkpt>
      <trkpt lat="42.84205933101475" lon="-6.764324521645904">
        <ele>983.5999755859375</ele>
      </trkpt>
      <trkpt lat="42.842049691826105" lon="-6.764290742576122">
        <ele>983.5999755859375</ele>
      </trkpt>
      <trkpt lat="42.84203284420073" lon="-6.764256544411182">
        <ele>983.4000244140625</ele>
      </trkpt>
      <trkpt lat="42.84202027134597" lon="-6.764231650158763">
        <ele>983.4000244140625</ele>
      </trkpt>
      <trkpt lat="42.842014487832785" lon="-6.764209186658263">
        <ele>983.4000244140625</ele>
      </trkpt>
      <trkpt lat="42.84200510010123" lon="-6.764182532206178">
        <ele>983.4000244140625</ele>
      </trkpt>
      <trkpt lat="42.84199411980808" lon="-6.764159565791488">
        <ele>983.5999755859375</ele>
      </trkpt>
      <trkpt lat="42.84198389388621" lon="-6.764131234958768">
        <ele>983.5999755859375</ele>
      </trkpt>
      <trkpt lat="42.84197626635432" lon="-6.7641001380980015">
        <ele>983.5999755859375</ele>
      </trkpt>
      <trkpt lat="42.84196604043245" lon="-6.764068119227886">
        <ele>983.5999755859375</ele>
      </trkpt>
      <trkpt lat="42.841959334909916" lon="-6.764041297137737">
        <ele>983.5999755859375</ele>
      </trkpt>
      <trkpt lat="42.841954892501235" lon="-6.764014810323715">
        <ele>983.5999755859375</ele>
      </trkpt>
      <trkpt lat="42.84194743260741" lon="-6.763983462005854">
        <ele>983.5999755859375</ele>
      </trkpt>
      <trkpt lat="42.8419444989413" lon="-6.763952951878309">
        <ele>983.5999755859375</ele>
      </trkpt>
      <trkpt lat="42.841944079846144" lon="-6.7639219388365746">
        <ele>983.5999755859375</ele>
      </trkpt>
      <trkpt lat="42.84193913452327" lon="-6.763895871117711">
        <ele>983.5999755859375</ele>
      </trkpt>
      <trkpt lat="42.84193712286651" lon="-6.7638724856078625">
        <ele>983.7999877929688</ele>
      </trkpt>
      <trkpt lat="42.841933434829116" lon="-6.763836108148098">
        <ele>983.7999877929688</ele>
      </trkpt>
      <trkpt lat="42.84192790277302" lon="-6.763806017115712">
        <ele>983.7999877929688</ele>
      </trkpt>
      <trkpt lat="42.841922705993056" lon="-6.7637705616652966">
        <ele>983.7999877929688</ele>
      </trkpt>
      <trkpt lat="42.8419185988605" lon="-6.763729155063629">
        <ele>983.7999877929688</ele>
      </trkpt>
      <trkpt lat="42.8419154137373" lon="-6.763700656592846">
        <ele>983.7999877929688</ele>
      </trkpt>
      <trkpt lat="42.84191264770925" lon="-6.763667548075318">
        <ele>983.5999755859375</ele>
      </trkpt>
      <trkpt lat="42.841907031834126" lon="-6.763632260262966">
        <ele>983.5999755859375</ele>
      </trkpt>
      <trkpt lat="42.841906528919935" lon="-6.763596972450614">
        <ele>983.5999755859375</ele>
      </trkpt>
      <trkpt lat="42.84190284088254" lon="-6.763572497293353">
        <ele>983.4000244140625</ele>
      </trkpt>
      <trkpt lat="42.84189320169389" lon="-6.7635411489754915">
        <ele>983.4000244140625</ele>
      </trkpt>
      <trkpt lat="42.84188272431493" lon="-6.763516338542104">
        <ele>983.4000244140625</ele>
      </trkpt>
      <trkpt lat="42.84187124110758" lon="-6.763492953032255">
        <ele>983.2000122070312</ele>
      </trkpt>
      <trkpt lat="42.84185824915767" lon="-6.763467136770487">
        <ele>983.2000122070312</ele>
      </trkpt>
      <trkpt lat="42.8418480232358" lon="-6.763447858393192">
        <ele>983.2000122070312</ele>
      </trkpt>
      <trkpt lat="42.84183821640909" lon="-6.763429418206215">
        <ele>983.2000122070312</ele>
      </trkpt>
      <trkpt lat="42.84183192998171" lon="-6.763396896421909">
        <ele>983.2000122070312</ele>
      </trkpt>
      <trkpt lat="42.84182455390692" lon="-6.763375606387854">
        <ele>983.2000122070312</ele>
      </trkpt>
      <trkpt lat="42.84182044677436" lon="-6.763352220878005">
        <ele>983.2000122070312</ele>
      </trkpt>
      <trkpt lat="42.84180988557637" lon="-6.763321543112397">
        <ele>983.2000122070312</ele>
      </trkpt>
      <trkpt lat="42.84179538488388" lon="-6.763296397402883">
        <ele>983.2000122070312</ele>
      </trkpt>
      <trkpt lat="42.84178465604782" lon="-6.763271586969495">
        <ele>983.4000244140625</ele>
      </trkpt>
      <trkpt lat="42.84176797606051" lon="-6.763237891718745">
        <ele>983.4000244140625</ele>
      </trkpt>
      <trkpt lat="42.84175540320575" lon="-6.763215595856309">
        <ele>983.4000244140625</ele>
      </trkpt>
      <trkpt lat="42.841743333265185" lon="-6.763196066021919">
        <ele>983.4000244140625</ele>
      </trkpt>
      <trkpt lat="42.84172799438238" lon="-6.763159018009901">
        <ele>983.4000244140625</ele>
      </trkpt>
      <trkpt lat="42.841718941926956" lon="-6.763134375214577">
        <ele>983.4000244140625</ele>
      </trkpt>
      <trkpt lat="42.84170988947153" lon="-6.763113001361489">
        <ele>983.2000122070312</ele>
      </trkpt>
      <trkpt lat="42.84169388003647" lon="-6.763083329424262">
        <ele>983.2000122070312</ele>
      </trkpt>
      <trkpt lat="42.841683737933636" lon="-6.763064553961158">
        <ele>983.2000122070312</ele>
      </trkpt>
      <trkpt lat="42.84167259000242" lon="-6.763048125430942">
        <ele>983</ele>
      </trkpt>
      <trkpt lat="42.841658759862185" lon="-6.763019375503063">
        <ele>983</ele>
      </trkpt>
      <trkpt lat="42.841646019369364" lon="-6.7629912961274385">
        <ele>983</ele>
      </trkpt>
      <trkpt lat="42.84163562580943" lon="-6.762968078255653">
        <ele>983</ele>
      </trkpt>
      <trkpt lat="42.84162472933531" lon="-6.762934718281031">
        <ele>983</ele>
      </trkpt>
      <trkpt lat="42.84161081537604" lon="-6.7628994304686785">
        <ele>983</ele>
      </trkpt>
      <trkpt lat="42.841601595282555" lon="-6.762859113514423">
        <ele>983</ele>
      </trkpt>
      <trkpt lat="42.84158684313297" lon="-6.762825921177864">
        <ele>983</ele>
      </trkpt>
      <trkpt lat="42.841575695201755" lon="-6.762795243412256">
        <ele>983.2000122070312</ele>
      </trkpt>
      <trkpt lat="42.84156278707087" lon="-6.762773115187883">
        <ele>983.4000244140625</ele>
      </trkpt>
      <trkpt lat="42.841548873111606" lon="-6.76274704746902">
        <ele>983.4000244140625</ele>
      </trkpt>
      <trkpt lat="42.84153839573264" lon="-6.7627141904085875">
        <ele>983.7999877929688</ele>
      </trkpt>
      <trkpt lat="42.84152766689658" lon="-6.762682925909758">
        <ele>983.7999877929688</ele>
      </trkpt>
      <trkpt lat="42.841514088213444" lon="-6.762647554278374">
        <ele>983.7999877929688</ele>
      </trkpt>
      <trkpt lat="42.84150503575802" lon="-6.762623330578208">
        <ele>984</ele>
      </trkpt>
      <trkpt lat="42.84150361083448" lon="-6.762582426890731">
        <ele>984</ele>
      </trkpt>
      <trkpt lat="42.841482320800424" lon="-6.762556107714772">
        <ele>984</ele>
      </trkpt>
      <trkpt lat="42.841459857299924" lon="-6.76252719014883">
        <ele>984</ele>
      </trkpt>
      <trkpt lat="42.841439321637154" lon="-6.762499110773206">
        <ele>984</ele>
      </trkpt>
      <trkpt lat="42.841418869793415" lon="-6.762472623959184">
        <ele>984</ele>
      </trkpt>
      <trkpt lat="42.84139892086387" lon="-6.762450663372874">
        <ele>984.2000122070312</ele>
      </trkpt>
      <trkpt lat="42.8413765411824" lon="-6.762425685301423">
        <ele>984.4000244140625</ele>
      </trkpt>
      <trkpt lat="42.84135759808123" lon="-6.7624075803905725">
        <ele>984.4000244140625</ele>
      </trkpt>
      <trkpt lat="42.841338235884905" lon="-6.762391738593578">
        <ele>984.4000244140625</ele>
      </trkpt>
      <trkpt lat="42.84131828695536" lon="-6.762373046949506">
        <ele>984.4000244140625</ele>
      </trkpt>
      <trkpt lat="42.84129993058741" lon="-6.76235469058156">
        <ele>984.4000244140625</ele>
      </trkpt>
      <trkpt lat="42.84127688035369" lon="-6.7623318918049335">
        <ele>984.4000244140625</ele>
      </trkpt>
      <trkpt lat="42.84125944599509" lon="-6.762316050007939">
        <ele>984.4000244140625</ele>
      </trkpt>
      <trkpt lat="42.84124268218875" lon="-6.762301549315453">
        <ele>984.4000244140625</ele>
      </trkpt>
      <trkpt lat="42.8412227332592" lon="-6.762278582900763">
        <ele>984.5999755859375</ele>
      </trkpt>
      <trkpt lat="42.841204879805446" lon="-6.762258717790246">
        <ele>984.7999877929688</ele>
      </trkpt>
      <trkpt lat="42.841193145141006" lon="-6.762239187955856">
        <ele>985</ele>
      </trkpt>
      <trkpt lat="42.841180404648185" lon="-6.762204067781568">
        <ele>985.2000122070312</ele>
      </trkpt>
      <trkpt lat="42.8411690890789" lon="-6.762174898758531">
        <ele>985.4000244140625</ele>
      </trkpt>
      <trkpt lat="42.84116498194635" lon="-6.76213868893683">
        <ele>985.5999755859375</ele>
      </trkpt>
      <trkpt lat="42.841161377727985" lon="-6.7620971985161304">
        <ele>985.5999755859375</ele>
      </trkpt>
      <trkpt lat="42.84115509130061" lon="-6.762071382254362">
        <ele>985.7999877929688</ele>
      </trkpt>
      <trkpt lat="42.84114981070161" lon="-6.76205126568675">
        <ele>986</ele>
      </trkpt>
      <trkpt lat="42.841141344979405" lon="-6.76202486269176">
        <ele>986</ele>
      </trkpt>
      <trkpt lat="42.841128101572394" lon="-6.761997202411294">
        <ele>986.2000122070312</ele>
      </trkpt>
      <trkpt lat="42.84112055785954" lon="-6.761976750567555">
        <ele>986.2000122070312</ele>
      </trkpt>
      <trkpt lat="42.84111016429961" lon="-6.761946072801948">
        <ele>986</ele>
      </trkpt>
      <trkpt lat="42.84110052511096" lon="-6.761920927092433">
        <ele>986</ele>
      </trkpt>
      <trkpt lat="42.84108920954168" lon="-6.761862672865391">
        <ele>986</ele>
      </trkpt>
      <trkpt lat="42.84108920954168" lon="-6.761862672865391">
        <ele>985.7999877929688</ele>
      </trkpt>
      <trkpt lat="42.84107797779143" lon="-6.7618397902697325">
        <ele>985.5999755859375</ele>
      </trkpt>
      <trkpt lat="42.841067081317306" lon="-6.761814141646028">
        <ele>985.5999755859375</ele>
      </trkpt>
      <trkpt lat="42.841067081317306" lon="-6.761814141646028">
        <ele>985.5999755859375</ele>
      </trkpt>
      <trkpt lat="42.84105299971998" lon="-6.761786732822657">
        <ele>985.2000122070312</ele>
      </trkpt>
      <trkpt lat="42.84103715792298" lon="-6.761761587113142">
        <ele>985</ele>
      </trkpt>
      <trkpt lat="42.841024585068226" lon="-6.761740297079086">
        <ele>985</ele>
      </trkpt>
      <trkpt lat="42.84100815653801" lon="-6.7617137264460325">
        <ele>984.7999877929688</ele>
      </trkpt>
      <trkpt lat="42.840992314741015" lon="-6.761694783344865">
        <ele>984.5999755859375</ele>
      </trkpt>
      <trkpt lat="42.84097638912499" lon="-6.761675253510475">
        <ele>984.4000244140625</ele>
      </trkpt>
      <trkpt lat="42.84095820039511" lon="-6.761647677049041">
        <ele>984.2000122070312</ele>
      </trkpt>
      <trkpt lat="42.84094277769327" lon="-6.761622950434685">
        <ele>983.7999877929688</ele>
      </trkpt>
      <trkpt lat="42.84093338996172" lon="-6.7616053484380245">
        <ele>983.5999755859375</ele>
      </trkpt>
      <trkpt lat="42.84092215821147" lon="-6.761576095595956">
        <ele>983.4000244140625</ele>
      </trkpt>
      <trkpt lat="42.84090765751898" lon="-6.761553548276424">
        <ele>983.2000122070312</ele>
      </trkpt>
      <trkpt lat="42.84089541994035" lon="-6.7615346889942884">
        <ele>983</ele>
      </trkpt>
      <trkpt lat="42.84087865613401" lon="-6.761515326797962">
        <ele>983</ele>
      </trkpt>
      <trkpt lat="42.84086599946022" lon="-6.761485990136862">
        <ele>982.7999877929688</ele>
      </trkpt>
      <trkpt lat="42.8408516664058" lon="-6.761472411453724">
        <ele>982.7999877929688</ele>
      </trkpt>
      <trkpt lat="42.84084009937942" lon="-6.761464029550552">
        <ele>982.5999755859375</ele>
      </trkpt>
      <trkpt lat="42.84082383848727" lon="-6.761455312371254">
        <ele>982.4000244140625</ele>
      </trkpt>
      <trkpt lat="42.84080590121448" lon="-6.761443493887782">
        <ele>982.4000244140625</ele>
      </trkpt>
      <trkpt lat="42.84078544937074" lon="-6.761430166661739">
        <ele>982.2000122070312</ele>
      </trkpt>
      <trkpt lat="42.84076726064086" lon="-6.761414827778935">
        <ele>982</ele>
      </trkpt>
      <trkpt lat="42.84074295312166" lon="-6.761401584371924">
        <ele>981.7999877929688</ele>
      </trkpt>
      <trkpt lat="42.84072333946824" lon="-6.761391693726182">
        <ele>981.5999755859375</ele>
      </trkpt>
      <trkpt lat="42.84069852903485" lon="-6.761380797252059">
        <ele>981.4000244140625</ele>
      </trkpt>
      <trkpt lat="42.84068612381816" lon="-6.761379791423678">
        <ele>981.2000122070312</ele>
      </trkpt>
      <trkpt lat="42.84066801890731" lon="-6.761371325701475">
        <ele>981</ele>
      </trkpt>
      <trkpt lat="42.84064522013068" lon="-6.761356992647052">
        <ele>981</ele>
      </trkpt>
      <trkpt lat="42.840624349191785" lon="-6.761344838887453">
        <ele>980.7999877929688</ele>
      </trkpt>
      <trkpt lat="42.840610183775425" lon="-6.761339893564582">
        <ele>980.7999877929688</ele>
      </trkpt>
      <trkpt lat="42.84058931283653" lon="-6.761331595480442">
        <ele>980.4000244140625</ele>
      </trkpt>
      <trkpt lat="42.840570118278265" lon="-6.761321537196636">
        <ele>980.4000244140625</ele>
      </trkpt>
      <trkpt lat="42.840550588443875" lon="-6.761312820017338">
        <ele>980.2000122070312</ele>
      </trkpt>
      <trkpt lat="42.84052938222885" lon="-6.761299325153232">
        <ele>980</ele>
      </trkpt>
      <trkpt lat="42.84050717018545" lon="-6.761286249384284">
        <ele>980</ele>
      </trkpt>
      <trkpt lat="42.84049300476909" lon="-6.761276610195637">
        <ele>979.7999877929688</ele>
      </trkpt>
      <trkpt lat="42.84047959372401" lon="-6.761267641559243">
        <ele>979.5999755859375</ele>
      </trkpt>
      <trkpt lat="42.84046417102218" lon="-6.7612543143332005">
        <ele>979.5999755859375</ele>
      </trkpt>
      <trkpt lat="42.84044883213937" lon="-6.761240568011999">
        <ele>979.2000122070312</ele>
      </trkpt>
      <trkpt lat="42.84043441526592" lon="-6.761223468929529">
        <ele>979</ele>
      </trkpt>
      <trkpt lat="42.84041899256408" lon="-6.761202933266759">
        <ele>979</ele>
      </trkpt>
      <trkpt lat="42.840406419709325" lon="-6.7611827328801155">
        <ele>979</ele>
      </trkpt>
      <trkpt lat="42.840395690873265" lon="-6.761165466159582">
        <ele>979</ele>
      </trkpt>
      <trkpt lat="42.84038169309497" lon="-6.761141661554575">
        <ele>978.7999877929688</ele>
      </trkpt>
      <trkpt lat="42.840367276221514" lon="-6.761118108406663">
        <ele>978.7999877929688</ele>
      </trkpt>
      <trkpt lat="42.8403542842716" lon="-6.761095058172941">
        <ele>978.7999877929688</ele>
      </trkpt>
      <trkpt lat="42.840342130512" lon="-6.76105834543705">
        <ele>978.7999877929688</ele>
      </trkpt>
      <trkpt lat="42.840333078056574" lon="-6.76102708093822">
        <ele>978.7999877929688</ele>
      </trkpt>
      <trkpt lat="42.840325785800815" lon="-6.760994056239724">
        <ele>978.7999877929688</ele>
      </trkpt>
      <trkpt lat="42.84032100811601" lon="-6.76096061244607">
        <ele>978.7999877929688</ele>
      </trkpt>
      <trkpt lat="42.84032176248729" lon="-6.760927252471447">
        <ele>978.7999877929688</ele>
      </trkpt>
      <trkpt lat="42.84032410942018" lon="-6.760896993800998">
        <ele>979</ele>
      </trkpt>
      <trkpt lat="42.84032930620015" lon="-6.76086631603539">
        <ele>979</ele>
      </trkpt>
      <trkpt lat="42.84033483825624" lon="-6.760847372934222">
        <ele>979.2000122070312</ele>
      </trkpt>
      <trkpt lat="42.840341459959745" lon="-6.760827088728547">
        <ele>979.4000244140625</ele>
      </trkpt>
      <trkpt lat="42.84035151824355" lon="-6.760803032666445">
        <ele>979.4000244140625</ele>
      </trkpt>
      <trkpt lat="42.840360989794135" lon="-6.760781742632389">
        <ele>979.5999755859375</ele>
      </trkpt>
      <trkpt lat="42.84037213772535" lon="-6.760757602751255">
        <ele>979.7999877929688</ele>
      </trkpt>
      <trkpt lat="42.84038714133203" lon="-6.7607286013662815">
        <ele>980.2000122070312</ele>
      </trkpt>
      <trkpt lat="42.84039971418679" lon="-6.760704210028052">
        <ele>980.2000122070312</ele>
      </trkpt>
      <trkpt lat="42.84041245467961" lon="-6.760673616081476">
        <ele>980.2000122070312</ele>
      </trkpt>
      <trkpt lat="42.840424021705985" lon="-6.760633634403348">
        <ele>980.4000244140625</ele>
      </trkpt>
      <trkpt lat="42.840433744713664" lon="-6.7606007773429155">
        <ele>980.5999755859375</ele>
      </trkpt>
      <trkpt lat="42.84044246189296" lon="-6.760563310235739">
        <ele>980.7999877929688</ele>
      </trkpt>
      <trkpt lat="42.8404491674155" lon="-6.760530536994338">
        <ele>981</ele>
      </trkpt>
      <trkpt lat="42.84045645967126" lon="-6.7604991886764765">
        <ele>981</ele>
      </trkpt>
      <trkpt lat="42.84046190790832" lon="-6.760461134836078">
        <ele>981</ele>
      </trkpt>
      <trkpt lat="42.840467020869255" lon="-6.760425344109535">
        <ele>981</ele>
      </trkpt>
      <trkpt lat="42.840470876544714" lon="-6.760396510362625">
        <ele>980.7999877929688</ele>
      </trkpt>
      <trkpt lat="42.84047573804855" lon="-6.760367676615715">
        <ele>980.7999877929688</ele>
      </trkpt>
      <trkpt lat="42.84047699533403" lon="-6.7603507451713085">
        <ele>980.5999755859375</ele>
      </trkpt>
      <trkpt lat="42.840477330610156" lon="-6.760332975536585">
        <ele>980.5999755859375</ele>
      </trkpt>
      <trkpt lat="42.840488562360406" lon="-6.760289976373315">
        <ele>980.5999755859375</ele>
      </trkpt>
      <trkpt lat="42.840494429692626" lon="-6.760263321921229">
        <ele>980.5999755859375</ele>
      </trkpt>
      <trkpt lat="42.84049811773002" lon="-6.760239265859127">
        <ele>980.5999755859375</ele>
      </trkpt>
      <trkpt lat="42.84050700254738" lon="-6.760202217847109">
        <ele>980.5999755859375</ele>
      </trkpt>
      <trkpt lat="42.8405094332993" lon="-6.760174725204706">
        <ele>980.4000244140625</ele>
      </trkpt>
      <trkpt lat="42.84051161259413" lon="-6.760145137086511">
        <ele>980.4000244140625</ele>
      </trkpt>
      <trkpt lat="42.840510942041874" lon="-6.760116387158632">
        <ele>980.4000244140625</ele>
      </trkpt>
      <trkpt lat="42.840509014204144" lon="-6.760090906172991">
        <ele>980</ele>
      </trkpt>
      <trkpt lat="42.84050582908094" lon="-6.760063078254461">
        <ele>980</ele>
      </trkpt>
      <trkpt lat="42.84049526788294" lon="-6.760036759078503">
        <ele>980</ele>
      </trkpt>
      <trkpt lat="42.84047984518111" lon="-6.760013625025749">
        <ele>979.7999877929688</ele>
      </trkpt>
      <trkpt lat="42.84046174027026" lon="-6.7599833663553">
        <ele>979.5999755859375</ele>
      </trkpt>
      <trkpt lat="42.84044397063553" lon="-6.759958555921912">
        <ele>979.4000244140625</ele>
      </trkpt>
      <trkpt lat="42.84042821265757" lon="-6.75993986427784">
        <ele>979.4000244140625</ele>
      </trkpt>
      <trkpt lat="42.84041144885123" lon="-6.759918155148625">
        <ele>979.4000244140625</ele>
      </trkpt>
      <trkpt lat="42.84039627760649" lon="-6.759900720790029">
        <ele>979.2000122070312</ele>
      </trkpt>
      <trkpt lat="42.84037741832435" lon="-6.7598771676421165">
        <ele>979.2000122070312</ele>
      </trkpt>
      <trkpt lat="42.84035738557577" lon="-6.75985487177968">
        <ele>979.2000122070312</ele>
      </trkpt>
      <trkpt lat="42.84034917131066" lon="-6.759842047467828">
        <ele>979.2000122070312</ele>
      </trkpt>
      <trkpt lat="42.840331150218844" lon="-6.759826876223087">
        <ele>979.2000122070312</ele>
      </trkpt>
      <trkpt lat="42.8403091058135" lon="-6.759809693321586">
        <ele>979.2000122070312</ele>
      </trkpt>
      <trkpt lat="42.84028806723654" lon="-6.759792426601052">
        <ele>979</ele>
      </trkpt>
      <trkpt lat="42.840262837707996" lon="-6.759772477671504">
        <ele>979</ele>
      </trkpt>
      <trkpt lat="42.84024246968329" lon="-6.759756384417415">
        <ele>979</ele>
      </trkpt>
      <trkpt lat="42.84022578969598" lon="-6.7597434762865305">
        <ele>978.7999877929688</ele>
      </trkpt>
      <trkpt lat="42.84020299091935" lon="-6.759725036099553">
        <ele>978.7999877929688</ele>
      </trkpt>
      <trkpt lat="42.84018631093204" lon="-6.759713385254145">
        <ele>978.5999755859375</ele>
      </trkpt>
      <trkpt lat="42.840169882401824" lon="-6.759697878733277">
        <ele>978.5999755859375</ele>
      </trkpt>
      <trkpt lat="42.840153370052576" lon="-6.759677175432444">
        <ele>978.5999755859375</ele>
      </trkpt>
      <trkpt lat="42.840139204636216" lon="-6.7596609983593225">
        <ele>978.5999755859375</ele>
      </trkpt>
      <trkpt lat="42.840123446658254" lon="-6.759634930640459">
        <ele>978.4000244140625</ele>
      </trkpt>
      <trkpt lat="42.84011146053672" lon="-6.759609282016754">
        <ele>978.4000244140625</ele>
      </trkpt>
      <trkpt lat="42.8401019051671" lon="-6.759592853486538">
        <ele>978.4000244140625</ele>
      </trkpt>
      <trkpt lat="42.84009402617812" lon="-6.75956804305315">
        <ele>978.4000244140625</ele>
      </trkpt>
      <trkpt lat="42.840092685073614" lon="-6.759557398036122">
        <ele>978.4000244140625</ele>
      </trkpt>
      <trkpt lat="42.84009260125458" lon="-6.759551111608744">
        <ele>978.4000244140625</ele>
      </trkpt>
      <trkpt lat="42.840091260150075" lon="-6.759546669200063">
        <ele>978.4000244140625</ele>
      </trkpt>
      <trkpt lat="42.840087320655584" lon="-6.759540382772684">
        <ele>978.4000244140625</ele>
      </trkpt>
      <trkpt lat="42.84008564427495" lon="-6.75953384488821">
        <ele>978.4000244140625</ele>
      </trkpt>
      <trkpt lat="42.840080447494984" lon="-6.759520433843136">
        <ele>978.4000244140625</ele>
      </trkpt>
      <trkpt lat="42.840072149410844" lon="-6.759507022798061">
        <ele>978.2000122070312</ele>
      </trkpt>
      <trkpt lat="42.84005982801318" lon="-6.759489253163338">
        <ele>978.2000122070312</ele>
      </trkpt>
      <trkpt lat="42.840049685910344" lon="-6.759473914280534">
        <ele>978.2000122070312</ele>
      </trkpt>
      <trkpt lat="42.84003401175141" lon="-6.759454719722271">
        <ele>978</ele>
      </trkpt>
      <trkpt lat="42.84001674503088" lon="-6.759429406374693">
        <ele>977.7999877929688</ele>
      </trkpt>
      <trkpt lat="42.8400019928813" lon="-6.759411217644811">
        <ele>977.7999877929688</ele>
      </trkpt>
      <trkpt lat="42.839991599321365" lon="-6.759392526000738">
        <ele>977.7999877929688</ele>
      </trkpt>
      <trkpt lat="42.839977936819196" lon="-6.759371990337968">
        <ele>977.7999877929688</ele>
      </trkpt>
      <trkpt lat="42.83996435813606" lon="-6.7593553103506565">
        <ele>977.7999877929688</ele>
      </trkpt>
      <trkpt lat="42.839949522167444" lon="-6.759333601221442">
        <ele>977.7999877929688</ele>
      </trkpt>
      <trkpt lat="42.83993812277913" lon="-6.759315328672528">
        <ele>977.7999877929688</ele>
      </trkpt>
      <trkpt lat="42.83992722630501" lon="-6.759293116629124">
        <ele>977.7999877929688</ele>
      </trkpt>
      <trkpt lat="42.83991356380284" lon="-6.759266126900911">
        <ele>977.7999877929688</ele>
      </trkpt>
      <trkpt lat="42.83990199677646" lon="-6.759243160486221">
        <ele>977.7999877929688</ele>
      </trkpt>
      <trkpt lat="42.83989260904491" lon="-6.7592160031199455">
        <ele>977.7999877929688</ele>
      </trkpt>
      <trkpt lat="42.83988447859883" lon="-6.759193707257509">
        <ele>977.7999877929688</ele>
      </trkpt>
      <trkpt lat="42.83987693488598" lon="-6.759173674508929">
        <ele>977.7999877929688</ele>
      </trkpt>
      <trkpt lat="42.839866960421205" lon="-6.759153222665191">
        <ele>977.5999755859375</ele>
      </trkpt>
      <trkpt lat="42.839853800833225" lon="-6.759135704487562">
        <ele>977.5999755859375</ele>
      </trkpt>
      <trkpt lat="42.83984340727329" lon="-6.759120533242822">
        <ele>977.4000244140625</ele>
      </trkpt>
      <trkpt lat="42.839829912409186" lon="-6.7590979021042585">
        <ele>977.4000244140625</ele>
      </trkpt>
      <trkpt lat="42.83981448970735" lon="-6.759078875184059">
        <ele>977.4000244140625</ele>
      </trkpt>
      <trkpt lat="42.839799486100674" lon="-6.759060602635145">
        <ele>977.2000122070312</ele>
      </trkpt>
      <trkpt lat="42.83978062681854" lon="-6.7590393126010895">
        <ele>977.2000122070312</ele>
      </trkpt>
      <trkpt lat="42.83976059406996" lon="-6.759021542966366">
        <ele>977.2000122070312</ele>
      </trkpt>
      <trkpt lat="42.83974592573941" lon="-6.759006371721625">
        <ele>977</ele>
      </trkpt>
      <trkpt lat="42.83972798846662" lon="-6.758986506611109">
        <ele>977</ele>
      </trkpt>
      <trkpt lat="42.83971147611737" lon="-6.758972257375717">
        <ele>976.7999877929688</ele>
      </trkpt>
      <trkpt lat="42.839697394520044" lon="-6.75895968452096">
        <ele>976.7999877929688</ele>
      </trkpt>
      <trkpt lat="42.83968054689467" lon="-6.758940322324634">
        <ele>976.7999877929688</ele>
      </trkpt>
      <trkpt lat="42.8396687284112" lon="-6.758926576003432">
        <ele>976.5999755859375</ele>
      </trkpt>
      <trkpt lat="42.839655904099345" lon="-6.758917942643166">
        <ele>976.4000244140625</ele>
      </trkpt>
      <trkpt lat="42.83963997848332" lon="-6.758907549083233">
        <ele>976.2000122070312</ele>
      </trkpt>
      <trkpt lat="42.83962128683925" lon="-6.758891204372048">
        <ele>976</ele>
      </trkpt>
      <trkpt lat="42.839610390365124" lon="-6.758881229907274">
        <ele>975.5999755859375</ele>
      </trkpt>
      <trkpt lat="42.8395979013294" lon="-6.758863208815455">
        <ele>975.5999755859375</ele>
      </trkpt>
      <trkpt lat="42.83958666957915" lon="-6.758851641789079">
        <ele>975.4000244140625</ele>
      </trkpt>
      <trkpt lat="42.839579125866294" lon="-6.758839739486575">
        <ele>975</ele>
      </trkpt>
      <trkpt lat="42.83956982195377" lon="-6.758821550756693">
        <ele>974.7999877929688</ele>
      </trkpt>
      <trkpt lat="42.83955850638449" lon="-6.758801769465208">
        <ele>974.7999877929688</ele>
      </trkpt>
      <trkpt lat="42.83954962156713" lon="-6.758788023144007">
        <ele>974.5999755859375</ele>
      </trkpt>
      <trkpt lat="42.83953939564526" lon="-6.758769331499934">
        <ele>974.4000244140625</ele>
      </trkpt>
      <trkpt lat="42.83952464349568" lon="-6.758748292922974">
        <ele>974.2000122070312</ele>
      </trkpt>
      <trkpt lat="42.83951282501221" lon="-6.758734881877899">
        <ele>974</ele>
      </trkpt>
      <trkpt lat="42.839503940194845" lon="-6.758722895756364">
        <ele>973.7999877929688</ele>
      </trkpt>
      <trkpt lat="42.83949254080653" lon="-6.758703952655196">
        <ele>973.5999755859375</ele>
      </trkpt>
      <trkpt lat="42.839482398703694" lon="-6.758688949048519">
        <ele>973.5999755859375</ele>
      </trkpt>
      <trkpt lat="42.839469742029905" lon="-6.758677884936333">
        <ele>973.4000244140625</ele>
      </trkpt>
      <trkpt lat="42.83945616334677" lon="-6.758663970977068">
        <ele>973.4000244140625</ele>
      </trkpt>
      <trkpt lat="42.83943789079785" lon="-6.758646452799439">
        <ele>973.2000122070312</ele>
      </trkpt>
      <trkpt lat="42.839424312114716" lon="-6.758636478334665">
        <ele>973</ele>
      </trkpt>
      <trkpt lat="42.83940847031772" lon="-6.758625078946352">
        <ele>972.7999877929688</ele>
      </trkpt>
      <trkpt lat="42.83939380198717" lon="-6.7586110811680555">
        <ele>972.5999755859375</ele>
      </trkpt>
      <trkpt lat="42.8393838275224" lon="-6.75859909504652">
        <ele>972.4000244140625</ele>
      </trkpt>
      <trkpt lat="42.83937796019018" lon="-6.758589958772063">
        <ele>972.2000122070312</ele>
      </trkpt>
      <trkpt lat="42.83936840482056" lon="-6.758575290441513">
        <ele>971.7999877929688</ele>
      </trkpt>
      <trkpt lat="42.83935675397515" lon="-6.7585645616054535">
        <ele>971.7999877929688</ele>
      </trkpt>
      <trkpt lat="42.83935206010938" lon="-6.758559281006455">
        <ele>971.5999755859375</ele>
      </trkpt>
      <trkpt lat="42.839340660721064" lon="-6.758550563827157">
        <ele>971.4000244140625</ele>
      </trkpt>
      <trkpt lat="42.83932716585696" lon="-6.758538158610463">
        <ele>971.2000122070312</ele>
      </trkpt>
      <trkpt lat="42.83931450918317" lon="-6.758522568270564">
        <ele>971</ele>
      </trkpt>
      <trkpt lat="42.83930621109903" lon="-6.758511923253536">
        <ele>970.7999877929688</ele>
      </trkpt>
      <trkpt lat="42.8392990026623" lon="-6.758505553007126">
        <ele>970.5999755859375</ele>
      </trkpt>
      <trkpt lat="42.83928760327399" lon="-6.758494321256876">
        <ele>970.4000244140625</ele>
      </trkpt>
      <trkpt lat="42.83927687443793" lon="-6.758484514430165">
        <ele>970.4000244140625</ele>
      </trkpt>
      <trkpt lat="42.839265055954456" lon="-6.758476551622152">
        <ele>970.4000244140625</ele>
      </trkpt>
      <trkpt lat="42.83925164490938" lon="-6.758470265194774">
        <ele>970.2000122070312</ele>
      </trkpt>
      <trkpt lat="42.839233288541436" lon="-6.758459368720651">
        <ele>970</ele>
      </trkpt>
      <trkpt lat="42.839219542220235" lon="-6.758448304608464">
        <ele>969.7999877929688</ele>
      </trkpt>
      <trkpt lat="42.839212669059634" lon="-6.7584390845149755">
        <ele>969.5999755859375</ele>
      </trkpt>
      <trkpt lat="42.83920009620488" lon="-6.758422153070569">
        <ele>969.4000244140625</ele>
      </trkpt>
      <trkpt lat="42.839186852797866" lon="-6.7584120109677315">
        <ele>969.2000122070312</ele>
      </trkpt>
      <trkpt lat="42.83917394466698" lon="-6.758404299616814">
        <ele>969</ele>
      </trkpt>
      <trkpt lat="42.83915910869837" lon="-6.758391223847866">
        <ele>968.7999877929688</ele>
      </trkpt>
      <trkpt lat="42.83914561383426" lon="-6.758376555517316">
        <ele>968.5999755859375</ele>
      </trkpt>
      <trkpt lat="42.83913580700755" lon="-6.758371610194445">
        <ele>968.4000244140625</ele>
      </trkpt>
      <trkpt lat="42.8391314484179" lon="-6.75836993381381">
        <ele>968.2000122070312</ele>
      </trkpt>
      <trkpt lat="42.839119881391525" lon="-6.758357025682926">
        <ele>968</ele>
      </trkpt>
      <trkpt lat="42.83910781145096" lon="-6.7583466321229935">
        <ele>967.7999877929688</ele>
      </trkpt>
      <trkpt lat="42.83910454250872" lon="-6.758339758962393">
        <ele>967.4000244140625</ele>
      </trkpt>
      <trkpt lat="42.839092975482345" lon="-6.758327353745699">
        <ele>967.2000122070312</ele>
      </trkpt>
      <trkpt lat="42.839078810065985" lon="-6.758310170844197">
        <ele>967</ele>
      </trkpt>
      <trkpt lat="42.839066656306386" lon="-6.758302291855216">
        <ele>967</ele>
      </trkpt>
      <trkpt lat="42.83905936405063" lon="-6.758297849446535">
        <ele>966.5999755859375</ele>
      </trkpt>
      <trkpt lat="42.83904888667166" lon="-6.758290054276586">
        <ele>966.4000244140625</ele>
      </trkpt>
      <trkpt lat="42.839034888893366" lon="-6.758279912173748">
        <ele>966</ele>
      </trkpt>
      <trkpt lat="42.83902239985764" lon="-6.758270608261228">
        <ele>965.7999877929688</ele>
      </trkpt>
      <trkpt lat="42.839011838659644" lon="-6.758263064548373">
        <ele>965.4000244140625</ele>
      </trkpt>
      <trkpt lat="42.838998259976506" lon="-6.758246552199125">
        <ele>965.2000122070312</ele>
      </trkpt>
      <trkpt lat="42.838984094560146" lon="-6.758227609097958">
        <ele>965.2000122070312</ele>
      </trkpt>
      <trkpt lat="42.8389762993902" lon="-6.758209839463234">
        <ele>965</ele>
      </trkpt>
      <trkpt lat="42.83896322362125" lon="-6.758187124505639">
        <ele>965</ele>
      </trkpt>
      <trkpt lat="42.83895148895681" lon="-6.758175892755389">
        <ele>964.5999755859375</ele>
      </trkpt>
      <trkpt lat="42.83893891610205" lon="-6.75816860049963">
        <ele>964.4000244140625</ele>
      </trkpt>
      <trkpt lat="42.83892307430506" lon="-6.75815686583519">
        <ele>964.2000122070312</ele>
      </trkpt>
      <trkpt lat="42.83890597522259" lon="-6.75814563408494">
        <ele>964</ele>
      </trkpt>
      <trkpt lat="42.83889533020556" lon="-6.758137252181768">
        <ele>963.5999755859375</ele>
      </trkpt>
      <trkpt lat="42.838884852826595" lon="-6.758127445355058">
        <ele>963.4000244140625</ele>
      </trkpt>
      <trkpt lat="42.83887370489538" lon="-6.7581151239573956">
        <ele>963.4000244140625</ele>
      </trkpt>
      <trkpt lat="42.83886163495481" lon="-6.758103892207146">
        <ele>963.2000122070312</ele>
      </trkpt>
      <trkpt lat="42.83884788863361" lon="-6.758092660456896">
        <ele>963.2000122070312</ele>
      </trkpt>
      <trkpt lat="42.83883607015014" lon="-6.758083356544375">
        <ele>963.2000122070312</ele>
      </trkpt>
      <trkpt lat="42.83881762996316" lon="-6.7580674309283495">
        <ele>963.2000122070312</ele>
      </trkpt>
      <trkpt lat="42.83880212344229" lon="-6.758057288825512">
        <ele>963.2000122070312</ele>
      </trkpt>
      <trkpt lat="42.83879064023495" lon="-6.758048152551055">
        <ele>963</ele>
      </trkpt>
      <trkpt lat="42.83877647481859" lon="-6.758037256076932">
        <ele>962.7999877929688</ele>
      </trkpt>
      <trkpt lat="42.83876432105899" lon="-6.758027533069253">
        <ele>962.4000244140625</ele>
      </trkpt>
      <trkpt lat="42.83875065855682" lon="-6.758015966042876">
        <ele>962.2000122070312</ele>
      </trkpt>
      <trkpt lat="42.83873473294079" lon="-6.758003057911992">
        <ele>962.2000122070312</ele>
      </trkpt>
      <trkpt lat="42.838713862001896" lon="-6.757988473400474">
        <ele>962</ele>
      </trkpt>
      <trkpt lat="42.83870045095682" lon="-6.757978750392795">
        <ele>961.7999877929688</ele>
      </trkpt>
      <trkpt lat="42.83868477679789" lon="-6.757964082062244">
        <ele>961.7999877929688</ele>
      </trkpt>
      <trkpt lat="42.83867245540023" lon="-6.757951509207487">
        <ele>961.7999877929688</ele>
      </trkpt>
      <trkpt lat="42.83866382203996" lon="-6.757941534742713">
        <ele>961.5999755859375</ele>
      </trkpt>
      <trkpt lat="42.83865401521325" lon="-6.757928794249892">
        <ele>961.4000244140625</ele>
      </trkpt>
      <trkpt lat="42.83864219672978" lon="-6.757914628833532">
        <ele>961.4000244140625</ele>
      </trkpt>
      <trkpt lat="42.83863306045532" lon="-6.757905911654234">
        <ele>961.4000244140625</ele>
      </trkpt>
      <trkpt lat="42.838618056848645" lon="-6.757884621620178">
        <ele>961.2000122070312</ele>
      </trkpt>
      <trkpt lat="42.83860322088003" lon="-6.757859392091632">
        <ele>961.2000122070312</ele>
      </trkpt>
      <trkpt lat="42.838591234758496" lon="-6.757838688790798">
        <ele>961.2000122070312</ele>
      </trkpt>
      <trkpt lat="42.83857665024698" lon="-6.757815890014172">
        <ele>961.2000122070312</ele>
      </trkpt>
      <trkpt lat="42.83855963498354" lon="-6.757790241390467">
        <ele>961</ele>
      </trkpt>
      <trkpt lat="42.83854454755783" lon="-6.7577670235186815">
        <ele>961</ele>
      </trkpt>
      <trkpt lat="42.83853381872177" lon="-6.757749756798148">
        <ele>961</ele>
      </trkpt>
      <trkpt lat="42.83851764164865" lon="-6.757722096517682">
        <ele>961</ele>
      </trkpt>
      <trkpt lat="42.83850590698421" lon="-6.757700303569436">
        <ele>960.7999877929688</ele>
      </trkpt>
      <trkpt lat="42.83849618397653" lon="-6.757685719057918">
        <ele>960.7999877929688</ele>
      </trkpt>
      <trkpt lat="42.83848344348371" lon="-6.7576574720442295">
        <ele>960.7999877929688</ele>
      </trkpt>
      <trkpt lat="42.83847313374281" lon="-6.757637523114681">
        <ele>960.7999877929688</ele>
      </trkpt>
      <trkpt lat="42.83846483565867" lon="-6.757621932774782">
        <ele>960.7999877929688</ele>
      </trkpt>
      <trkpt lat="42.838456789031625" lon="-6.757596787065268">
        <ele>960.7999877929688</ele>
      </trkpt>
      <trkpt lat="42.83844907768071" lon="-6.7575776763260365">
        <ele>960.5999755859375</ele>
      </trkpt>
      <trkpt lat="42.83844036050141" lon="-6.7575473338365555">
        <ele>960.5999755859375</ele>
      </trkpt>
      <trkpt lat="42.838431391865015" lon="-6.757515734061599">
        <ele>960.5999755859375</ele>
      </trkpt>
      <trkpt lat="42.83842376433313" lon="-6.757493019104004">
        <ele>960.4000244140625</ele>
      </trkpt>
      <trkpt lat="42.83841647207737" lon="-6.757472567260265">
        <ele>960.2000122070312</ele>
      </trkpt>
      <trkpt lat="42.83840591087937" lon="-6.757447589188814">
        <ele>960.2000122070312</ele>
      </trkpt>
      <trkpt lat="42.83839652314782" lon="-6.757428981363773">
        <ele>960.2000122070312</ele>
      </trkpt>
      <trkpt lat="42.838386967778206" lon="-6.757406182587147">
        <ele>960</ele>
      </trkpt>
      <trkpt lat="42.838375149294734" lon="-6.757378522306681">
        <ele>959.7999877929688</ele>
      </trkpt>
      <trkpt lat="42.838365845382214" lon="-6.757358154281974">
        <ele>959.5999755859375</ele>
      </trkpt>
      <trkpt lat="42.83835159614682" lon="-6.757331835106015">
        <ele>959.4000244140625</ele>
      </trkpt>
      <trkpt lat="42.83833474852145" lon="-6.757307946681976">
        <ele>959.4000244140625</ele>
      </trkpt>
      <trkpt lat="42.83832125365734" lon="-6.757291182875633">
        <ele>959.2000122070312</ele>
      </trkpt>
      <trkpt lat="42.8383079264313" lon="-6.757275173440576">
        <ele>959</ele>
      </trkpt>
      <trkpt lat="42.83829526975751" lon="-6.757254051044583">
        <ele>959</ele>
      </trkpt>
      <trkpt lat="42.83828512765467" lon="-6.757239298895001">
        <ele>958.7999877929688</ele>
      </trkpt>
      <trkpt lat="42.83827758394182" lon="-6.757228150963783">
        <ele>958.7999877929688</ele>
      </trkpt>
      <trkpt lat="42.83826610073447" lon="-6.7572045139968395">
        <ele>958.5999755859375</ele>
      </trkpt>
      <trkpt lat="42.83825637772679" lon="-6.757188504561782">
        <ele>958.5999755859375</ele>
      </trkpt>
      <trkpt lat="42.838246235623956" lon="-6.757168974727392">
        <ele>958.5999755859375</ele>
      </trkpt>
      <trkpt lat="42.83823567442596" lon="-6.757150702178478">
        <ele>958.5999755859375</ele>
      </trkpt>
      <trkpt lat="42.838222263380885" lon="-6.75713075324893">
        <ele>958.4000244140625</ele>
      </trkpt>
      <trkpt lat="42.83820927143097" lon="-6.757113989442587">
        <ele>958.4000244140625</ele>
      </trkpt>
      <trkpt lat="42.83820013515651" lon="-6.757099740207195">
        <ele>958.2000122070312</ele>
      </trkpt>
      <trkpt lat="42.83818881958723" lon="-6.757081467658281">
        <ele>958.2000122070312</ele>
      </trkpt>
      <trkpt lat="42.83817322924733" lon="-6.757065877318382">
        <ele>958.2000122070312</ele>
      </trkpt>
      <trkpt lat="42.838160740211606" lon="-6.757051460444927">
        <ele>958.2000122070312</ele>
      </trkpt>
      <trkpt lat="42.838147915899754" lon="-6.757037295028567">
        <ele>958.2000122070312</ele>
      </trkpt>
      <trkpt lat="42.83813299611211" lon="-6.757025895640254">
        <ele>958.2000122070312</ele>
      </trkpt>
      <trkpt lat="42.83811799250543" lon="-6.75701642408967">
        <ele>958.2000122070312</ele>
      </trkpt>
      <trkpt lat="42.8381023183465" lon="-6.756999073550105">
        <ele>958.2000122070312</ele>
      </trkpt>
      <trkpt lat="42.83808530308306" lon="-6.756987338885665">
        <ele>958.2000122070312</ele>
      </trkpt>
      <trkpt lat="42.83806870691478" lon="-6.756980298087001">
        <ele>958.2000122070312</ele>
      </trkpt>
      <trkpt lat="42.83804791979492" lon="-6.756968647241592">
        <ele>958.2000122070312</ele>
      </trkpt>
      <trkpt lat="42.83802864141762" lon="-6.756955236196518">
        <ele>958.2000122070312</ele>
      </trkpt>
      <trkpt lat="42.83801095560193" lon="-6.756945597007871">
        <ele>958.2000122070312</ele>
      </trkpt>
      <trkpt lat="42.83799293451011" lon="-6.756930677220225">
        <ele>958.2000122070312</ele>
      </trkpt>
      <trkpt lat="42.83797558397055" lon="-6.7569132428616285">
        <ele>958.2000122070312</ele>
      </trkpt>
      <trkpt lat="42.837960412725806" lon="-6.756898323073983">
        <ele>958.2000122070312</ele>
      </trkpt>
      <trkpt lat="42.83794540911913" lon="-6.7568782065063715">
        <ele>958.2000122070312</ele>
      </trkpt>
      <trkpt lat="42.8379331715405" lon="-6.756857419386506">
        <ele>958.2000122070312</ele>
      </trkpt>
      <trkpt lat="42.83792135305703" lon="-6.756837889552116">
        <ele>958</ele>
      </trkpt>
      <trkpt lat="42.83791137859225" lon="-6.756807211786509">
        <ele>957.7999877929688</ele>
      </trkpt>
      <trkpt lat="42.83790249377489" lon="-6.75677846185863">
        <ele>957.7999877929688</ele>
      </trkpt>
      <trkpt lat="42.83789645880461" lon="-6.7567559983581305">
        <ele>957.5999755859375</ele>
      </trkpt>
      <trkpt lat="42.837888579815626" lon="-6.756725739687681">
        <ele>957.5999755859375</ele>
      </trkpt>
      <trkpt lat="42.83788237720728" lon="-6.756704533472657">
        <ele>957.5999755859375</ele>
      </trkpt>
      <trkpt lat="42.837875755503774" lon="-6.7566814832389355">
        <ele>957.5999755859375</ele>
      </trkpt>
      <trkpt lat="42.83786904998124" lon="-6.756653990596533">
        <ele>957.5999755859375</ele>
      </trkpt>
      <trkpt lat="42.837862679734826" lon="-6.75663186237216">
        <ele>957.7999877929688</ele>
      </trkpt>
      <trkpt lat="42.83785605803132" lon="-6.7566075548529625">
        <ele>957.7999877929688</ele>
      </trkpt>
      <trkpt lat="42.8378485981375" lon="-6.756579978391528">
        <ele>958</ele>
      </trkpt>
      <trkpt lat="42.83783837221563" lon="-6.7565530724823475">
        <ele>958</ele>
      </trkpt>
      <trkpt lat="42.8378258831799" lon="-6.7565239034593105">
        <ele>958.2000122070312</ele>
      </trkpt>
      <trkpt lat="42.83781012520194" lon="-6.7564962431788445">
        <ele>958.2000122070312</ele>
      </trkpt>
      <trkpt lat="42.837796127423644" lon="-6.75647403113544">
        <ele>958.2000122070312</ele>
      </trkpt>
      <trkpt lat="42.83778045326471" lon="-6.756449304521084">
        <ele>958.2000122070312</ele>
      </trkpt>
      <trkpt lat="42.8377637732774" lon="-6.756430445238948">
        <ele>958.2000122070312</ele>
      </trkpt>
      <trkpt lat="42.83774449490011" lon="-6.756415441632271">
        <ele>958.2000122070312</ele>
      </trkpt>
      <trkpt lat="42.83772513270378" lon="-6.75639733672142">
        <ele>958.4000244140625</ele>
      </trkpt>
      <trkpt lat="42.837702333927155" lon="-6.756375459954143">
        <ele>958.5999755859375</ele>
      </trkpt>
      <trkpt lat="42.83768196590245" lon="-6.756360372528434">
        <ele>958.7999877929688</ele>
      </trkpt>
      <trkpt lat="42.83765824511647" lon="-6.756340088322759">
        <ele>959</ele>
      </trkpt>
      <trkpt lat="42.83763754181564" lon="-6.756321899592876">
        <ele>959</ele>
      </trkpt>
      <trkpt lat="42.83761273138225" lon="-6.756304549053311">
        <ele>959</ele>
      </trkpt>
      <trkpt lat="42.837589932605624" lon="-6.756287617608905">
        <ele>959</ele>
      </trkpt>
      <trkpt lat="42.83757467754185" lon="-6.756271105259657">
        <ele>959</ele>
      </trkpt>
      <trkpt lat="42.83756470307708" lon="-6.756251072511077">
        <ele>958.7999877929688</ele>
      </trkpt>
      <trkpt lat="42.83754919655621" lon="-6.7562308721244335">
        <ele>958.7999877929688</ele>
      </trkpt>
      <trkpt lat="42.83753855153918" lon="-6.756215449422598">
        <ele>958.5999755859375</ele>
      </trkpt>
      <trkpt lat="42.83752824179828" lon="-6.75619943998754">
        <ele>958.4000244140625</ele>
      </trkpt>
      <trkpt lat="42.83750955015421" lon="-6.756181502714753">
        <ele>958.4000244140625</ele>
      </trkpt>
      <trkpt lat="42.837497647851706" lon="-6.756167504936457">
        <ele>958.2000122070312</ele>
      </trkpt>
      <trkpt lat="42.83748792484403" lon="-6.756151830777526">
        <ele>958</ele>
      </trkpt>
      <trkpt lat="42.837473256513476" lon="-6.7561310436576605">
        <ele>957.5999755859375</ele>
      </trkpt>
      <trkpt lat="42.83745925873518" lon="-6.756114112213254">
        <ele>957.4000244140625</ele>
      </trkpt>
      <trkpt lat="42.83745003864169" lon="-6.7560977675020695">
        <ele>957.4000244140625</ele>
      </trkpt>
      <trkpt lat="42.83744132146239" lon="-6.756080165505409">
        <ele>957.4000244140625</ele>
      </trkpt>
      <trkpt lat="42.83743277192116" lon="-6.756066419184208">
        <ele>957.4000244140625</ele>
      </trkpt>
      <trkpt lat="42.83742539584637" lon="-6.756056109443307">
        <ele>957.4000244140625</ele>
      </trkpt>
      <trkpt lat="42.83742355182767" lon="-6.756044710054994">
        <ele>957.4000244140625</ele>
      </trkpt>
      <trkpt lat="42.83741642720997" lon="-6.75603331066668">
        <ele>957.4000244140625</ele>
      </trkpt>
      <trkpt lat="42.837413158267736" lon="-6.756032640114427">
        <ele>957.4000244140625</ele>
      </trkpt>
      <trkpt lat="42.837409721687436" lon="-6.75602057017386">
        <ele>957.2000122070312</ele>
      </trkpt>
      <trkpt lat="42.837409218773246" lon="-6.755992658436298">
        <ele>957.2000122070312</ele>
      </trkpt>
      <trkpt lat="42.83740452490747" lon="-6.755956280976534">
        <ele>957.2000122070312</ele>
      </trkpt>
      <trkpt lat="42.83739924430847" lon="-6.7559166345745325">
        <ele>957</ele>
      </trkpt>
      <trkpt lat="42.8373789601028" lon="-6.755878999829292">
        <ele>957</ele>
      </trkpt>
      <trkpt lat="42.83736923709512" lon="-6.755853937938809">
        <ele>957</ele>
      </trkpt>
      <trkpt lat="42.837352976202965" lon="-6.75582124851644">
        <ele>957</ele>
      </trkpt>
      <trkpt lat="42.837340822443366" lon="-6.755799036473036">
        <ele>957</ele>
      </trkpt>
      <trkpt lat="42.837330931797624" lon="-6.755771962925792">
        <ele>957</ele>
      </trkpt>
      <trkpt lat="42.83732045441866" lon="-6.75574254244566">
        <ele>957</ele>
      </trkpt>
      <trkpt lat="42.83731358125806" lon="-6.7557228449732065">
        <ele>957</ele>
      </trkpt>
      <trkpt lat="42.83730779774487" lon="-6.755697447806597">
        <ele>957</ele>
      </trkpt>
      <trkpt lat="42.83730545081198" lon="-6.7556707095354795">
        <ele>957.2000122070312</ele>
      </trkpt>
      <trkpt lat="42.83730201423168" lon="-6.7556453961879015">
        <ele>957.4000244140625</ele>
      </trkpt>
      <trkpt lat="42.837298326194286" lon="-6.755613628774881">
        <ele>957.7999877929688</ele>
      </trkpt>
      <trkpt lat="42.83729346469045" lon="-6.755584292113781">
        <ele>957.7999877929688</ele>
      </trkpt>
      <trkpt lat="42.837291453033686" lon="-6.755557889118791">
        <ele>958</ele>
      </trkpt>
      <trkpt lat="42.837291453033686" lon="-6.755530396476388">
        <ele>958.2000122070312</ele>
      </trkpt>
      <trkpt lat="42.837290950119495" lon="-6.755496030673385">
        <ele>958.4000244140625</ele>
      </trkpt>
      <trkpt lat="42.83729078248143" lon="-6.755467364564538">
        <ele>958.5999755859375</ele>
      </trkpt>
      <trkpt lat="42.837288016453385" lon="-6.755431070923805">
        <ele>958.5999755859375</ele>
      </trkpt>
      <trkpt lat="42.837284160777926" lon="-6.755405170843005">
        <ele>958.7999877929688</ele>
      </trkpt>
      <trkpt lat="42.83728173002601" lon="-6.755379857495427">
        <ele>959</ele>
      </trkpt>
      <trkpt lat="42.83727929927409" lon="-6.755349850282073">
        <ele>959.2000122070312</ele>
      </trkpt>
      <trkpt lat="42.83727309666574" lon="-6.755329817533493">
        <ele>959.2000122070312</ele>
      </trkpt>
      <trkpt lat="42.8372663911432" lon="-6.755305090919137">
        <ele>959.2000122070312</ele>
      </trkpt>
      <trkpt lat="42.83726278692484" lon="-6.755276592448354">
        <ele>959.2000122070312</ele>
      </trkpt>
      <trkpt lat="42.837256249040365" lon="-6.75524365156889">
        <ele>959.2000122070312</ele>
      </trkpt>
      <trkpt lat="42.837247448042035" lon="-6.755214650183916">
        <ele>959.2000122070312</ele>
      </trkpt>
      <trkpt lat="42.83723412081599" lon="-6.755189085379243">
        <ele>959.2000122070312</ele>
      </trkpt>
      <trkpt lat="42.83722112886608" lon="-6.755163772031665">
        <ele>959</ele>
      </trkpt>
      <trkpt lat="42.837208304554224" lon="-6.755139296874404">
        <ele>958.7999877929688</ele>
      </trkpt>
      <trkpt lat="42.8371955640614" lon="-6.755120940506458">
        <ele>958.7999877929688</ele>
      </trkpt>
      <trkpt lat="42.83718500286341" lon="-6.755104176700115">
        <ele>958.7999877929688</ele>
      </trkpt>
      <trkpt lat="42.83717134036124" lon="-6.755083557218313">
        <ele>958.7999877929688</ele>
      </trkpt>
      <trkpt lat="42.83715449273586" lon="-6.7550696432590485">
        <ele>958.7999877929688</ele>
      </trkpt>
      <trkpt lat="42.83714074641466" lon="-6.75505212508142">
        <ele>958.7999877929688</ele>
      </trkpt>
      <trkpt lat="42.83712490461767" lon="-6.755029326304793">
        <ele>959</ele>
      </trkpt>
      <trkpt lat="42.83710881136358" lon="-6.755011053755879">
        <ele>959.4000244140625</ele>
      </trkpt>
      <trkpt lat="42.83709414303303" lon="-6.754986494779587">
        <ele>959.4000244140625</ele>
      </trkpt>
      <trkpt lat="42.837076876312494" lon="-6.754961684346199">
        <ele>959.4000244140625</ele>
      </trkpt>
      <trkpt lat="42.83706380054355" lon="-6.7549406457692385">
        <ele>959.4000244140625</ele>
      </trkpt>
      <trkpt lat="42.83704745583236" lon="-6.754913488402963">
        <ele>959.4000244140625</ele>
      </trkpt>
      <trkpt lat="42.83703530207276" lon="-6.754891611635685">
        <ele>959.2000122070312</ele>
      </trkpt>
      <trkpt lat="42.83702289685607" lon="-6.754875686019659">
        <ele>959</ele>
      </trkpt>
      <trkpt lat="42.83700965344906" lon="-6.754853809252381">
        <ele>958.5999755859375</ele>
      </trkpt>
      <trkpt lat="42.836994398385286" lon="-6.754833608865738">
        <ele>958.4000244140625</ele>
      </trkpt>
      <trkpt lat="42.83698283135891" lon="-6.754815923050046">
        <ele>958.2000122070312</ele>
      </trkpt>
      <trkpt lat="42.836966486647725" lon="-6.754790106788278">
        <ele>958</ele>
      </trkpt>
      <trkpt lat="42.83695458434522" lon="-6.754774348810315">
        <ele>957.7999877929688</ele>
      </trkpt>
      <trkpt lat="42.836944945156574" lon="-6.754765547811985">
        <ele>957.4000244140625</ele>
      </trkpt>
      <trkpt lat="42.83693446777761" lon="-6.754748951643705">
        <ele>957.2000122070312</ele>
      </trkpt>
      <trkpt lat="42.83692331984639" lon="-6.754733445122838">
        <ele>957</ele>
      </trkpt>
      <trkpt lat="42.83691485412419" lon="-6.754720034077764">
        <ele>956.7999877929688</ele>
      </trkpt>
      <trkpt lat="42.83690756186843" lon="-6.754707880318165">
        <ele>956.7999877929688</ele>
      </trkpt>
      <trkpt lat="42.83689255826175" lon="-6.754688182845712">
        <ele>956.5999755859375</ele>
      </trkpt>
      <trkpt lat="42.83688258379698" lon="-6.754677286371589">
        <ele>956.4000244140625</ele>
      </trkpt>
      <trkpt lat="42.83687160350382" lon="-6.754663372412324">
        <ele>956.4000244140625</ele>
      </trkpt>
      <trkpt lat="42.83686037175357" lon="-6.754639567807317">
        <ele>956.4000244140625</ele>
      </trkpt>
      <trkpt lat="42.836850648745894" lon="-6.754620457068086">
        <ele>956.2000122070312</ele>
      </trkpt>
      <trkpt lat="42.83683975227177" lon="-6.754604196175933">
        <ele>956.2000122070312</ele>
      </trkpt>
      <trkpt lat="42.83682407811284" lon="-6.754579721018672">
        <ele>956</ele>
      </trkpt>
      <trkpt lat="42.83681628294289" lon="-6.754566058516502">
        <ele>956</ele>
      </trkpt>
      <trkpt lat="42.83680463209748" lon="-6.754554072394967">
        <ele>955.7999877929688</ele>
      </trkpt>
      <trkpt lat="42.83679029904306" lon="-6.754536470398307">
        <ele>955.5999755859375</ele>
      </trkpt>
      <trkpt lat="42.83677470870316" lon="-6.754523729905486">
        <ele>955.4000244140625</ele>
      </trkpt>
      <trkpt lat="42.83676439896226" lon="-6.754514928907156">
        <ele>955.2000122070312</ele>
      </trkpt>
      <trkpt lat="42.836751490831375" lon="-6.754496488720179">
        <ele>955</ele>
      </trkpt>
      <trkpt lat="42.83674143254757" lon="-6.754487352445722">
        <ele>954.7999877929688</ele>
      </trkpt>
      <trkpt lat="42.83673330210149" lon="-6.754474192857742">
        <ele>954.4000244140625</ele>
      </trkpt>
      <trkpt lat="42.8367227409035" lon="-6.75445843487978">
        <ele>954.2000122070312</ele>
      </trkpt>
      <trkpt lat="42.83671201206744" lon="-6.754444353282452">
        <ele>954.2000122070312</ele>
      </trkpt>
      <trkpt lat="42.8367037139833" lon="-6.7544367257505655">
        <ele>953.7999877929688</ele>
      </trkpt>
      <trkpt lat="42.83669080585241" lon="-6.75442373380065">
        <ele>953.4000244140625</ele>
      </trkpt>
      <trkpt lat="42.8366759698838" lon="-6.754406969994307">
        <ele>953.4000244140625</ele>
      </trkpt>
      <trkpt lat="42.83666557632387" lon="-6.754398504272103">
        <ele>953.2000122070312</ele>
      </trkpt>
      <trkpt lat="42.83663774840534" lon="-6.754369335249066">
        <ele>953.2000122070312</ele>
      </trkpt>
      <trkpt lat="42.836629366502166" lon="-6.754357265308499">
        <ele>953</ele>
      </trkpt>
      <trkpt lat="42.83661821857095" lon="-6.75434410572052">
        <ele>952.7999877929688</ele>
      </trkpt>
      <trkpt lat="42.83660849556327" lon="-6.754332538694143">
        <ele>952.5999755859375</ele>
      </trkpt>
      <trkpt lat="42.83659818582237" lon="-6.75431820563972">
        <ele>952.4000244140625</ele>
      </trkpt>
      <trkpt lat="42.83658938482404" lon="-6.754306219518185">
        <ele>952.2000122070312</ele>
      </trkpt>
      <trkpt lat="42.83658133819699" lon="-6.754293981939554">
        <ele>952.2000122070312</ele>
      </trkpt>
      <trkpt lat="42.83657304011285" lon="-6.754278391599655">
        <ele>952</ele>
      </trkpt>
      <trkpt lat="42.836564825847745" lon="-6.7542629688978195">
        <ele>951.7999877929688</ele>
      </trkpt>
      <trkpt lat="42.836560383439064" lon="-6.754254838451743">
        <ele>951.5999755859375</ele>
      </trkpt>
      <trkpt lat="42.836551079526544" lon="-6.754242600873113">
        <ele>951.4000244140625</ele>
      </trkpt>
      <trkpt lat="42.836542362347245" lon="-6.754230530932546">
        <ele>951.4000244140625</ele>
      </trkpt>
      <trkpt lat="42.83653347752988" lon="-6.754214521497488">
        <ele>951.4000244140625</ele>
      </trkpt>
      <trkpt lat="42.836519898846745" lon="-6.754194404929876">
        <ele>951.4000244140625</ele>
      </trkpt>
      <trkpt lat="42.83651319332421" lon="-6.754178311675787">
        <ele>951.4000244140625</ele>
      </trkpt>
      <trkpt lat="42.83650648780167" lon="-6.754165906459093">
        <ele>950.7999877929688</ele>
      </trkpt>
      <trkpt lat="42.83649911172688" lon="-6.754151321947575">
        <ele>950.5999755859375</ele>
      </trkpt>
      <trkpt lat="42.83648972399533" lon="-6.754135228693485">
        <ele>950.4000244140625</ele>
      </trkpt>
      <trkpt lat="42.83647463656962" lon="-6.754115866497159">
        <ele>950.4000244140625</ele>
      </trkpt>
      <trkpt lat="42.83646633848548" lon="-6.754102203994989">
        <ele>950.2000122070312</ele>
      </trkpt>
      <trkpt lat="42.8364547714591" lon="-6.7540800757706165">
        <ele>950</ele>
      </trkpt>
      <trkpt lat="42.836446138098836" lon="-6.754064233973622">
        <ele>949.7999877929688</ele>
      </trkpt>
      <trkpt lat="42.836437840014696" lon="-6.754046715795994">
        <ele>949.5999755859375</ele>
      </trkpt>
      <trkpt lat="42.83643012866378" lon="-6.754026683047414">
        <ele>949.5999755859375</ele>
      </trkpt>
      <trkpt lat="42.836421662941575" lon="-6.754007991403341">
        <ele>949.4000244140625</ele>
      </trkpt>
      <trkpt lat="42.836413364857435" lon="-6.753990976139903">
        <ele>949</ele>
      </trkpt>
      <trkpt lat="42.83640632405877" lon="-6.753971194848418">
        <ele>948.7999877929688</ele>
      </trkpt>
      <trkpt lat="42.83639844506979" lon="-6.75395711325109">
        <ele>948.7999877929688</ele>
      </trkpt>
      <trkpt lat="42.83639031462371" lon="-6.753940684720874">
        <ele>948.5999755859375</ele>
      </trkpt>
      <trkpt lat="42.83637749031186" lon="-6.75391654483974">
        <ele>948.4000244140625</ele>
      </trkpt>
      <trkpt lat="42.83636215142906" lon="-6.753895841538906">
        <ele>948.4000244140625</ele>
      </trkpt>
      <trkpt lat="42.83635100349784" lon="-6.753880670294166">
        <ele>948.4000244140625</ele>
      </trkpt>
      <trkpt lat="42.836333652958274" lon="-6.753865331411362">
        <ele>948.2000122070312</ele>
      </trkpt>
      <trkpt lat="42.83631747588515" lon="-6.753846472129226">
        <ele>948.2000122070312</ele>
      </trkpt>
      <trkpt lat="42.83630565740168" lon="-6.753831133246422">
        <ele>948</ele>
      </trkpt>
      <trkpt lat="42.83628646284342" lon="-6.75381294451654">
        <ele>948</ele>
      </trkpt>
      <trkpt lat="42.83627388998866" lon="-6.753803305327892">
        <ele>948</ele>
      </trkpt>
      <trkpt lat="42.83625964075327" lon="-6.753783272579312">
        <ele>947.7999877929688</ele>
      </trkpt>
      <trkpt lat="42.83624497242272" lon="-6.7537681851536036">
        <ele>947.5999755859375</ele>
      </trkpt>
      <trkpt lat="42.836231142282486" lon="-6.7537525948137045">
        <ele>947.4000244140625</ele>
      </trkpt>
      <trkpt lat="42.836220329627395" lon="-6.753741195425391">
        <ele>947.4000244140625</ele>
      </trkpt>
      <trkpt lat="42.83620188944042" lon="-6.753719989210367">
        <ele>947.4000244140625</ele>
      </trkpt>
      <trkpt lat="42.83618847839534" lon="-6.7537066619843245">
        <ele>947.4000244140625</ele>
      </trkpt>
      <trkpt lat="42.836176911368966" lon="-6.753692077472806">
        <ele>947.2000122070312</ele>
      </trkpt>
      <trkpt lat="42.83616241067648" lon="-6.753671793267131">
        <ele>947.2000122070312</ele>
      </trkpt>
      <trkpt lat="42.836151011288166" lon="-6.753655364736915">
        <ele>947</ele>
      </trkpt>
      <trkpt lat="42.83613860607147" lon="-6.753638936206698">
        <ele>946.7999877929688</ele>
      </trkpt>
      <trkpt lat="42.83612418919802" lon="-6.753617897629738">
        <ele>946.5999755859375</ele>
      </trkpt>
      <trkpt lat="42.83611320890486" lon="-6.753606414422393">
        <ele>946.4000244140625</ele>
      </trkpt>
      <trkpt lat="42.83610298298299" lon="-6.753594009205699">
        <ele>946.4000244140625</ele>
      </trkpt>
      <trkpt lat="42.83608881756663" lon="-6.753575904294848">
        <ele>946.2000122070312</ele>
      </trkpt>
      <trkpt lat="42.83607490360737" lon="-6.7535564582794905">
        <ele>946</ele>
      </trkpt>
      <trkpt lat="42.83606266602874" lon="-6.753542628139257">
        <ele>945.5999755859375</ele>
      </trkpt>
      <trkpt lat="42.836049254983664" lon="-6.7535231821238995">
        <ele>945.5999755859375</ele>
      </trkpt>
      <trkpt lat="42.836038609966636" lon="-6.753506837412715">
        <ele>945.4000244140625</ele>
      </trkpt>
      <trkpt lat="42.836027881130576" lon="-6.75348898395896">
        <ele>945.2000122070312</ele>
      </trkpt>
      <trkpt lat="42.83601480536163" lon="-6.753465095534921">
        <ele>945.2000122070312</ele>
      </trkpt>
      <trkpt lat="42.83600206486881" lon="-6.7534430511295795">
        <ele>945</ele>
      </trkpt>
      <trkpt lat="42.83598907291889" lon="-6.753416648134589">
        <ele>945</ele>
      </trkpt>
      <trkpt lat="42.83597909845412" lon="-6.753392005339265">
        <ele>944.7999877929688</ele>
      </trkpt>
      <trkpt lat="42.835967782884836" lon="-6.753376331180334">
        <ele>944.5999755859375</ele>
      </trkpt>
      <trkpt lat="42.83595814369619" lon="-6.75335512496531">
        <ele>944.5999755859375</ele>
      </trkpt>
      <trkpt lat="42.835939871147275" lon="-6.753329057246447">
        <ele>944.4000244140625</ele>
      </trkpt>
      <trkpt lat="42.835927717387676" lon="-6.753307851031423">
        <ele>944.2000122070312</ele>
      </trkpt>
      <trkpt lat="42.83591531217098" lon="-6.753284465521574">
        <ele>944.2000122070312</ele>
      </trkpt>
      <trkpt lat="42.83590282313526" lon="-6.75325789488852">
        <ele>944.2000122070312</ele>
      </trkpt>
      <trkpt lat="42.83589108847082" lon="-6.75322906114161">
        <ele>944.2000122070312</ele>
      </trkpt>
      <trkpt lat="42.83588136546314" lon="-6.753202239051461">
        <ele>944.2000122070312</ele>
      </trkpt>
      <trkpt lat="42.8358765039593" lon="-6.753176422789693">
        <ele>944.2000122070312</ele>
      </trkpt>
      <trkpt lat="42.83587172627449" lon="-6.753151025623083">
        <ele>944.2000122070312</ele>
      </trkpt>
      <trkpt lat="42.835869044065475" lon="-6.75313476473093">
        <ele>944.5999755859375</ele>
      </trkpt>
      <trkpt lat="42.83586636185646" lon="-6.753106601536274">
        <ele>944.7999877929688</ele>
      </trkpt>
      <trkpt lat="42.83586082980037" lon="-6.753080701455474">
        <ele>945</ele>
      </trkpt>
      <trkpt lat="42.83585420809686" lon="-6.753062093630433">
        <ele>945.2000122070312</ele>
      </trkpt>
      <trkpt lat="42.83584104850888" lon="-6.753035020083189">
        <ele>945.4000244140625</ele>
      </trkpt>
      <trkpt lat="42.835827553644776" lon="-6.753015071153641">
        <ele>945.4000244140625</ele>
      </trkpt>
      <trkpt lat="42.83581464551389" lon="-6.7529986426234245">
        <ele>945.4000244140625</ele>
      </trkpt>
      <trkpt lat="42.83579989336431" lon="-6.752980370074511">
        <ele>945.4000244140625</ele>
      </trkpt>
      <trkpt lat="42.83578388392925" lon="-6.7529641930013895">
        <ele>945.5999755859375</ele>
      </trkpt>
      <trkpt lat="42.83576812595129" lon="-6.752946004271507">
        <ele>945.5999755859375</ele>
      </trkpt>
      <trkpt lat="42.83575002104044" lon="-6.752921864390373">
        <ele>945.5999755859375</ele>
      </trkpt>
      <trkpt lat="42.83573501743376" lon="-6.752903508022428">
        <ele>945.7999877929688</ele>
      </trkpt>
      <trkpt lat="42.83572202548385" lon="-6.752886073663831">
        <ele>946</ele>
      </trkpt>
      <trkpt lat="42.83570786006749" lon="-6.75286402925849">
        <ele>946.4000244140625</ele>
      </trkpt>
      <trkpt lat="42.83569193445146" lon="-6.752840140834451">
        <ele>946.4000244140625</ele>
      </trkpt>
      <trkpt lat="42.835678020492196" lon="-6.752817342057824">
        <ele>946.4000244140625</ele>
      </trkpt>
      <trkpt lat="42.83566343598068" lon="-6.752795381471515">
        <ele>946.4000244140625</ele>
      </trkpt>
      <trkpt lat="42.835651533678174" lon="-6.752776941284537">
        <ele>946.4000244140625</ele>
      </trkpt>
      <trkpt lat="42.83563720062375" lon="-6.752755735069513">
        <ele>946.4000244140625</ele>
      </trkpt>
      <trkpt lat="42.83562831580639" lon="-6.752740563824773">
        <ele>946.4000244140625</ele>
      </trkpt>
      <trkpt lat="42.8356209397316" lon="-6.7527297511696815">
        <ele>946.4000244140625</ele>
      </trkpt>
      <trkpt lat="42.835614988580346" lon="-6.752716088667512">
        <ele>946.4000244140625</ele>
      </trkpt>
      <trkpt lat="42.8356069419533" lon="-6.752701587975025">
        <ele>946.2000122070312</ele>
      </trkpt>
      <trkpt lat="42.83559889532626" lon="-6.752679795026779">
        <ele>946.2000122070312</ele>
      </trkpt>
      <trkpt lat="42.83558866940439" lon="-6.752657666802406">
        <ele>946.2000122070312</ele>
      </trkpt>
      <trkpt lat="42.8355810418725" lon="-6.752639142796397">
        <ele>946.2000122070312</ele>
      </trkpt>
      <trkpt lat="42.83556989394128" lon="-6.752605279907584">
        <ele>946.4000244140625</ele>
      </trkpt>
      <trkpt lat="42.83555815927684" lon="-6.752576697617769">
        <ele>946.5999755859375</ele>
      </trkpt>
      <trkpt lat="42.83554768189788" lon="-6.75254694186151">
        <ele>946.7999877929688</ele>
      </trkpt>
      <trkpt lat="42.83553351648152" lon="-6.752510732039809">
        <ele>947</ele>
      </trkpt>
      <trkpt lat="42.835522033274174" lon="-6.752486592158675">
        <ele>947.4000244140625</ele>
      </trkpt>
      <trkpt lat="42.83551105298102" lon="-6.752455327659845">
        <ele>947.5999755859375</ele>
      </trkpt>
      <trkpt lat="42.83550049178302" lon="-6.752424566075206">
        <ele>947.7999877929688</ele>
      </trkpt>
      <trkpt lat="42.83549261279404" lon="-6.752401851117611">
        <ele>947.7999877929688</ele>
      </trkpt>
      <trkpt lat="42.8354843147099" lon="-6.752381902188063">
        <ele>947.7999877929688</ele>
      </trkpt>
      <trkpt lat="42.83547601662576" lon="-6.752355331555009">
        <ele>947.5999755859375</ele>
      </trkpt>
      <trkpt lat="42.83547006547451" lon="-6.752334628254175">
        <ele>947.5999755859375</ele>
      </trkpt>
      <trkpt lat="42.83546419814229" lon="-6.7523115780204535">
        <ele>947.7999877929688</ele>
      </trkpt>
      <trkpt lat="42.83545782789588" lon="-6.752284001559019">
        <ele>947.7999877929688</ele>
      </trkpt>
      <trkpt lat="42.83545263111591" lon="-6.7522591073066">
        <ele>947.7999877929688</ele>
      </trkpt>
      <trkpt lat="42.83544768579304" lon="-6.7522394098341465">
        <ele>948</ele>
      </trkpt>
      <trkpt lat="42.835436621680856" lon="-6.752203451469541">
        <ele>948.2000122070312</ele>
      </trkpt>
      <trkpt lat="42.83542647957802" lon="-6.752169840037823">
        <ele>948.2000122070312</ele>
      </trkpt>
      <trkpt lat="42.83541818149388" lon="-6.752135641872883">
        <ele>948.5999755859375</ele>
      </trkpt>
      <trkpt lat="42.83540996722877" lon="-6.752099264413118">
        <ele>948.7999877929688</ele>
      </trkpt>
      <trkpt lat="42.83540267497301" lon="-6.752076214179397">
        <ele>949.2000122070312</ele>
      </trkpt>
      <trkpt lat="42.83539571799338" lon="-6.752057438716292">
        <ele>949.4000244140625</ele>
      </trkpt>
      <trkpt lat="42.83538641408086" lon="-6.75203924998641">
        <ele>949.5999755859375</ele>
      </trkpt>
      <trkpt lat="42.83537928946316" lon="-6.752023911103606">
        <ele>949.5999755859375</ele>
      </trkpt>
      <trkpt lat="42.835365207865834" lon="-6.752003626897931">
        <ele>949.7999877929688</ele>
      </trkpt>
      <trkpt lat="42.835357496514916" lon="-6.751984767615795">
        <ele>949.5999755859375</ele>
      </trkpt>
      <trkpt lat="42.83534802496433" lon="-6.751967081800103">
        <ele>949.5999755859375</ele>
      </trkpt>
      <trkpt lat="42.83534341491759" lon="-6.751948893070221">
        <ele>949.5999755859375</ele>
      </trkpt>
      <trkpt lat="42.83533863723278" lon="-6.751931626349688">
        <ele>949.5999755859375</ele>
      </trkpt>
      <trkpt lat="42.83533511683345" lon="-6.751919304952025">
        <ele>949.2000122070312</ele>
      </trkpt>
      <trkpt lat="42.83533126115799" lon="-6.751906061545014">
        <ele>948.7999877929688</ele>
      </trkpt>
      <trkpt lat="42.83532111905515" lon="-6.751888459548354">
        <ele>948.4000244140625</ele>
      </trkpt>
      <trkpt lat="42.835309049114585" lon="-6.751873707398772">
        <ele>948.2000122070312</ele>
      </trkpt>
      <trkpt lat="42.83529848791659" lon="-6.751856356859207">
        <ele>947.7999877929688</ele>
      </trkpt>
      <trkpt lat="42.83528826199472" lon="-6.751843532547355">
        <ele>947.4000244140625</ele>
      </trkpt>
      <trkpt lat="42.83528138883412" lon="-6.751833390444517">
        <ele>947.2000122070312</ele>
      </trkpt>
      <trkpt lat="42.8352718334645" lon="-6.75181888975203">
        <ele>947.2000122070312</ele>
      </trkpt>
      <trkpt lat="42.83525699749589" lon="-6.751796007156372">
        <ele>947</ele>
      </trkpt>
      <trkpt lat="42.83524836413562" lon="-6.751776225864887">
        <ele>947</ele>
      </trkpt>
      <trkpt lat="42.83524040132761" lon="-6.751761473715305">
        <ele>947</ele>
      </trkpt>
      <trkpt lat="42.83523595891893" lon="-6.7517452128231525">
        <ele>947</ele>
      </trkpt>
      <trkpt lat="42.8352324385196" lon="-6.7517325561493635">
        <ele>947</ele>
      </trkpt>
      <trkpt lat="42.835226906463504" lon="-6.751710511744022">
        <ele>947</ele>
      </trkpt>
      <trkpt lat="42.83522363752127" lon="-6.751691484823823">
        <ele>947</ele>
      </trkpt>
      <trkpt lat="42.835222547873855" lon="-6.7516774870455265">
        <ele>947</ele>
      </trkpt>
      <trkpt lat="42.835219698026776" lon="-6.751661645248532">
        <ele>947</ele>
      </trkpt>
      <trkpt lat="42.835215758532286" lon="-6.751627363264561">
        <ele>947</ele>
      </trkpt>
      <trkpt lat="42.835210897028446" lon="-6.75160682760179">
        <ele>947</ele>
      </trkpt>
      <trkpt lat="42.83520922064781" lon="-6.751588890329003">
        <ele>947.2000122070312</ele>
      </trkpt>
      <trkpt lat="42.835209388285875" lon="-6.75157506018877">
        <ele>947.2000122070312</ele>
      </trkpt>
      <trkpt lat="42.83520528115332" lon="-6.751562487334013">
        <ele>947.4000244140625</ele>
      </trkpt>
      <trkpt lat="42.83520184457302" lon="-6.751552680507302">
        <ele>947.5999755859375</ele>
      </trkpt>
      <trkpt lat="42.835193295031786" lon="-6.751538431271911">
        <ele>948</ele>
      </trkpt>
      <trkpt lat="42.83518323674798" lon="-6.751520996913314">
        <ele>948</ele>
      </trkpt>
      <trkpt lat="42.835177117958665" lon="-6.7515061609447">
        <ele>948</ele>
      </trkpt>
      <trkpt lat="42.83517443574965" lon="-6.751492666080594">
        <ele>948</ele>
      </trkpt>
      <trkpt lat="42.83516655676067" lon="-6.751476489007473">
        <ele>948</ele>
      </trkpt>
      <trkpt lat="42.83516219817102" lon="-6.751463916152716">
        <ele>948</ele>
      </trkpt>
      <trkpt lat="42.83516127616167" lon="-6.7514527682214975">
        <ele>948</ele>
      </trkpt>
      <trkpt lat="42.835163371637464" lon="-6.751441033557057">
        <ele>948</ele>
      </trkpt>
      <trkpt lat="42.83516219817102" lon="-6.751429298892617">
        <ele>948.2000122070312</ele>
      </trkpt>
      <trkpt lat="42.835160018876195" lon="-6.751420414075255">
        <ele>948.4000244140625</ele>
      </trkpt>
      <trkpt lat="42.83515825867653" lon="-6.751412535086274">
        <ele>948.4000244140625</ele>
      </trkpt>
      <trkpt lat="42.83515549264848" lon="-6.7513953521847725">
        <ele>948.4000244140625</ele>
      </trkpt>
      <trkpt lat="42.83515356481075" lon="-6.7513873893767595">
        <ele>948.4000244140625</ele>
      </trkpt>
      <trkpt lat="42.83514987677336" lon="-6.751372050493956">
        <ele>948.2000122070312</ele>
      </trkpt>
      <trkpt lat="42.83514719456434" lon="-6.751359393820167">
        <ele>948.2000122070312</ele>
      </trkpt>
      <trkpt lat="42.835147781297565" lon="-6.751343384385109">
        <ele>948.2000122070312</ele>
      </trkpt>
      <trkpt lat="42.83514518290758" lon="-6.751323435455561">
        <ele>948.2000122070312</ele>
      </trkpt>
      <trkpt lat="42.8351423330605" lon="-6.751305582001805">
        <ele>948.2000122070312</ele>
      </trkpt>
      <trkpt lat="42.83513931557536" lon="-6.7512795981019735">
        <ele>948</ele>
      </trkpt>
      <trkpt lat="42.835135627537966" lon="-6.751260822638869">
        <ele>947.5999755859375</ele>
      </trkpt>
      <trkpt lat="42.83513587899506" lon="-6.751248333603144">
        <ele>947.5999755859375</ele>
      </trkpt>
      <trkpt lat="42.83513395115733" lon="-6.751231569796801">
        <ele>947.5999755859375</ele>
      </trkpt>
      <trkpt lat="42.83513621427119" lon="-6.751218410208821">
        <ele>947.5999755859375</ele>
      </trkpt>
      <trkpt lat="42.83513939939439" lon="-6.751201311126351">
        <ele>947.4000244140625</ele>
      </trkpt>
      <trkpt lat="42.835136549547315" lon="-6.751179601997137">
        <ele>947.4000244140625</ele>
      </trkpt>
      <trkpt lat="42.835125820711255" lon="-6.751162838190794">
        <ele>947.4000244140625</ele>
      </trkpt>
      <trkpt lat="42.83511442132294" lon="-6.751139787957072">
        <ele>947.4000244140625</ele>
      </trkpt>
      <trkpt lat="42.835102854296565" lon="-6.75110693089664">
        <ele>947.5999755859375</ele>
      </trkpt>
      <trkpt lat="42.83509120345116" lon="-6.751082120463252">
        <ele>947.5999755859375</ele>
      </trkpt>
      <trkpt lat="42.8350770380348" lon="-6.751053454354405">
        <ele>947.5999755859375</ele>
      </trkpt>
      <trkpt lat="42.83506412990391" lon="-6.751024620607495">
        <ele>947.5999755859375</ele>
      </trkpt>
      <trkpt lat="42.83505021594465" lon="-6.751002660021186">
        <ele>947.7999877929688</ele>
      </trkpt>
      <trkpt lat="42.83502984791994" lon="-6.7509739100933075">
        <ele>947.7999877929688</ele>
      </trkpt>
      <trkpt lat="42.835006630048156" lon="-6.7509453278034925">
        <ele>948</ele>
      </trkpt>
      <trkpt lat="42.834992464631796" lon="-6.750921607017517">
        <ele>948</ele>
      </trkpt>
      <trkpt lat="42.83497595228255" lon="-6.750887660309672">
        <ele>948.2000122070312</ele>
      </trkpt>
      <trkpt lat="42.834958685562015" lon="-6.750860251486301">
        <ele>948.4000244140625</ele>
      </trkpt>
      <trkpt lat="42.83494091592729" lon="-6.7508334293961525">
        <ele>948.5999755859375</ele>
      </trkpt>
      <trkpt lat="42.834923062473536" lon="-6.750805014744401">
        <ele>948.5999755859375</ele>
      </trkpt>
      <trkpt lat="42.834925996139646" lon="-6.750792609527707">
        <ele>948.4000244140625</ele>
      </trkpt>
      <trkpt lat="42.83492574468255" lon="-6.750790094956756">
        <ele>948.4000244140625</ele>
      </trkpt>
      <trkpt lat="42.83492624759674" lon="-6.750787831842899">
        <ele>948.4000244140625</ele>
      </trkpt>
      <trkpt lat="42.83492557704449" lon="-6.750789508223534">
        <ele>948.4000244140625</ele>
      </trkpt>
      <trkpt lat="42.834927001968026" lon="-6.750795291736722">
        <ele>948.4000244140625</ele>
      </trkpt>
      <trkpt lat="42.83492624759674" lon="-6.750793866813183">
        <ele>948.4000244140625</ele>
      </trkpt>
      <trkpt lat="42.83492633141577" lon="-6.750795878469944">
        <ele>948.4000244140625</ele>
      </trkpt>
      <trkpt lat="42.83492616377771" lon="-6.750796800479293">
        <ele>948.4000244140625</ele>
      </trkpt>
      <trkpt lat="42.83492390066385" lon="-6.750801578164101">
        <ele>948.4000244140625</ele>
      </trkpt>
      <trkpt lat="42.83492214046419" lon="-6.750801159068942">
        <ele>948.4000244140625</ele>
      </trkpt>
      <trkpt lat="42.83491970971227" lon="-6.750802081078291">
        <ele>948.4000244140625</ele>
      </trkpt>
      <trkpt lat="42.83491853624582" lon="-6.7508025001734495">
        <ele>948.4000244140625</ele>
      </trkpt>
      <trkpt lat="42.834920128807425" lon="-6.7508036736398935">
        <ele>948.4000244140625</ele>
      </trkpt>
      <trkpt lat="42.83491644077003" lon="-6.750790262594819">
        <ele>948.4000244140625</ele>
      </trkpt>
      <trkpt lat="42.834911076352" lon="-6.750785484910011">
        <ele>948.5999755859375</ele>
      </trkpt>
      <trkpt lat="42.834906885400414" lon="-6.75078104250133">
        <ele>948.7999877929688</ele>
      </trkpt>
      <trkpt lat="42.834903532639146" lon="-6.7507771868258715">
        <ele>949.2000122070312</ele>
      </trkpt>
      <trkpt lat="42.83489699475467" lon="-6.750767715275288">
        <ele>949.4000244140625</ele>
      </trkpt>
      <trkpt lat="42.83488743938506" lon="-6.75076000392437">
        <ele>949.4000244140625</ele>
      </trkpt>
      <trkpt lat="42.83487687818706" lon="-6.750751370564103">
        <ele>949.5999755859375</ele>
      </trkpt>
      <trkpt lat="42.83486137166619" lon="-6.75072873942554">
        <ele>949.5999755859375</ele>
      </trkpt>
      <trkpt lat="42.834845781326294" lon="-6.750701330602169">
        <ele>949.5999755859375</ele>
      </trkpt>
      <trkpt lat="42.83483371138573" lon="-6.750678364187479">
        <ele>949.7999877929688</ele>
      </trkpt>
      <trkpt lat="42.83481912687421" lon="-6.750647518783808">
        <ele>949.7999877929688</ele>
      </trkpt>
      <trkpt lat="42.8348074760288" lon="-6.750616757199168">
        <ele>950.2000122070312</ele>
      </trkpt>
      <trkpt lat="42.83480294980109" lon="-6.7505919467657804">
        <ele>950.2000122070312</ele>
      </trkpt>
      <trkpt lat="42.834788700565696" lon="-6.750560095533729">
        <ele>950.4000244140625</ele>
      </trkpt>
      <trkpt lat="42.834776965901256" lon="-6.750534111633897">
        <ele>950.7999877929688</ele>
      </trkpt>
      <trkpt lat="42.83476984128356" lon="-6.750506199896336">
        <ele>951</ele>
      </trkpt>
      <trkpt lat="42.83475844189525" lon="-6.750472169369459">
        <ele>951</ele>
      </trkpt>
      <trkpt lat="42.83474779687822" lon="-6.750446017831564">
        <ele>951</ele>
      </trkpt>
      <trkpt lat="42.83473421819508" lon="-6.750420704483986">
        <ele>951</ele>
      </trkpt>
      <trkpt lat="42.834718292579055" lon="-6.7503940500319">
        <ele>951</ele>
      </trkpt>
      <trkpt lat="42.83469323068857" lon="-6.7503557447344065">
        <ele>951</ele>
      </trkpt>
      <trkpt lat="42.83467520959675" lon="-6.750329928472638">
        <ele>951</ele>
      </trkpt>
      <trkpt lat="42.83465752378106" lon="-6.750304363667965">
        <ele>951.2000122070312</ele>
      </trkpt>
      <trkpt lat="42.83464075997472" lon="-6.750284666195512">
        <ele>951.2000122070312</ele>
      </trkpt>
      <trkpt lat="42.83462667837739" lon="-6.750265890732408">
        <ele>951.2000122070312</ele>
      </trkpt>
      <trkpt lat="42.834610249847174" lon="-6.750240158289671">
        <ele>951.2000122070312</ele>
      </trkpt>
      <trkpt lat="42.834591306746006" lon="-6.750217108055949">
        <ele>951</ele>
      </trkpt>
      <trkpt lat="42.83457345329225" lon="-6.750199589878321">
        <ele>951</ele>
      </trkpt>
      <trkpt lat="42.83455987460911" lon="-6.750184837728739">
        <ele>951</ele>
      </trkpt>
      <trkpt lat="42.83454327844083" lon="-6.750167990103364">
        <ele>951</ele>
      </trkpt>
      <trkpt lat="42.834522407501936" lon="-6.750151729211211">
        <ele>950.7999877929688</ele>
      </trkpt>
      <trkpt lat="42.834507655352354" lon="-6.750139743089676">
        <ele>950.7999877929688</ele>
      </trkpt>
      <trkpt lat="42.83449734561145" lon="-6.750125577673316">
        <ele>950.5999755859375</ele>
      </trkpt>
      <trkpt lat="42.8344792407006" lon="-6.750104790553451">
        <ele>950.5999755859375</ele>
      </trkpt>
      <trkpt lat="42.8344602137804" lon="-6.75008961930871">
        <ele>950.5999755859375</ele>
      </trkpt>
      <trkpt lat="42.83444822765887" lon="-6.750074531883001">
        <ele>950.4000244140625</ele>
      </trkpt>
      <trkpt lat="42.83443263731897" lon="-6.750058606266975">
        <ele>950.4000244140625</ele>
      </trkpt>
      <trkpt lat="42.834413861855865" lon="-6.750045195221901">
        <ele>950.4000244140625</ele>
      </trkpt>
      <trkpt lat="42.83439567312598" lon="-6.750029101967812">
        <ele>950.4000244140625</ele>
      </trkpt>
      <trkpt lat="42.8343756403774" lon="-6.750013008713722">
        <ele>950.2000122070312</ele>
      </trkpt>
      <trkpt lat="42.83435954712331" lon="-6.750003034248948">
        <ele>950.2000122070312</ele>
      </trkpt>
      <trkpt lat="42.83434269949794" lon="-6.749992640689015">
        <ele>950</ele>
      </trkpt>
      <trkpt lat="42.83432241529226" lon="-6.749978894367814">
        <ele>950</ele>
      </trkpt>
      <trkpt lat="42.83430766314268" lon="-6.74996648915112">
        <ele>949.7999877929688</ele>
      </trkpt>
      <trkpt lat="42.834294671192765" lon="-6.749956011772156">
        <ele>949.5999755859375</ele>
      </trkpt>
      <trkpt lat="42.83427421934903" lon="-6.749942600727081">
        <ele>949.5999755859375</ele>
      </trkpt>
      <trkpt lat="42.83425695262849" lon="-6.749931955710053">
        <ele>949.5999755859375</ele>
      </trkpt>
      <trkpt lat="42.83424303866923" lon="-6.749922065064311">
        <ele>949.4000244140625</ele>
      </trkpt>
      <trkpt lat="42.834224849939346" lon="-6.749906810000539">
        <ele>949.4000244140625</ele>
      </trkpt>
      <trkpt lat="42.83420758321881" lon="-6.749899433925748">
        <ele>949.4000244140625</ele>
      </trkpt>
      <trkpt lat="42.83419341780245" lon="-6.749891806393862">
        <ele>949.4000244140625</ele>
      </trkpt>
      <trkpt lat="42.83417648635805" lon="-6.74988049082458">
        <ele>949.2000122070312</ele>
      </trkpt>
      <trkpt lat="42.834160309284925" lon="-6.749864649027586">
        <ele>949.2000122070312</ele>
      </trkpt>
      <trkpt lat="42.834143629297614" lon="-6.749846376478672">
        <ele>949.2000122070312</ele>
      </trkpt>
      <trkpt lat="42.83412644639611" lon="-6.7498253379017115">
        <ele>949.2000122070312</ele>
      </trkpt>
      <trkpt lat="42.8341132029891" lon="-6.7498064786195755">
        <ele>949.2000122070312</ele>
      </trkpt>
      <trkpt lat="42.83409853465855" lon="-6.749793151393533">
        <ele>949.2000122070312</ele>
      </trkpt>
      <trkpt lat="42.834083028137684" lon="-6.7497767228633165">
        <ele>949.2000122070312</ele>
      </trkpt>
      <trkpt lat="42.834069952368736" lon="-6.749762641265988">
        <ele>949.2000122070312</ele>
      </trkpt>
      <trkpt lat="42.83405628986657" lon="-6.749742440879345">
        <ele>949.2000122070312</ele>
      </trkpt>
      <trkpt lat="42.8340423759073" lon="-6.749717714264989">
        <ele>949.2000122070312</ele>
      </trkpt>
      <trkpt lat="42.83402971923351" lon="-6.749695586040616">
        <ele>949.4000244140625</ele>
      </trkpt>
      <trkpt lat="42.83401538617909" lon="-6.74966842867434">
        <ele>949.4000244140625</ele>
      </trkpt>
      <trkpt lat="42.83399669453502" lon="-6.749635823071003">
        <ele>949.4000244140625</ele>
      </trkpt>
      <trkpt lat="42.83398110419512" lon="-6.749612186104059">
        <ele>949.4000244140625</ele>
      </trkpt>
      <trkpt lat="42.83396844752133" lon="-6.749586286023259">
        <ele>949.5999755859375</ele>
      </trkpt>
      <trkpt lat="42.833954617381096" lon="-6.749562816694379">
        <ele>949.5999755859375</ele>
      </trkpt>
      <trkpt lat="42.83394028432667" lon="-6.749538257718086">
        <ele>949.5999755859375</ele>
      </trkpt>
      <trkpt lat="42.833925196900964" lon="-6.749512189999223">
        <ele>949.7999877929688</ele>
      </trkpt>
      <trkpt lat="42.833912121132016" lon="-6.749491738155484">
        <ele>949.7999877929688</ele>
      </trkpt>
      <trkpt lat="42.83390013501048" lon="-6.749473297968507">
        <ele>949.7999877929688</ele>
      </trkpt>
      <trkpt lat="42.83388144336641" lon="-6.7494480684399605">
        <ele>950</ele>
      </trkpt>
      <trkpt lat="42.83386426046491" lon="-6.749429376795888">
        <ele>950</ele>
      </trkpt>
      <trkpt lat="42.8338491730392" lon="-6.749410601332784">
        <ele>950</ele>
      </trkpt>
      <trkpt lat="42.83382922410965" lon="-6.749388976022601">
        <ele>950.2000122070312</ele>
      </trkpt>
      <trkpt lat="42.833808939903975" lon="-6.749368943274021">
        <ele>950.2000122070312</ele>
      </trkpt>
      <trkpt lat="42.83378672786057" lon="-6.749349078163505">
        <ele>950.4000244140625</ele>
      </trkpt>
      <trkpt lat="42.83376753330231" lon="-6.749329715967178">
        <ele>950.5999755859375</ele>
      </trkpt>
      <trkpt lat="42.833749847486615" lon="-6.749310940504074">
        <ele>950.7999877929688</ele>
      </trkpt>
      <trkpt lat="42.83372604288161" lon="-6.749285543337464">
        <ele>951</ele>
      </trkpt>
      <trkpt lat="42.8336972091347" lon="-6.749256458133459">
        <ele>951.2000122070312</ele>
      </trkpt>
      <trkpt lat="42.83368011005223" lon="-6.749240197241306">
        <ele>951.4000244140625</ele>
      </trkpt>
      <trkpt lat="42.83365781418979" lon="-6.749213961884379">
        <ele>951.5999755859375</ele>
      </trkpt>
      <trkpt lat="42.833636524155736" lon="-6.74919200129807">
        <ele>951.7999877929688</ele>
      </trkpt>
      <trkpt lat="42.83361129462719" lon="-6.749163083732128">
        <ele>951.7999877929688</ele>
      </trkpt>
      <trkpt lat="42.833597883582115" lon="-6.749141626060009">
        <ele>952</ele>
      </trkpt>
      <trkpt lat="42.833584640175104" lon="-6.749119078740478">
        <ele>952.4000244140625</ele>
      </trkpt>
      <trkpt lat="42.83357374370098" lon="-6.74908647313714">
        <ele>952.5999755859375</ele>
      </trkpt>
      <trkpt lat="42.83356720581651" lon="-6.749058896675706">
        <ele>953</ele>
      </trkpt>
      <trkpt lat="42.83355991356075" lon="-6.74902880564332">
        <ele>953.4000244140625</ele>
      </trkpt>
      <trkpt lat="42.83355354331434" lon="-6.748996702954173">
        <ele>953.5999755859375</ele>
      </trkpt>
      <trkpt lat="42.83354616723955" lon="-6.748976083472371">
        <ele>953.5999755859375</ele>
      </trkpt>
      <trkpt lat="42.83354088664055" lon="-6.748951189219952">
        <ele>953.7999877929688</ele>
      </trkpt>
      <trkpt lat="42.83353401347995" lon="-6.748928893357515">
        <ele>953.7999877929688</ele>
      </trkpt>
      <trkpt lat="42.83352470956743" lon="-6.748906597495079">
        <ele>954</ele>
      </trkpt>
      <trkpt lat="42.8335106279701" lon="-6.748875416815281">
        <ele>954</ele>
      </trkpt>
      <trkpt lat="42.833496797829866" lon="-6.748848427087069">
        <ele>954.2000122070312</ele>
      </trkpt>
      <trkpt lat="42.83348388969898" lon="-6.748824371024966">
        <ele>954.2000122070312</ele>
      </trkpt>
      <trkpt lat="42.83347106538713" lon="-6.748797129839659">
        <ele>954.4000244140625</ele>
      </trkpt>
      <trkpt lat="42.83345597796142" lon="-6.74877567216754">
        <ele>954.4000244140625</ele>
      </trkpt>
      <trkpt lat="42.83343929797411" lon="-6.748753041028976">
        <ele>954.4000244140625</ele>
      </trkpt>
      <trkpt lat="42.833423456177115" lon="-6.7487279791384935">
        <ele>954.5999755859375</ele>
      </trkpt>
      <trkpt lat="42.83340845257044" lon="-6.748707694932818">
        <ele>954.7999877929688</ele>
      </trkpt>
      <trkpt lat="42.83339152112603" lon="-6.748689506202936">
        <ele>955</ele>
      </trkpt>
      <trkpt lat="42.833374589681625" lon="-6.748664109036326">
        <ele>955</ele>
      </trkpt>
      <trkpt lat="42.833359418436885" lon="-6.748641226440668">
        <ele>955</ele>
      </trkpt>
      <trkpt lat="42.83334684558213" lon="-6.7486092913895845">
        <ele>955</ele>
      </trkpt>
      <trkpt lat="42.833337960764766" lon="-6.748590264469385">
        <ele>955.2000122070312</ele>
      </trkpt>
      <trkpt lat="42.83333326689899" lon="-6.748568555340171">
        <ele>955.2000122070312</ele>
      </trkpt>
      <trkpt lat="42.833326142281294" lon="-6.7485415656119585">
        <ele>955.2000122070312</ele>
      </trkpt>
      <trkpt lat="42.833318430930376" lon="-6.748522957786918">
        <ele>955.2000122070312</ele>
      </trkpt>
      <trkpt lat="42.833307618275285" lon="-6.7484973929822445">
        <ele>955.2000122070312</ele>
      </trkpt>
      <trkpt lat="42.83329420723021" lon="-6.748470487073064">
        <ele>955.4000244140625</ele>
      </trkpt>
      <trkpt lat="42.83328339457512" lon="-6.748452130705118">
        <ele>955.4000244140625</ele>
      </trkpt>
      <trkpt lat="42.83327107317746" lon="-6.7484331876039505">
        <ele>955.5999755859375</ele>
      </trkpt>
      <trkpt lat="42.83325204625726" lon="-6.748405946418643">
        <ele>955.7999877929688</ele>
      </trkpt>
      <trkpt lat="42.83323838375509" lon="-6.748389266431332">
        <ele>955.7999877929688</ele>
      </trkpt>
      <trkpt lat="42.83322438597679" lon="-6.748364372178912">
        <ele>956</ele>
      </trkpt>
      <trkpt lat="42.83320963382721" lon="-6.748335538432002">
        <ele>956</ele>
      </trkpt>
      <trkpt lat="42.833196641877294" lon="-6.748314583674073">
        <ele>956.2000122070312</ele>
      </trkpt>
      <trkpt lat="42.833183566108346" lon="-6.748289437964559">
        <ele>956.4000244140625</ele>
      </trkpt>
      <trkpt lat="42.83316898159683" lon="-6.748268064111471">
        <ele>956.4000244140625</ele>
      </trkpt>
      <trkpt lat="42.83315691165626" lon="-6.748249037191272">
        <ele>956.4000244140625</ele>
      </trkpt>
      <trkpt lat="42.83314316533506" lon="-6.748220454901457">
        <ele>956.4000244140625</ele>
      </trkpt>
      <trkpt lat="42.83312858082354" lon="-6.748197991400957">
        <ele>956.4000244140625</ele>
      </trkpt>
      <trkpt lat="42.833117600530386" lon="-6.748178126290441">
        <ele>956.4000244140625</ele>
      </trkpt>
      <trkpt lat="42.8331065364182" lon="-6.748157422989607">
        <ele>956.4000244140625</ele>
      </trkpt>
      <trkpt lat="42.83309429883957" lon="-6.748138312250376">
        <ele>956.4000244140625</ele>
      </trkpt>
      <trkpt lat="42.83308549784124" lon="-6.748118279501796">
        <ele>956.4000244140625</ele>
      </trkpt>
      <trkpt lat="42.83306940458715" lon="-6.7480891942977905">
        <ele>956.5999755859375</ele>
      </trkpt>
      <trkpt lat="42.8330581728369" lon="-6.748071257025003">
        <ele>956.5999755859375</ele>
      </trkpt>
      <trkpt lat="42.83304853364825" lon="-6.748056337237358">
        <ele>956.5999755859375</ele>
      </trkpt>
      <trkpt lat="42.83303185366094" lon="-6.748034209012985">
        <ele>956.5999755859375</ele>
      </trkpt>
      <trkpt lat="42.83301869407296" lon="-6.748019205406308">
        <ele>956.5999755859375</ele>
      </trkpt>
      <trkpt lat="42.83300377428532" lon="-6.747999591752887">
        <ele>956.5999755859375</ele>
      </trkpt>
      <trkpt lat="42.832988603040576" lon="-6.747978301718831">
        <ele>956.5999755859375</ele>
      </trkpt>
      <trkpt lat="42.83297552727163" lon="-6.747961202636361">
        <ele>956.4000244140625</ele>
      </trkpt>
      <trkpt lat="42.83296085894108" lon="-6.747940834611654">
        <ele>956.4000244140625</ele>
      </trkpt>
      <trkpt lat="42.832947447896004" lon="-6.747924741357565">
        <ele>956.4000244140625</ele>
      </trkpt>
      <trkpt lat="42.83293537795544" lon="-6.747911749407649">
        <ele>956.2000122070312</ele>
      </trkpt>
      <trkpt lat="42.83292372711003" lon="-6.747893393039703">
        <ele>956.2000122070312</ele>
      </trkpt>
      <trkpt lat="42.832910818979144" lon="-6.747874449938536">
        <ele>956.2000122070312</ele>
      </trkpt>
      <trkpt lat="42.8329009283334" lon="-6.7478574346750975">
        <ele>956.2000122070312</ele>
      </trkpt>
      <trkpt lat="42.83288952894509" lon="-6.747834635898471">
        <ele>956.2000122070312</ele>
      </trkpt>
      <trkpt lat="42.83287796191871" lon="-6.747815860435367">
        <ele>956.2000122070312</ele>
      </trkpt>
      <trkpt lat="42.8328647185117" lon="-6.74779892899096">
        <ele>956.2000122070312</ele>
      </trkpt>
      <trkpt lat="42.83284761942923" lon="-6.747773280367255">
        <ele>956.2000122070312</ele>
      </trkpt>
      <trkpt lat="42.83283596858382" lon="-6.747756516560912">
        <ele>956.2000122070312</ele>
      </trkpt>
      <trkpt lat="42.83282381482422" lon="-6.747736483812332">
        <ele>956</ele>
      </trkpt>
      <trkpt lat="42.83280847594142" lon="-6.74771829508245">
        <ele>955.7999877929688</ele>
      </trkpt>
      <trkpt lat="42.83279179595411" lon="-6.747703375294805">
        <ele>955.5999755859375</ele>
      </trkpt>
      <trkpt lat="42.83277771435678" lon="-6.747688287869096">
        <ele>955.5999755859375</ele>
      </trkpt>
      <trkpt lat="42.8327595256269" lon="-6.747666159644723">
        <ele>955.5999755859375</ele>
      </trkpt>
      <trkpt lat="42.832748629152775" lon="-6.747649982571602">
        <ele>955.4000244140625</ele>
      </trkpt>
      <trkpt lat="42.83273169770837" lon="-6.747632045298815">
        <ele>955.4000244140625</ele>
      </trkpt>
      <trkpt lat="42.832716861739755" lon="-6.747613102197647">
        <ele>955.4000244140625</ele>
      </trkpt>
      <trkpt lat="42.83270621672273" lon="-6.747600864619017">
        <ele>955.4000244140625</ele>
      </trkpt>
      <trkpt lat="42.83269599080086" lon="-6.747584100812674">
        <ele>955.4000244140625</ele>
      </trkpt>
      <trkpt lat="42.832686519250274" lon="-6.747567504644394">
        <ele>955.4000244140625</ele>
      </trkpt>
      <trkpt lat="42.83267302438617" lon="-6.747546466067433">
        <ele>955.4000244140625</ele>
      </trkpt>
      <trkpt lat="42.832663133740425" lon="-6.747527103871107">
        <ele>955.4000244140625</ele>
      </trkpt>
      <trkpt lat="42.83265156671405" lon="-6.747508412227035">
        <ele>955.4000244140625</ele>
      </trkpt>
      <trkpt lat="42.832641089335084" lon="-6.747487289831042">
        <ele>955.4000244140625</ele>
      </trkpt>
      <trkpt lat="42.83262960612774" lon="-6.747465413063765">
        <ele>955.2000122070312</ele>
      </trkpt>
      <trkpt lat="42.83261686563492" lon="-6.747442195191979">
        <ele>955.2000122070312</ele>
      </trkpt>
      <trkpt lat="42.83260907046497" lon="-6.7474262695759535">
        <ele>955</ele>
      </trkpt>
      <trkpt lat="42.832598090171814" lon="-6.747403051704168">
        <ele>954.7999877929688</ele>
      </trkpt>
      <trkpt lat="42.8325882833451" lon="-6.7473832704126835">
        <ele>954.5999755859375</ele>
      </trkpt>
      <trkpt lat="42.83257671631873" lon="-6.747367512434721">
        <ele>954.4000244140625</ele>
      </trkpt>
      <trkpt lat="42.83256464637816" lon="-6.747352089732885">
        <ele>954.2000122070312</ele>
      </trkpt>
      <trkpt lat="42.83254897221923" lon="-6.747335409745574">
        <ele>953.7999877929688</ele>
      </trkpt>
      <trkpt lat="42.8325332980603" lon="-6.747318897396326">
        <ele>953.5999755859375</ele>
      </trkpt>
      <trkpt lat="42.83251536078751" lon="-6.7473007924854755">
        <ele>953.4000244140625</ele>
      </trkpt>
      <trkpt lat="42.83249918371439" lon="-6.747283861041069">
        <ele>953.4000244140625</ele>
      </trkpt>
      <trkpt lat="42.83248786814511" lon="-6.747272880747914">
        <ele>953.2000122070312</ele>
      </trkpt>
      <trkpt lat="42.83247630111873" lon="-6.74726240336895">
        <ele>953.2000122070312</ele>
      </trkpt>
      <trkpt lat="42.832460878416896" lon="-6.747252009809017">
        <ele>953</ele>
      </trkpt>
      <trkpt lat="42.83244646154344" lon="-6.747242538258433">
        <ele>952.7999877929688</ele>
      </trkpt>
      <trkpt lat="42.83243481069803" lon="-6.74723650328815">
        <ele>952.4000244140625</ele>
      </trkpt>
      <trkpt lat="42.832417292520404" lon="-6.747227534651756">
        <ele>952.2000122070312</ele>
      </trkpt>
      <trkpt lat="42.83240673132241" lon="-6.7472218349576">
        <ele>952.2000122070312</ele>
      </trkpt>
      <trkpt lat="42.83239474520087" lon="-6.747216554358602">
        <ele>952</ele>
      </trkpt>
      <trkpt lat="42.832380160689354" lon="-6.747207082808018">
        <ele>951.7999877929688</ele>
      </trkpt>
      <trkpt lat="42.83236633054912" lon="-6.747201299294829">
        <ele>951.5999755859375</ele>
      </trkpt>
      <trkpt lat="42.8323519974947" lon="-6.747197192162275">
        <ele>951.4000244140625</ele>
      </trkpt>
      <trkpt lat="42.83233464695513" lon="-6.747191660106182">
        <ele>951.4000244140625</ele>
      </trkpt>
      <trkpt lat="42.83231687732041" lon="-6.747185289859772">
        <ele>951.2000122070312</ele>
      </trkpt>
      <trkpt lat="42.832303047180176" lon="-6.74717883579433">
        <ele>951</ele>
      </trkpt>
      <trkpt lat="42.83228519372642" lon="-6.74716517329216">
        <ele>951</ele>
      </trkpt>
      <trkpt lat="42.83226767554879" lon="-6.747151929885149">
        <ele>950.5999755859375</ele>
      </trkpt>
      <trkpt lat="42.83225292339921" lon="-6.747143296524882">
        <ele>950.5999755859375</ele>
      </trkpt>
      <trkpt lat="42.83223859034479" lon="-6.747130304574966">
        <ele>950.4000244140625</ele>
      </trkpt>
      <trkpt lat="42.832225933671" lon="-6.747118402272463">
        <ele>950.4000244140625</ele>
      </trkpt>
      <trkpt lat="42.83221545629203" lon="-6.747108092531562">
        <ele>950.4000244140625</ele>
      </trkpt>
      <trkpt lat="42.83220212906599" lon="-6.747093424201012">
        <ele>950.2000122070312</ele>
      </trkpt>
      <trkpt lat="42.83218679018319" lon="-6.747077750042081">
        <ele>950.2000122070312</ele>
      </trkpt>
      <trkpt lat="42.83217488788068" lon="-6.74706500954926">
        <ele>950</ele>
      </trkpt>
      <trkpt lat="42.83216122537851" lon="-6.74704983830452">
        <ele>949.7999877929688</ele>
      </trkpt>
      <trkpt lat="42.832145718857646" lon="-6.7470295540988445">
        <ele>949.5999755859375</ele>
      </trkpt>
      <trkpt lat="42.83213624730706" lon="-6.747017987072468">
        <ele>949.5999755859375</ele>
      </trkpt>
      <trkpt lat="42.832117807120085" lon="-6.746998289600015">
        <ele>949.5999755859375</ele>
      </trkpt>
      <trkpt lat="42.83210431225598" lon="-6.74698387272656">
        <ele>949.4000244140625</ele>
      </trkpt>
      <trkpt lat="42.832093331962824" lon="-6.746970880776644">
        <ele>949.4000244140625</ele>
      </trkpt>
      <trkpt lat="42.83208101056516" lon="-6.746958056464791">
        <ele>949.4000244140625</ele>
      </trkpt>
      <trkpt lat="42.8320702817291" lon="-6.746939867734909">
        <ele>949.2000122070312</ele>
      </trkpt>
      <trkpt lat="42.8320599719882" lon="-6.746923858299851">
        <ele>949.2000122070312</ele>
      </trkpt>
      <trkpt lat="42.832052847370505" lon="-6.746908938512206">
        <ele>949.2000122070312</ele>
      </trkpt>
      <trkpt lat="42.83204320818186" lon="-6.74688370898366">
        <ele>949.2000122070312</ele>
      </trkpt>
      <trkpt lat="42.83203549683094" lon="-6.746868286281824">
        <ele>949</ele>
      </trkpt>
      <trkpt lat="42.832021582871675" lon="-6.746847331523895">
        <ele>949</ele>
      </trkpt>
      <trkpt lat="42.832008339464664" lon="-6.746827801689506">
        <ele>949</ele>
      </trkpt>
      <trkpt lat="42.83199492841959" lon="-6.746814390644431">
        <ele>949</ele>
      </trkpt>
      <trkpt lat="42.831985456869006" lon="-6.746803745627403">
        <ele>948.7999877929688</ele>
      </trkpt>
      <trkpt lat="42.83197523094714" lon="-6.7467898316681385">
        <ele>948.5999755859375</ele>
      </trkpt>
      <trkpt lat="42.83196802251041" lon="-6.746780946850777">
        <ele>948.5999755859375</ele>
      </trkpt>
      <trkpt lat="42.83195972442627" lon="-6.7467686254531145">
        <ele>948.2000122070312</ele>
      </trkpt>
      <trkpt lat="42.83194405026734" lon="-6.746751526370645">
        <ele>948</ele>
      </trkpt>
      <trkpt lat="42.83192938193679" lon="-6.746733505278826">
        <ele>947.7999877929688</ele>
      </trkpt>
      <trkpt lat="42.83191379159689" lon="-6.746721938252449">
        <ele>947.5999755859375</ele>
      </trkpt>
      <trkpt lat="42.831901386380196" lon="-6.74670584499836">
        <ele>947.5999755859375</ele>
      </trkpt>
      <trkpt lat="42.83188872970641" lon="-6.7466905899345875">
        <ele>947.5999755859375</ele>
      </trkpt>
      <trkpt lat="42.83187582157552" lon="-6.746679274365306">
        <ele>947.5999755859375</ele>
      </trkpt>
      <trkpt lat="42.83186257816851" lon="-6.746669467538595">
        <ele>947.5999755859375</ele>
      </trkpt>
      <trkpt lat="42.83184380270541" lon="-6.746657229959965">
        <ele>947.5999755859375</ele>
      </trkpt>
      <trkpt lat="42.83182645216584" lon="-6.746645495295525">
        <ele>947.5999755859375</ele>
      </trkpt>
      <trkpt lat="42.83180616796017" lon="-6.74663401208818">
        <ele>948</ele>
      </trkpt>
      <trkpt lat="42.83177834004164" lon="-6.746615990996361">
        <ele>948.4000244140625</ele>
      </trkpt>
      <trkpt lat="42.831751350313425" lon="-6.746604926884174">
        <ele>948.7999877929688</ele>
      </trkpt>
      <trkpt lat="42.83172771334648" lon="-6.746596125885844">
        <ele>949.2000122070312</ele>
      </trkpt>
      <trkpt lat="42.8317008074373" lon="-6.746584977954626">
        <ele>949.7999877929688</ele>
      </trkpt>
      <trkpt lat="42.83167482353747" lon="-6.746573494747281">
        <ele>950.2000122070312</ele>
      </trkpt>
      <trkpt lat="42.831647247076035" lon="-6.746557233855128">
        <ele>950.7999877929688</ele>
      </trkpt>
      <trkpt lat="42.83162411302328" lon="-6.746541643515229">
        <ele>951.2000122070312</ele>
      </trkpt>
      <trkpt lat="42.831603242084384" lon="-6.746518760919571">
        <ele>951.5999755859375</ele>
      </trkpt>
      <trkpt lat="42.83158463425934" lon="-6.746501745656133">
        <ele>951.7999877929688</ele>
      </trkpt>
      <trkpt lat="42.83156778663397" lon="-6.746481629088521">
        <ele>952.2000122070312</ele>
      </trkpt>
      <trkpt lat="42.831553453579545" lon="-6.74646008759737">
        <ele>952.4000244140625</ele>
      </trkpt>
      <trkpt lat="42.83153886906803" lon="-6.746446173638105">
        <ele>952.5999755859375</ele>
      </trkpt>
      <trkpt lat="42.83152202144265" lon="-6.74643125385046">
        <ele>952.5999755859375</ele>
      </trkpt>
      <trkpt lat="42.83150634728372" lon="-6.746420776471496">
        <ele>952.5999755859375</ele>
      </trkpt>
      <trkpt lat="42.83148983493447" lon="-6.746403845027089">
        <ele>952.5999755859375</ele>
      </trkpt>
      <trkpt lat="42.83147064037621" lon="-6.746395295485854">
        <ele>952.7999877929688</ele>
      </trkpt>
      <trkpt lat="42.831454714760184" lon="-6.74639068543911">
        <ele>952.5999755859375</ele>
      </trkpt>
      <trkpt lat="42.83143971115351" lon="-6.7463828064501286">
        <ele>952.5999755859375</ele>
      </trkpt>
      <trkpt lat="42.83142034895718" lon="-6.746366294100881">
        <ele>952.5999755859375</ele>
      </trkpt>
      <trkpt lat="42.83140425570309" lon="-6.746354727074504">
        <ele>952.2000122070312</ele>
      </trkpt>
      <trkpt lat="42.83138405531645" lon="-6.746341483667493">
        <ele>952.2000122070312</ele>
      </trkpt>
      <trkpt lat="42.83136511221528" lon="-6.746326144784689">
        <ele>951.7999877929688</ele>
      </trkpt>
      <trkpt lat="42.83135480247438" lon="-6.746317343786359">
        <ele>951.4000244140625</ele>
      </trkpt>
      <trkpt lat="42.83134147524834" lon="-6.746303848922253">
        <ele>951.2000122070312</ele>
      </trkpt>
      <trkpt lat="42.83132940530777" lon="-6.746292365714908">
        <ele>950.7999877929688</ele>
      </trkpt>
      <trkpt lat="42.83131188713014" lon="-6.746282307431102">
        <ele>950.5999755859375</ele>
      </trkpt>
      <trkpt lat="42.83130006864667" lon="-6.746280379593372">
        <ele>950.5999755859375</ele>
      </trkpt>
      <trkpt lat="42.831287579610944" lon="-6.746277026832104">
        <ele>950.4000244140625</ele>
      </trkpt>
      <trkpt lat="42.831273414194584" lon="-6.746270405128598">
        <ele>950.4000244140625</ele>
      </trkpt>
      <trkpt lat="42.83126151189208" lon="-6.746263364329934">
        <ele>950.2000122070312</ele>
      </trkpt>
      <trkpt lat="42.83125321380794" lon="-6.746256155893207">
        <ele>950</ele>
      </trkpt>
      <trkpt lat="42.83123904839158" lon="-6.7462376318871975">
        <ele>949.7999877929688</ele>
      </trkpt>
      <trkpt lat="42.83122438006103" lon="-6.746222879737616">
        <ele>949.7999877929688</ele>
      </trkpt>
      <trkpt lat="42.83121247775853" lon="-6.746210139244795">
        <ele>949.5999755859375</ele>
      </trkpt>
      <trkpt lat="42.83119889907539" lon="-6.7461928725242615">
        <ele>949.4000244140625</ele>
      </trkpt>
      <trkpt lat="42.83118674531579" lon="-6.74618205986917">
        <ele>949.4000244140625</ele>
      </trkpt>
      <trkpt lat="42.83117534592748" lon="-6.746178539469838">
        <ele>949.2000122070312</ele>
      </trkpt>
      <trkpt lat="42.8311619348824" lon="-6.746165547519922">
        <ele>949</ele>
      </trkpt>
      <trkpt lat="42.83114919438958" lon="-6.746153058484197">
        <ele>949</ele>
      </trkpt>
      <trkpt lat="42.83113460987806" lon="-6.74614392220974">
        <ele>948.7999877929688</ele>
      </trkpt>
      <trkpt lat="42.8311206959188" lon="-6.746135959401727">
        <ele>948.7999877929688</ele>
      </trkpt>
      <trkpt lat="42.83110451884568" lon="-6.74612732604146">
        <ele>948.5999755859375</ele>
      </trkpt>
      <trkpt lat="42.8310879226774" lon="-6.746119698509574">
        <ele>948.4000244140625</ele>
      </trkpt>
      <trkpt lat="42.831071242690086" lon="-6.746109388768673">
        <ele>948.2000122070312</ele>
      </trkpt>
      <trkpt lat="42.83105179667473" lon="-6.746097235009074">
        <ele>948</ele>
      </trkpt>
      <trkpt lat="42.831033021211624" lon="-6.746085584163666">
        <ele>947.7999877929688</ele>
      </trkpt>
      <trkpt lat="42.83101608976722" lon="-6.746076866984367">
        <ele>947.5999755859375</ele>
      </trkpt>
      <trkpt lat="42.830994967371225" lon="-6.746056582778692">
        <ele>947.4000244140625</ele>
      </trkpt>
      <trkpt lat="42.83097602427006" lon="-6.746039986610413">
        <ele>947.2000122070312</ele>
      </trkpt>
      <trkpt lat="42.830966552719474" lon="-6.746031939983368">
        <ele>947</ele>
      </trkpt>
      <trkpt lat="42.8309515491128" lon="-6.746022216975689">
        <ele>946.7999877929688</ele>
      </trkpt>
      <trkpt lat="42.83093662932515" lon="-6.746010733768344">
        <ele>946.7999877929688</ele>
      </trkpt>
      <trkpt lat="42.83092640340328" lon="-6.7459979094564915">
        <ele>946.4000244140625</ele>
      </trkpt>
      <trkpt lat="42.83091559074819" lon="-6.745988102629781">
        <ele>946.2000122070312</ele>
      </trkpt>
      <trkpt lat="42.830908969044685" lon="-6.745980056002736">
        <ele>946</ele>
      </trkpt>
      <trkpt lat="42.83089564181864" lon="-6.745969578623772">
        <ele>945.7999877929688</ele>
      </trkpt>
      <trkpt lat="42.83088876865804" lon="-6.7459646333009005">
        <ele>945.5999755859375</ele>
      </trkpt>
      <trkpt lat="42.83088080585003" lon="-6.745961531996727">
        <ele>945.5999755859375</ele>
      </trkpt>
      <trkpt lat="42.83086798153818" lon="-6.745955580845475">
        <ele>945.4000244140625</ele>
      </trkpt>
      <trkpt lat="42.830854235216975" lon="-6.745949713513255">
        <ele>945.4000244140625</ele>
      </trkpt>
      <trkpt lat="42.83084174618125" lon="-6.74594409763813">
        <ele>945.2000122070312</ele>
      </trkpt>
      <trkpt lat="42.83082841895521" lon="-6.7459348775446415">
        <ele>945</ele>
      </trkpt>
      <trkpt lat="42.83081584610045" lon="-6.745923897251487">
        <ele>944.7999877929688</ele>
      </trkpt>
      <trkpt lat="42.830802435055375" lon="-6.745916521176696">
        <ele>944.5999755859375</ele>
      </trkpt>
      <trkpt lat="42.830790868029" lon="-6.745908306911588">
        <ele>944.4000244140625</ele>
      </trkpt>
      <trkpt lat="42.83077435567975" lon="-6.745899505913258">
        <ele>944.4000244140625</ele>
      </trkpt>
      <trkpt lat="42.83075541257858" lon="-6.745889699086547">
        <ele>944.2000122070312</ele>
      </trkpt>
      <trkpt lat="42.83074493519962" lon="-6.74588643014431">
        <ele>944</ele>
      </trkpt>
      <trkpt lat="42.83072783611715" lon="-6.745879054069519">
        <ele>943.7999877929688</ele>
      </trkpt>
      <trkpt lat="42.83071182668209" lon="-6.745866732671857">
        <ele>943.5999755859375</ele>
      </trkpt>
      <trkpt lat="42.830693973228335" lon="-6.745860278606415">
        <ele>943.5999755859375</ele>
      </trkpt>
      <trkpt lat="42.830678382888436" lon="-6.745852567255497">
        <ele>943.4000244140625</ele>
      </trkpt>
      <trkpt lat="42.83066145144403" lon="-6.745841922238469">
        <ele>943.4000244140625</ele>
      </trkpt>
      <trkpt lat="42.83064812421799" lon="-6.745833121240139">
        <ele>943.2000122070312</ele>
      </trkpt>
      <trkpt lat="42.83063597045839" lon="-6.745821302756667">
        <ele>943.2000122070312</ele>
      </trkpt>
      <trkpt lat="42.83062038011849" lon="-6.745810322463512">
        <ele>943.2000122070312</ele>
      </trkpt>
      <trkpt lat="42.83060722053051" lon="-6.745800347998738">
        <ele>943</ele>
      </trkpt>
      <trkpt lat="42.83060722053051" lon="-6.745800347998738">
        <ele>943</ele>
      </trkpt>
      <trkpt lat="42.83059540204704" lon="-6.745788445696235">
        <ele>942.7999877929688</ele>
      </trkpt>
      <trkpt lat="42.83058115281165" lon="-6.745778555050492">
        <ele>942.7999877929688</ele>
      </trkpt>
      <trkpt lat="42.830565478652716" lon="-6.745768245309591">
        <ele>942.5999755859375</ele>
      </trkpt>
      <trkpt lat="42.83054913394153" lon="-6.745759779587388">
        <ele>942.5999755859375</ele>
      </trkpt>
      <trkpt lat="42.830526586622" lon="-6.745749469846487">
        <ele>942.5999755859375</ele>
      </trkpt>
      <trkpt lat="42.8305059671402" lon="-6.745735388249159">
        <ele>942.4000244140625</ele>
      </trkpt>
      <trkpt lat="42.83048559911549" lon="-6.745723150670528">
        <ele>942.4000244140625</ele>
      </trkpt>
      <trkpt lat="42.83046556636691" lon="-6.745701776817441">
        <ele>942.4000244140625</ele>
      </trkpt>
      <trkpt lat="42.83044838346541" lon="-6.745686521753669">
        <ele>942.4000244140625</ele>
      </trkpt>
      <trkpt lat="42.8304317034781" lon="-6.745666405186057">
        <ele>942.4000244140625</ele>
      </trkpt>
      <trkpt lat="42.830416867509484" lon="-6.745643522590399">
        <ele>942.5999755859375</ele>
      </trkpt>
      <trkpt lat="42.83040630631149" lon="-6.7456229869276285">
        <ele>942.5999755859375</ele>
      </trkpt>
      <trkpt lat="42.830393984913826" lon="-6.745595661923289">
        <ele>942.5999755859375</ele>
      </trkpt>
      <trkpt lat="42.83037956804037" lon="-6.745567666366696">
        <ele>942.7999877929688</ele>
      </trkpt>
      <trkpt lat="42.830361127853394" lon="-6.745538078248501">
        <ele>942.7999877929688</ele>
      </trkpt>
      <trkpt lat="42.83034176565707" lon="-6.745507316663861">
        <ele>942.7999877929688</ele>
      </trkpt>
      <trkpt lat="42.83032273873687" lon="-6.7454830929636955">
        <ele>943</ele>
      </trkpt>
      <trkpt lat="42.83030178397894" lon="-6.745463730767369">
        <ele>943.2000122070312</ele>
      </trkpt>
      <trkpt lat="42.83028024248779" lon="-6.745439758524299">
        <ele>943.2000122070312</ele>
      </trkpt>
      <trkpt lat="42.83026138320565" lon="-6.74541930668056">
        <ele>943.2000122070312</ele>
      </trkpt>
      <trkpt lat="42.83024520613253" lon="-6.745411511510611">
        <ele>943.2000122070312</ele>
      </trkpt>
      <trkpt lat="42.83021888695657" lon="-6.745387790724635">
        <ele>943.2000122070312</ele>
      </trkpt>
      <trkpt lat="42.830196088179946" lon="-6.745375636965036">
        <ele>943.2000122070312</ele>
      </trkpt>
      <trkpt lat="42.83017421141267" lon="-6.745363902300596">
        <ele>943.2000122070312</ele>
      </trkpt>
      <trkpt lat="42.830153005197644" lon="-6.745356693863869">
        <ele>943</ele>
      </trkpt>
      <trkpt lat="42.83013406209648" lon="-6.745350491255522">
        <ele>943</ele>
      </trkpt>
      <trkpt lat="42.830114448443055" lon="-6.745339930057526">
        <ele>942.7999877929688</ele>
      </trkpt>
      <trkpt lat="42.83009517006576" lon="-6.745331799611449">
        <ele>942.7999877929688</ele>
      </trkpt>
      <trkpt lat="42.830073460936546" lon="-6.74532157368958">
        <ele>942.7999877929688</ele>
      </trkpt>
      <trkpt lat="42.83005158416927" lon="-6.7453099228441715">
        <ele>942.7999877929688</ele>
      </trkpt>
      <trkpt lat="42.83003649674356" lon="-6.745301708579063">
        <ele>942.7999877929688</ele>
      </trkpt>
      <trkpt lat="42.830018224194646" lon="-6.745292153209448">
        <ele>942.5999755859375</ele>
      </trkpt>
      <trkpt lat="42.8300014603883" lon="-6.745278825983405">
        <ele>942.5999755859375</ele>
      </trkpt>
      <trkpt lat="42.82998804934323" lon="-6.745269102975726">
        <ele>942.5999755859375</ele>
      </trkpt>
      <trkpt lat="42.829976649954915" lon="-6.745258290320635">
        <ele>942.4000244140625</ele>
      </trkpt>
      <trkpt lat="42.82996508292854" lon="-6.745249489322305">
        <ele>942.4000244140625</ele>
      </trkpt>
      <trkpt lat="42.8299480676651" lon="-6.745239933952689">
        <ele>942.4000244140625</ele>
      </trkpt>
      <trkpt lat="42.829934572800994" lon="-6.745231049135327">
        <ele>942.4000244140625</ele>
      </trkpt>
      <trkpt lat="42.82991906628013" lon="-6.745221242308617">
        <ele>942.4000244140625</ele>
      </trkpt>
      <trkpt lat="42.82990741543472" lon="-6.745211435481906">
        <ele>942.4000244140625</ele>
      </trkpt>
      <trkpt lat="42.829891154542565" lon="-6.745198108255863">
        <ele>942.4000244140625</ele>
      </trkpt>
      <trkpt lat="42.829870115965605" lon="-6.745176985859871">
        <ele>942.2000122070312</ele>
      </trkpt>
      <trkpt lat="42.82985410653055" lon="-6.745157120749354">
        <ele>942.2000122070312</ele>
      </trkpt>
      <trkpt lat="42.82983809709549" lon="-6.745136501267552">
        <ele>942.2000122070312</ele>
      </trkpt>
      <trkpt lat="42.82981798052788" lon="-6.745111104100943">
        <ele>942.2000122070312</ele>
      </trkpt>
      <trkpt lat="42.829801719635725" lon="-6.745095765218139">
        <ele>942</ele>
      </trkpt>
      <trkpt lat="42.82978596165776" lon="-6.745080091059208">
        <ele>942</ele>
      </trkpt>
      <trkpt lat="42.82976919785142" lon="-6.745061902329326">
        <ele>941.7999877929688</ele>
      </trkpt>
      <trkpt lat="42.82975662499666" lon="-6.745049329474568">
        <ele>941.5999755859375</ele>
      </trkpt>
      <trkpt lat="42.82974463887513" lon="-6.745031643658876">
        <ele>941.4000244140625</ele>
      </trkpt>
      <trkpt lat="42.8297271206975" lon="-6.745010269805789">
        <ele>941.4000244140625</ele>
      </trkpt>
      <trkpt lat="42.82971002161503" lon="-6.744991326704621">
        <ele>941.2000122070312</ele>
      </trkpt>
      <trkpt lat="42.82969350926578" lon="-6.744976574555039">
        <ele>941.2000122070312</ele>
      </trkpt>
      <trkpt lat="42.82967573963106" lon="-6.744964672252536">
        <ele>941</ele>
      </trkpt>
      <trkpt lat="42.82965922728181" lon="-6.744952350854874">
        <ele>940.7999877929688</ele>
      </trkpt>
      <trkpt lat="42.8296457324177" lon="-6.744942627847195">
        <ele>940.7999877929688</ele>
      </trkpt>
      <trkpt lat="42.82963089644909" lon="-6.744931396096945">
        <ele>940.7999877929688</ele>
      </trkpt>
      <trkpt lat="42.8296163957566" lon="-6.744918655604124">
        <ele>940.5999755859375</ele>
      </trkpt>
      <trkpt lat="42.82960164360702" lon="-6.744905915111303">
        <ele>940.5999755859375</ele>
      </trkpt>
      <trkpt lat="42.82958697527647" lon="-6.744892336428165">
        <ele>940.5999755859375</ele>
      </trkpt>
      <trkpt lat="42.8295717202127" lon="-6.744873393326998">
        <ele>940.5999755859375</ele>
      </trkpt>
      <trkpt lat="42.82955847680569" lon="-6.744859227910638">
        <ele>940.4000244140625</ele>
      </trkpt>
      <trkpt lat="42.829544143751264" lon="-6.744841877371073">
        <ele>940.4000244140625</ele>
      </trkpt>
      <trkpt lat="42.82952545210719" lon="-6.744819413870573">
        <ele>940.5999755859375</ele>
      </trkpt>
      <trkpt lat="42.82950944267213" lon="-6.744802314788103">
        <ele>940.5999755859375</ele>
      </trkpt>
      <trkpt lat="42.829491505399346" lon="-6.744786975905299">
        <ele>940.5999755859375</ele>
      </trkpt>
      <trkpt lat="42.82947197556496" lon="-6.744768368080258">
        <ele>940.5999755859375</ele>
      </trkpt>
      <trkpt lat="42.8294522780925" lon="-6.744751604273915">
        <ele>940.5999755859375</ele>
      </trkpt>
      <trkpt lat="42.82943434081972" lon="-6.744737774133682">
        <ele>940.5999755859375</ele>
      </trkpt>
      <trkpt lat="42.82941355369985" lon="-6.744723357260227">
        <ele>940.5999755859375</ele>
      </trkpt>
      <trkpt lat="42.82939536496997" lon="-6.744713969528675">
        <ele>940.7999877929688</ele>
      </trkpt>
      <trkpt lat="42.829377092421055" lon="-6.74470198340714">
        <ele>940.7999877929688</ele>
      </trkpt>
      <trkpt lat="42.82936183735728" lon="-6.7446917574852705">
        <ele>940.7999877929688</ele>
      </trkpt>
      <trkpt lat="42.82934616319835" lon="-6.744680777192116">
        <ele>940.7999877929688</ele>
      </trkpt>
      <trkpt lat="42.829331159591675" lon="-6.744669545441866">
        <ele>940.7999877929688</ele>
      </trkpt>
      <trkpt lat="42.82930953428149" lon="-6.744657391682267">
        <ele>940.7999877929688</ele>
      </trkpt>
      <trkpt lat="42.82929126173258" lon="-6.744650099426508">
        <ele>940.5999755859375</ele>
      </trkpt>
      <trkpt lat="42.82927391119301" lon="-6.74464238807559">
        <ele>940.4000244140625</ele>
      </trkpt>
      <trkpt lat="42.829263182356954" lon="-6.744640544056892">
        <ele>940.2000122070312</ele>
      </trkpt>
      <trkpt lat="42.82925086095929" lon="-6.744637358933687">
        <ele>940</ele>
      </trkpt>
      <trkpt lat="42.82923082821071" lon="-6.744623947888613">
        <ele>940</ele>
      </trkpt>
      <trkpt lat="42.82921381294727" lon="-6.744608357548714">
        <ele>940</ele>
      </trkpt>
      <trkpt lat="42.82919839024544" lon="-6.744591509923339">
        <ele>940</ele>
      </trkpt>
      <trkpt lat="42.829181626439095" lon="-6.744575500488281">
        <ele>939.7999877929688</ele>
      </trkpt>
      <trkpt lat="42.82916343770921" lon="-6.74455689266324">
        <ele>939.7999877929688</ele>
      </trkpt>
      <trkpt lat="42.82914767973125" lon="-6.744542475789785">
        <ele>939.7999877929688</ele>
      </trkpt>
      <trkpt lat="42.829132257029414" lon="-6.744526801630855">
        <ele>939.7999877929688</ele>
      </trkpt>
      <trkpt lat="42.829114152118564" lon="-6.744507187977433">
        <ele>939.7999877929688</ele>
      </trkpt>
      <trkpt lat="42.82910032197833" lon="-6.744493693113327">
        <ele>939.7999877929688</ele>
      </trkpt>
      <trkpt lat="42.82908841967583" lon="-6.744479779154062">
        <ele>939.7999877929688</ele>
      </trkpt>
      <trkpt lat="42.8290793672204" lon="-6.74446452409029">
        <ele>939.7999877929688</ele>
      </trkpt>
      <trkpt lat="42.82906989566982" lon="-6.7444526217877865">
        <ele>939.5999755859375</ele>
      </trkpt>
      <trkpt lat="42.829063860699534" lon="-6.744442731142044">
        <ele>939.5999755859375</ele>
      </trkpt>
      <trkpt lat="42.82905774191022" lon="-6.744437785819173">
        <ele>939.5999755859375</ele>
      </trkpt>
      <trkpt lat="42.829048689454794" lon="-6.744429236277938">
        <ele>939.4000244140625</ele>
      </trkpt>
      <trkpt lat="42.82903586514294" lon="-6.7444234527647495">
        <ele>939.4000244140625</ele>
      </trkpt>
      <trkpt lat="42.82902061007917" lon="-6.744416998699307">
        <ele>939.4000244140625</ele>
      </trkpt>
      <trkpt lat="42.82900317572057" lon="-6.744410041719675">
        <ele>939.2000122070312</ele>
      </trkpt>
      <trkpt lat="42.8289860766381" lon="-6.744403503835201">
        <ele>939.2000122070312</ele>
      </trkpt>
      <trkpt lat="42.82896746881306" lon="-6.744394535198808">
        <ele>939.2000122070312</ele>
      </trkpt>
      <trkpt lat="42.82895313575864" lon="-6.744387075304985">
        <ele>939.2000122070312</ele>
      </trkpt>
      <trkpt lat="42.82893888652325" lon="-6.744379615411162">
        <ele>939</ele>
      </trkpt>
      <trkpt lat="42.82892086543143" lon="-6.744369892403483">
        <ele>939</ele>
      </trkpt>
      <trkpt lat="42.82890418544412" lon="-6.744360253214836">
        <ele>938.7999877929688</ele>
      </trkpt>
      <trkpt lat="42.82888985238969" lon="-6.744350865483284">
        <ele>938.7999877929688</ele>
      </trkpt>
      <trkpt lat="42.82887007109821" lon="-6.744339298456907">
        <ele>938.5999755859375</ele>
      </trkpt>
      <trkpt lat="42.8288533911109" lon="-6.744330329820514">
        <ele>938.5999755859375</ele>
      </trkpt>
      <trkpt lat="42.82883495092392" lon="-6.74432136118412">
        <ele>938.5999755859375</ele>
      </trkpt>
      <trkpt lat="42.82881248742342" lon="-6.74430962651968">
        <ele>938.4000244140625</ele>
      </trkpt>
      <trkpt lat="42.828791700303555" lon="-6.744301076978445">
        <ele>938.4000244140625</ele>
      </trkpt>
      <trkpt lat="42.82877745106816" lon="-6.744295125827193">
        <ele>938.2000122070312</ele>
      </trkpt>
      <trkpt lat="42.828756077215075" lon="-6.7442897614091635">
        <ele>938</ele>
      </trkpt>
      <trkpt lat="42.828735541552305" lon="-6.744282133877277">
        <ele>937.7999877929688</ele>
      </trkpt>
      <trkpt lat="42.82872053794563" lon="-6.744275512173772">
        <ele>937.7999877929688</ele>
      </trkpt>
      <trkpt lat="42.82870637252927" lon="-6.744270734488964">
        <ele>937.5999755859375</ele>
      </trkpt>
      <trkpt lat="42.8286874294281" lon="-6.7442629393190145">
        <ele>937.4000244140625</ele>
      </trkpt>
      <trkpt lat="42.82867033034563" lon="-6.744256652891636">
        <ele>937.2000122070312</ele>
      </trkpt>
      <trkpt lat="42.82865373417735" lon="-6.744251372292638">
        <ele>937.2000122070312</ele>
      </trkpt>
      <trkpt lat="42.82863655127585" lon="-6.744245085865259">
        <ele>937.2000122070312</ele>
      </trkpt>
      <trkpt lat="42.82862339168787" lon="-6.744238547980785">
        <ele>937</ele>
      </trkpt>
      <trkpt lat="42.82860662788153" lon="-6.744230166077614">
        <ele>937</ele>
      </trkpt>
      <trkpt lat="42.82858961261809" lon="-6.7442226223647594">
        <ele>937</ele>
      </trkpt>
      <trkpt lat="42.82856681384146" lon="-6.744217090308666">
        <ele>936.7999877929688</ele>
      </trkpt>
      <trkpt lat="42.82854728400707" lon="-6.744215581566095">
        <ele>936.5999755859375</ele>
      </trkpt>
      <trkpt lat="42.828525910153985" lon="-6.744210133329034">
        <ele>936.5999755859375</ele>
      </trkpt>
      <trkpt lat="42.828509733080864" lon="-6.7442066967487335">
        <ele>936.4000244140625</ele>
      </trkpt>
      <trkpt lat="42.828493723645806" lon="-6.744204265996814">
        <ele>936.2000122070312</ele>
      </trkpt>
      <trkpt lat="42.828473187983036" lon="-6.744197811931372">
        <ele>936</ele>
      </trkpt>
      <trkpt lat="42.82845416106284" lon="-6.7441934533417225">
        <ele>936</ele>
      </trkpt>
      <trkpt lat="42.828439911827445" lon="-6.744190435856581">
        <ele>935.7999877929688</ele>
      </trkpt>
      <trkpt lat="42.82841761596501" lon="-6.7441796232014894">
        <ele>935.7999877929688</ele>
      </trkpt>
      <trkpt lat="42.82839951105416" lon="-6.744167217984796">
        <ele>935.7999877929688</ele>
      </trkpt>
      <trkpt lat="42.82838333398104" lon="-6.7441551480442286">
        <ele>935.7999877929688</ele>
      </trkpt>
      <trkpt lat="42.82836296595633" lon="-6.744139641523361">
        <ele>935.7999877929688</ele>
      </trkpt>
      <trkpt lat="42.828342681750655" lon="-6.744122710078955">
        <ele>935.7999877929688</ele>
      </trkpt>
      <trkpt lat="42.82832281664014" lon="-6.744105275720358">
        <ele>935.7999877929688</ele>
      </trkpt>
      <trkpt lat="42.828304124996066" lon="-6.744087003171444">
        <ele>936</ele>
      </trkpt>
      <trkpt lat="42.828292306512594" lon="-6.744072586297989">
        <ele>936</ele>
      </trkpt>
      <trkpt lat="42.82827948220074" lon="-6.744053643196821">
        <ele>936</ele>
      </trkpt>
      <trkpt lat="42.82826724462211" lon="-6.744033442810178">
        <ele>936.2000122070312</ele>
      </trkpt>
      <trkpt lat="42.82825735397637" lon="-6.744015505537391">
        <ele>936.4000244140625</ele>
      </trkpt>
      <trkpt lat="42.8282420989126" lon="-6.743992706760764">
        <ele>936.4000244140625</ele>
      </trkpt>
      <trkpt lat="42.82822759822011" lon="-6.743969153612852">
        <ele>936.5999755859375</ele>
      </trkpt>
      <trkpt lat="42.82821259461343" lon="-6.743944510817528">
        <ele>936.5999755859375</ele>
      </trkpt>
      <trkpt lat="42.8281971719116" lon="-6.743924142792821">
        <ele>936.7999877929688</ele>
      </trkpt>
      <trkpt lat="42.82818225212395" lon="-6.743906624615192">
        <ele>937</ele>
      </trkpt>
      <trkpt lat="42.828168170526624" lon="-6.743885753676295">
        <ele>937</ele>
      </trkpt>
      <trkpt lat="42.828155513852835" lon="-6.743872258812189">
        <ele>937.2000122070312</ele>
      </trkpt>
      <trkpt lat="42.82813900150359" lon="-6.743845269083977">
        <ele>937.2000122070312</ele>
      </trkpt>
      <trkpt lat="42.82812550663948" lon="-6.743825068697333">
        <ele>937.4000244140625</ele>
      </trkpt>
      <trkpt lat="42.828112095594406" lon="-6.743801683187485">
        <ele>937.4000244140625</ele>
      </trkpt>
      <trkpt lat="42.828102288767695" lon="-6.743780896067619">
        <ele>937.4000244140625</ele>
      </trkpt>
      <trkpt lat="42.82808820717037" lon="-6.743759019300342">
        <ele>937.5999755859375</ele>
      </trkpt>
      <trkpt lat="42.82807965762913" lon="-6.743740327656269">
        <ele>937.7999877929688</ele>
      </trkpt>
      <trkpt lat="42.82807286828756" lon="-6.743727335706353">
        <ele>938</ele>
      </trkpt>
      <trkpt lat="42.82806096598506" lon="-6.7436986695975065">
        <ele>938</ele>
      </trkpt>
      <trkpt lat="42.82805308699608" lon="-6.743681067600846">
        <ele>938.2000122070312</ele>
      </trkpt>
      <trkpt lat="42.82804160378873" lon="-6.743663465604186">
        <ele>938.4000244140625</ele>
      </trkpt>
      <trkpt lat="42.82803221605718" lon="-6.743634715676308">
        <ele>938.4000244140625</ele>
      </trkpt>
      <trkpt lat="42.82802148722112" lon="-6.743608061224222">
        <ele>938.4000244140625</ele>
      </trkpt>
      <trkpt lat="42.8280140273273" lon="-6.743584759533405">
        <ele>938.4000244140625</ele>
      </trkpt>
      <trkpt lat="42.82800472341478" lon="-6.743552573025227">
        <ele>938.2000122070312</ele>
      </trkpt>
      <trkpt lat="42.82799743115902" lon="-6.743529103696346">
        <ele>938.2000122070312</ele>
      </trkpt>
      <trkpt lat="42.82798871397972" lon="-6.743505885824561">
        <ele>938</ele>
      </trkpt>
      <trkpt lat="42.827982511371374" lon="-6.743480237200856">
        <ele>938</ele>
      </trkpt>
      <trkpt lat="42.82797588966787" lon="-6.74345844425261">
        <ele>937.7999877929688</ele>
      </trkpt>
      <trkpt lat="42.82796901650727" lon="-6.743439333513379">
        <ele>937.7999877929688</ele>
      </trkpt>
      <trkpt lat="42.82796130515635" lon="-6.743415864184499">
        <ele>937.7999877929688</ele>
      </trkpt>
      <trkpt lat="42.82795401290059" lon="-6.743387449532747">
        <ele>937.7999877929688</ele>
      </trkpt>
      <trkpt lat="42.827948313206434" lon="-6.743373703211546">
        <ele>937.5999755859375</ele>
      </trkpt>
      <trkpt lat="42.82793934457004" lon="-6.743356185033917">
        <ele>937.4000244140625</ele>
      </trkpt>
      <trkpt lat="42.82793113030493" lon="-6.743332464247942">
        <ele>937.2000122070312</ele>
      </trkpt>
      <trkpt lat="42.82792467623949" lon="-6.743315616622567">
        <ele>937.2000122070312</ele>
      </trkpt>
      <trkpt lat="42.82792015001178" lon="-6.74330254085362">
        <ele>937.2000122070312</ele>
      </trkpt>
      <trkpt lat="42.8279120195657" lon="-6.74328301101923">
        <ele>937.2000122070312</ele>
      </trkpt>
      <trkpt lat="42.82789969816804" lon="-6.743258619681001">
        <ele>937.2000122070312</ele>
      </trkpt>
      <trkpt lat="42.8278895560652" lon="-6.743238503113389">
        <ele>937</ele>
      </trkpt>
      <trkpt lat="42.827877989038825" lon="-6.743219895288348">
        <ele>936.7999877929688</ele>
      </trkpt>
      <trkpt lat="42.827865835279226" lon="-6.743194917216897">
        <ele>936.5999755859375</ele>
      </trkpt>
      <trkpt lat="42.82785619609058" lon="-6.743178069591522">
        <ele>936.5999755859375</ele>
      </trkpt>
      <trkpt lat="42.82784555107355" lon="-6.74316574819386">
        <ele>936.4000244140625</ele>
      </trkpt>
      <trkpt lat="42.82783390022814" lon="-6.743154600262642">
        <ele>936</ele>
      </trkpt>
      <trkpt lat="42.82781730405986" lon="-6.743138339370489">
        <ele>936</ele>
      </trkpt>
      <trkpt lat="42.82780406065285" lon="-6.743129286915064">
        <ele>935.7999877929688</ele>
      </trkpt>
      <trkpt lat="42.82779458910227" lon="-6.743123587220907">
        <ele>935.4000244140625</ele>
      </trkpt>
      <trkpt lat="42.827781764790416" lon="-6.743110343813896">
        <ele>935.4000244140625</ele>
      </trkpt>
      <trkpt lat="42.827768018469214" lon="-6.743095759302378">
        <ele>935</ele>
      </trkpt>
      <trkpt lat="42.82775469124317" lon="-6.743088969960809">
        <ele>934.7999877929688</ele>
      </trkpt>
      <trkpt lat="42.827742202207446" lon="-6.74308561719954">
        <ele>934.4000244140625</ele>
      </trkpt>
      <trkpt lat="42.827729377895594" lon="-6.743084192276001">
        <ele>934</ele>
      </trkpt>
      <trkpt lat="42.82771253027022" lon="-6.743081342428923">
        <ele>933.7999877929688</ele>
      </trkpt>
      <trkpt lat="42.82769593410194" lon="-6.743074301630259">
        <ele>933.5999755859375</ele>
      </trkpt>
      <trkpt lat="42.82768704928458" lon="-6.7430672608315945">
        <ele>933.4000244140625</ele>
      </trkpt>
      <trkpt lat="42.82767682336271" lon="-6.743061728775501">
        <ele>933.2000122070312</ele>
      </trkpt>
      <trkpt lat="42.82766601070762" lon="-6.743052592501044">
        <ele>932.7999877929688</ele>
      </trkpt>
      <trkpt lat="42.827658131718636" lon="-6.743041276931763">
        <ele>932.5999755859375</ele>
      </trkpt>
      <trkpt lat="42.82765192911029" lon="-6.743028201162815">
        <ele>932.2000122070312</ele>
      </trkpt>
      <trkpt lat="42.82764312811196" lon="-6.743021160364151">
        <ele>932</ele>
      </trkpt>
      <trkpt lat="42.82763591967523" lon="-6.7430168855935335">
        <ele>931.7999877929688</ele>
      </trkpt>
      <trkpt lat="42.827624352648854" lon="-6.743012359365821">
        <ele>931.4000244140625</ele>
      </trkpt>
      <trkpt lat="42.82761731185019" lon="-6.743005821481347">
        <ele>931.2000122070312</ele>
      </trkpt>
      <trkpt lat="42.82760205678642" lon="-6.74299668520689">
        <ele>931</ele>
      </trkpt>
      <trkpt lat="42.827590238302946" lon="-6.742988135665655">
        <ele>931</ele>
      </trkpt>
      <trkpt lat="42.82758168876171" lon="-6.742986878380179">
        <ele>930.7999877929688</ele>
      </trkpt>
      <trkpt lat="42.82757389359176" lon="-6.742981011047959">
        <ele>930.4000244140625</ele>
      </trkpt>
      <trkpt lat="42.827568696811795" lon="-6.742975814267993">
        <ele>930.2000122070312</ele>
      </trkpt>
      <trkpt lat="42.827561404556036" lon="-6.74297078512609">
        <ele>930</ele>
      </trkpt>
      <trkpt lat="42.827551094815135" lon="-6.742963911965489">
        <ele>929.7999877929688</ele>
      </trkpt>
      <trkpt lat="42.82753944396973" lon="-6.742949075996876">
        <ele>929.5999755859375</ele>
      </trkpt>
      <trkpt lat="42.82752921804786" lon="-6.742940274998546">
        <ele>929.4000244140625</ele>
      </trkpt>
      <trkpt lat="42.827523685991764" lon="-6.7429370898753405">
        <ele>929.2000122070312</ele>
      </trkpt>
      <trkpt lat="42.82751647755504" lon="-6.74292728304863">
        <ele>929</ele>
      </trkpt>
      <trkpt lat="42.82751019112766" lon="-6.742915045469999">
        <ele>928.7999877929688</ele>
      </trkpt>
      <trkpt lat="42.827487140893936" lon="-6.742893839254975">
        <ele>928.5999755859375</ele>
      </trkpt>
      <trkpt lat="42.827477753162384" lon="-6.742884619161487">
        <ele>928.4000244140625</ele>
      </trkpt>
      <trkpt lat="42.827469455078244" lon="-6.742878332734108">
        <ele>928.2000122070312</ele>
      </trkpt>
      <trkpt lat="42.82745931297541" lon="-6.742870537564158">
        <ele>927.7999877929688</ele>
      </trkpt>
      <trkpt lat="42.827449422329664" lon="-6.742864837870002">
        <ele>927.5999755859375</ele>
      </trkpt>
      <trkpt lat="42.82743651419878" lon="-6.742857126519084">
        <ele>927.4000244140625</ele>
      </trkpt>
      <trkpt lat="42.8274233546108" lon="-6.742849415168166">
        <ele>927</ele>
      </trkpt>
      <trkpt lat="42.82741078175604" lon="-6.742842793464661">
        <ele>926.7999877929688</ele>
      </trkpt>
      <trkpt lat="42.8274043276906" lon="-6.742840278893709">
        <ele>926.5999755859375</ele>
      </trkpt>
      <trkpt lat="42.827395778149366" lon="-6.742835668846965">
        <ele>926.4000244140625</ele>
      </trkpt>
      <trkpt lat="42.82738764770329" lon="-6.742830388247967">
        <ele>926.2000122070312</ele>
      </trkpt>
      <trkpt lat="42.827372811734676" lon="-6.742824772372842">
        <ele>926</ele>
      </trkpt>
      <trkpt lat="42.82736032269895" lon="-6.742821168154478">
        <ele>925.7999877929688</ele>
      </trkpt>
      <trkpt lat="42.827343977987766" lon="-6.742817983031273">
        <ele>925.5999755859375</ele>
      </trkpt>
      <trkpt lat="42.82733081839979" lon="-6.742817396298051">
        <ele>925.4000244140625</ele>
      </trkpt>
      <trkpt lat="42.827319921925664" lon="-6.74281245097518">
        <ele>925.2000122070312</ele>
      </trkpt>
      <trkpt lat="42.82730810344219" lon="-6.742810690775514">
        <ele>925</ele>
      </trkpt>
      <trkpt lat="42.82729620113969" lon="-6.742813875898719">
        <ele>924.5999755859375</ele>
      </trkpt>
      <trkpt lat="42.827286729589105" lon="-6.742818569764495">
        <ele>924.4000244140625</ele>
      </trkpt>
      <trkpt lat="42.827276419848204" lon="-6.7428230959922075">
        <ele>924.2000122070312</ele>
      </trkpt>
      <trkpt lat="42.82725965604186" lon="-6.742825359106064">
        <ele>924</ele>
      </trkpt>
      <trkpt lat="42.82723803073168" lon="-6.742828795686364">
        <ele>923.7999877929688</ele>
      </trkpt>
      <trkpt lat="42.827217746526" lon="-6.742830891162157">
        <ele>923.5999755859375</ele>
      </trkpt>
      <trkpt lat="42.827202156186104" lon="-6.7428292986005545">
        <ele>923.4000244140625</ele>
      </trkpt>
      <trkpt lat="42.82719285227358" lon="-6.74282762221992">
        <ele>923.4000244140625</ele>
      </trkpt>
      <trkpt lat="42.827182626351714" lon="-6.742822928354144">
        <ele>923.2000122070312</ele>
      </trkpt>
      <trkpt lat="42.82717030495405" lon="-6.7428189888596535">
        <ele>923</ele>
      </trkpt>
      <trkpt lat="42.82716494053602" lon="-6.742816055193543">
        <ele>923</ele>
      </trkpt>
      <trkpt lat="42.82715848647058" lon="-6.742810104042292">
        <ele>922.5999755859375</ele>
      </trkpt>
      <trkpt lat="42.82714675180614" lon="-6.742802644148469">
        <ele>922.2000122070312</ele>
      </trkpt>
      <trkpt lat="42.827132837846875" lon="-6.742794848978519">
        <ele>922.2000122070312</ele>
      </trkpt>
      <trkpt lat="42.827124036848545" lon="-6.742791328579187">
        <ele>922</ele>
      </trkpt>
      <trkpt lat="42.827112302184105" lon="-6.742785377427936">
        <ele>921.7999877929688</ele>
      </trkpt>
      <trkpt lat="42.82709252089262" lon="-6.742772134020925">
        <ele>921.5999755859375</ele>
      </trkpt>
      <trkpt lat="42.82707776874304" lon="-6.742766434326768">
        <ele>921.5999755859375</ele>
      </trkpt>
      <trkpt lat="42.82706368714571" lon="-6.742756795138121">
        <ele>921.4000244140625</ele>
      </trkpt>
      <trkpt lat="42.82705245539546" lon="-6.742745731025934">
        <ele>921</ele>
      </trkpt>
      <trkpt lat="42.82703745178878" lon="-6.742725782096386">
        <ele>921</ele>
      </trkpt>
      <trkpt lat="42.8270226996392" lon="-6.742713041603565">
        <ele>920.7999877929688</ele>
      </trkpt>
      <trkpt lat="42.827007696032524" lon="-6.742702815681696">
        <ele>920.5999755859375</ele>
      </trkpt>
      <trkpt lat="42.826993111521006" lon="-6.7426922544837">
        <ele>920.5999755859375</ele>
      </trkpt>
      <trkpt lat="42.826976431533694" lon="-6.742682280018926">
        <ele>920.4000244140625</ele>
      </trkpt>
      <trkpt lat="42.82696109265089" lon="-6.74267515540123">
        <ele>920.2000122070312</ele>
      </trkpt>
      <trkpt lat="42.82694550231099" lon="-6.742665180936456">
        <ele>920.2000122070312</ele>
      </trkpt>
      <trkpt lat="42.826929660514" lon="-6.742653865367174">
        <ele>920</ele>
      </trkpt>
      <trkpt lat="42.82691264525056" lon="-6.742644729092717">
        <ele>920</ele>
      </trkpt>
      <trkpt lat="42.82689755782485" lon="-6.742641041055322">
        <ele>919.7999877929688</ele>
      </trkpt>
      <trkpt lat="42.82688439823687" lon="-6.7426378559321165">
        <ele>919.5999755859375</ele>
      </trkpt>
      <trkpt lat="42.8268707357347" lon="-6.742629390209913">
        <ele>919.2000122070312</ele>
      </trkpt>
      <trkpt lat="42.82685749232769" lon="-6.742620002478361">
        <ele>919</ele>
      </trkpt>
      <trkpt lat="42.82684274017811" lon="-6.742608267813921">
        <ele>918.7999877929688</ele>
      </trkpt>
      <trkpt lat="42.82682681456208" lon="-6.742589408531785">
        <ele>918.5999755859375</ele>
      </trkpt>
      <trkpt lat="42.82681147567928" lon="-6.74257549457252">
        <ele>918.4000244140625</ele>
      </trkpt>
      <trkpt lat="42.82679311931133" lon="-6.7425683699548244">
        <ele>918.4000244140625</ele>
      </trkpt>
      <trkpt lat="42.82677551731467" lon="-6.7425633408129215">
        <ele>918.2000122070312</ele>
      </trkpt>
      <trkpt lat="42.82675188034773" lon="-6.742557724937797">
        <ele>918</ele>
      </trkpt>
      <trkpt lat="42.82673394307494" lon="-6.742552779614925">
        <ele>917.7999877929688</ele>
      </trkpt>
      <trkpt lat="42.82671826891601" lon="-6.742545822635293">
        <ele>917.7999877929688</ele>
      </trkpt>
      <trkpt lat="42.826701337471604" lon="-6.7425380274653435">
        <ele>917.5999755859375</ele>
      </trkpt>
      <trkpt lat="42.82668055035174" lon="-6.742533165961504">
        <ele>917.5999755859375</ele>
      </trkpt>
      <trkpt lat="42.82666202634573" lon="-6.742529897019267">
        <ele>917.4000244140625</ele>
      </trkpt>
      <trkpt lat="42.8266429156065" lon="-6.742526460438967">
        <ele>917.4000244140625</ele>
      </trkpt>
      <trkpt lat="42.826621206477284" lon="-6.742520174011588">
        <ele>917.2000122070312</ele>
      </trkpt>
      <trkpt lat="42.82660393975675" lon="-6.7425112053751945">
        <ele>917.2000122070312</ele>
      </trkpt>
      <trkpt lat="42.826586002483964" lon="-6.742499219253659">
        <ele>917</ele>
      </trkpt>
      <trkpt lat="42.82656387425959" lon="-6.742485053837299">
        <ele>916.7999877929688</ele>
      </trkpt>
      <trkpt lat="42.826546523720026" lon="-6.742471642792225">
        <ele>916.7999877929688</ele>
      </trkpt>
      <trkpt lat="42.826535711064935" lon="-6.742462674155831">
        <ele>916.7999877929688</ele>
      </trkpt>
      <trkpt lat="42.82651727087796" lon="-6.742448844015598">
        <ele>916.5999755859375</ele>
      </trkpt>
      <trkpt lat="42.82650277018547" lon="-6.742443144321442">
        <ele>916.5999755859375</ele>
      </trkpt>
      <trkpt lat="42.826491286978126" lon="-6.7424355167895555">
        <ele>916.5999755859375</ele>
      </trkpt>
      <trkpt lat="42.82648022286594" lon="-6.742424368858337">
        <ele>916.5999755859375</ele>
      </trkpt>
      <trkpt lat="42.82646815292537" lon="-6.742413807660341">
        <ele>916.5999755859375</ele>
      </trkpt>
      <trkpt lat="42.8264581784606" lon="-6.7424078565090895">
        <ele>916.5999755859375</ele>
      </trkpt>
      <trkpt lat="42.82645138911903" lon="-6.742405258119106">
        <ele>916.5999755859375</ele>
      </trkpt>
      <trkpt lat="42.82644652761519" lon="-6.742401486262679">
        <ele>916.5999755859375</ele>
      </trkpt>
      <trkpt lat="42.82643965445459" lon="-6.742400648072362">
        <ele>916.5999755859375</ele>
      </trkpt>
      <trkpt lat="42.826435463503" lon="-6.742399223148823">
        <ele>916.5999755859375</ele>
      </trkpt>
      <trkpt lat="42.82642942853272" lon="-6.742393774911761">
        <ele>916.5999755859375</ele>
      </trkpt>
      <trkpt lat="42.82641903497279" lon="-6.742385644465685">
        <ele>916.5999755859375</ele>
      </trkpt>
      <trkpt lat="42.826408138498664" lon="-6.742378855124116">
        <ele>916.5999755859375</ele>
      </trkpt>
      <trkpt lat="42.82639707438648" lon="-6.742373239248991">
        <ele>916.5999755859375</ele>
      </trkpt>
      <trkpt lat="42.82638634555042" lon="-6.7423683777451515">
        <ele>916.4000244140625</ele>
      </trkpt>
      <trkpt lat="42.82636849209666" lon="-6.7423563078045845">
        <ele>916.5999755859375</ele>
      </trkpt>
      <trkpt lat="42.82635265029967" lon="-6.742340046912432">
        <ele>916.5999755859375</ele>
      </trkpt>
      <trkpt lat="42.8263355512172" lon="-6.742320600897074">
        <ele>916.4000244140625</ele>
      </trkpt>
      <trkpt lat="42.8263096511364" lon="-6.742294868454337">
        <ele>916.4000244140625</ele>
      </trkpt>
      <trkpt lat="42.82629716210067" lon="-6.742277182638645">
        <ele>916.4000244140625</ele>
      </trkpt>
      <trkpt lat="42.82628769055009" lon="-6.74225932918489">
        <ele>916.2000122070312</ele>
      </trkpt>
      <trkpt lat="42.82628148794174" lon="-6.742252958938479">
        <ele>916.2000122070312</ele>
      </trkpt>
      <trkpt lat="42.82627712935209" lon="-6.7422467563301325">
        <ele>916.2000122070312</ele>
      </trkpt>
      <trkpt lat="42.82626874744892" lon="-6.742238290607929">
        <ele>916.2000122070312</ele>
      </trkpt>
      <trkpt lat="42.826263131573796" lon="-6.7422335129231215">
        <ele>916.2000122070312</ele>
      </trkpt>
      <trkpt lat="42.82625810243189" lon="-6.742232339456677">
        <ele>916</ele>
      </trkpt>
      <trkpt lat="42.82625290565193" lon="-6.742228316143155">
        <ele>916</ele>
      </trkpt>
      <trkpt lat="42.82625198364258" lon="-6.7422284837812185">
        <ele>916</ele>
      </trkpt>
      <trkpt lat="42.82624804414809" lon="-6.742223454639316">
        <ele>916</ele>
      </trkpt>
      <trkpt lat="42.826231950894" lon="-6.742212055251002">
        <ele>916</ele>
      </trkpt>
      <trkpt lat="42.826216695830226" lon="-6.742198141291738">
        <ele>915.7999877929688</ele>
      </trkpt>
      <trkpt lat="42.82619473524392" lon="-6.742181712761521">
        <ele>915.7999877929688</ele>
      </trkpt>
      <trkpt lat="42.82617545686662" lon="-6.742166290059686">
        <ele>915.5999755859375</ele>
      </trkpt>
      <trkpt lat="42.8261558432132" lon="-6.742149107158184">
        <ele>915.4000244140625</ele>
      </trkpt>
      <trkpt lat="42.82613539136946" lon="-6.74213427118957">
        <ele>915.4000244140625</ele>
      </trkpt>
      <trkpt lat="42.8261196333915" lon="-6.7421257216483355">
        <ele>915.2000122070312</ele>
      </trkpt>
      <trkpt lat="42.826104294508696" lon="-6.742114489898086">
        <ele>915.2000122070312</ele>
      </trkpt>
      <trkpt lat="42.82609121873975" lon="-6.742102336138487">
        <ele>915.2000122070312</ele>
      </trkpt>
      <trkpt lat="42.82607856206596" lon="-6.742085153236985">
        <ele>915.2000122070312</ele>
      </trkpt>
      <trkpt lat="42.82606699503958" lon="-6.742072161287069">
        <ele>915.2000122070312</ele>
      </trkpt>
      <trkpt lat="42.826059786602855" lon="-6.742063192650676">
        <ele>915</ele>
      </trkpt>
      <trkpt lat="42.82605224289" lon="-6.7420529667288065">
        <ele>915</ele>
      </trkpt>
      <trkpt lat="42.82604604028165" lon="-6.7420444171875715">
        <ele>915</ele>
      </trkpt>
      <trkpt lat="42.82603916712105" lon="-6.742036789655685">
        <ele>914.7999877929688</ele>
      </trkpt>
      <trkpt lat="42.82603992149234" lon="-6.742035951465368">
        <ele>914.7999877929688</ele>
      </trkpt>
      <trkpt lat="42.826035814359784" lon="-6.742027401924133">
        <ele>914.7999877929688</ele>
      </trkpt>
      <trkpt lat="42.826034892350435" lon="-6.7420237977057695">
        <ele>914.5999755859375</ele>
      </trkpt>
      <trkpt lat="42.826026091352105" lon="-6.74201256595552">
        <ele>914.5999755859375</ele>
      </trkpt>
      <trkpt lat="42.82602299004793" lon="-6.742010470479727">
        <ele>914.4000244140625</ele>
      </trkpt>
      <trkpt lat="42.82601561397314" lon="-6.742004016414285">
        <ele>914.4000244140625</ele>
      </trkpt>
      <trkpt lat="42.82601024955511" lon="-6.741998568177223">
        <ele>914.2000122070312</ele>
      </trkpt>
      <trkpt lat="42.82600664533675" lon="-6.741995634511113">
        <ele>914.2000122070312</ele>
      </trkpt>
      <trkpt lat="42.825999688357115" lon="-6.7419893480837345">
        <ele>914</ele>
      </trkpt>
      <trkpt lat="42.82598862424493" lon="-6.741982558742166">
        <ele>914</ele>
      </trkpt>
      <trkpt lat="42.8259814158082" lon="-6.741978283971548">
        <ele>913.5999755859375</ele>
      </trkpt>
      <trkpt lat="42.82597261480987" lon="-6.741972165182233">
        <ele>913.5999755859375</ele>
      </trkpt>
      <trkpt lat="42.825960628688335" lon="-6.741961184889078">
        <ele>913.5999755859375</ele>
      </trkpt>
      <trkpt lat="42.82594562508166" lon="-6.741948192939162">
        <ele>913.4000244140625</ele>
      </trkpt>
      <trkpt lat="42.82592852599919" lon="-6.74193000420928">
        <ele>913.2000122070312</ele>
      </trkpt>
      <trkpt lat="42.82590765506029" lon="-6.741907875984907">
        <ele>913.2000122070312</ele>
      </trkpt>
      <trkpt lat="42.82588955014944" lon="-6.741890525445342">
        <ele>912.7999877929688</ele>
      </trkpt>
      <trkpt lat="42.82587815076113" lon="-6.74187870696187">
        <ele>912.7999877929688</ele>
      </trkpt>
      <trkpt lat="42.82586264424026" lon="-6.741864206269383">
        <ele>912.5999755859375</ele>
      </trkpt>
      <trkpt lat="42.8258468862623" lon="-6.7418506275862455">
        <ele>912.5999755859375</ele>
      </trkpt>
      <trkpt lat="42.82583221793175" lon="-6.741838892921805">
        <ele>912.5999755859375</ele>
      </trkpt>
      <trkpt lat="42.82581537030637" lon="-6.741819195449352">
        <ele>912.4000244140625</ele>
      </trkpt>
      <trkpt lat="42.825798522681" lon="-6.7418017610907555">
        <ele>912.4000244140625</ele>
      </trkpt>
      <trkpt lat="42.82578343525529" lon="-6.74178927205503">
        <ele>912.4000244140625</ele>
      </trkpt>
      <trkpt lat="42.82576524652541" lon="-6.741779465228319">
        <ele>912.4000244140625</ele>
      </trkpt>
      <trkpt lat="42.825745632871985" lon="-6.741775274276733">
        <ele>912.4000244140625</ele>
      </trkpt>
      <trkpt lat="42.82572149299085" lon="-6.74178340472281">
        <ele>912.5999755859375</ele>
      </trkpt>
      <trkpt lat="42.825711937621236" lon="-6.74178097397089">
        <ele>907</ele>
      </trkpt>
      <trkpt lat="42.8257052320987" lon="-6.741791954264045">
        <ele>907</ele>
      </trkpt>
      <trkpt lat="42.82569341361523" lon="-6.741804778575897">
        <ele>907</ele>
      </trkpt>
      <trkpt lat="42.82568226568401" lon="-6.741812406107783">
        <ele>907.2000122070312</ele>
      </trkpt>
      <trkpt lat="42.82566667534411" lon="-6.741824224591255">
        <ele>907.2000122070312</ele>
      </trkpt>
      <trkpt lat="42.825652342289686" lon="-6.7418332770466805">
        <ele>907.2000122070312</ele>
      </trkpt>
      <trkpt lat="42.82563574612141" lon="-6.741843335330486">
        <ele>907.2000122070312</ele>
      </trkpt>
      <trkpt lat="42.82561630010605" lon="-6.741856411099434">
        <ele>907.2000122070312</ele>
      </trkpt>
      <trkpt lat="42.82560959458351" lon="-6.7418706603348255">
        <ele>907.2000122070312</ele>
      </trkpt>
      <trkpt lat="42.82559886574745" lon="-6.741884825751185">
        <ele>907.2000122070312</ele>
      </trkpt>
      <trkpt lat="42.825588807463646" lon="-6.741892788559198">
        <ele>907.2000122070312</ele>
      </trkpt>
      <trkpt lat="42.825574139133096" lon="-6.741907456889749">
        <ele>907.2000122070312</ele>
      </trkpt>
      <trkpt lat="42.82556206919253" lon="-6.74191533587873">
        <ele>907.2000122070312</ele>
      </trkpt>
      <trkpt lat="42.825547652319074" lon="-6.741926651448011">
        <ele>907</ele>
      </trkpt>
      <trkpt lat="42.82553172670305" lon="-6.741939475759864">
        <ele>907</ele>
      </trkpt>
      <trkpt lat="42.825517980381846" lon="-6.741950958967209">
        <ele>906.5999755859375</ele>
      </trkpt>
      <trkpt lat="42.825504234060645" lon="-6.741962525993586">
        <ele>906.4000244140625</ele>
      </trkpt>
      <trkpt lat="42.82549358904362" lon="-6.741970153525472">
        <ele>906.5999755859375</ele>
      </trkpt>
      <trkpt lat="42.82547699287534" lon="-6.741981720551848">
        <ele>906.5999755859375</ele>
      </trkpt>
      <trkpt lat="42.825463665649295" lon="-6.741990856826305">
        <ele>906.5999755859375</ele>
      </trkpt>
      <trkpt lat="42.82545025460422" lon="-6.741996053606272">
        <ele>906.5999755859375</ele>
      </trkpt>
      <trkpt lat="42.82544245943427" lon="-6.741999825462699">
        <ele>906.5999755859375</ele>
      </trkpt>
      <trkpt lat="42.82543022185564" lon="-6.742002759128809">
        <ele>906.5999755859375</ele>
      </trkpt>
      <trkpt lat="42.82541940920055" lon="-6.742004854604602">
        <ele>906.7999877929688</ele>
      </trkpt>
      <trkpt lat="42.82541412860155" lon="-6.7420025914907455">
        <ele>906.7999877929688</ele>
      </trkpt>
      <trkpt lat="42.825409937649965" lon="-6.742000328376889">
        <ele>907</ele>
      </trkpt>
      <trkpt lat="42.825398705899715" lon="-6.7419984843581915">
        <ele>907</ele>
      </trkpt>
      <trkpt lat="42.8253873065114" lon="-6.741996975615621">
        <ele>907</ele>
      </trkpt>
      <trkpt lat="42.825375739485025" lon="-6.741996556520462">
        <ele>907.2000122070312</ele>
      </trkpt>
      <trkpt lat="42.825362076982856" lon="-6.741995047777891">
        <ele>907.2000122070312</ele>
      </trkpt>
      <trkpt lat="42.82534657046199" lon="-6.741992449387908">
        <ele>907.2000122070312</ele>
      </trkpt>
      <trkpt lat="42.82533089630306" lon="-6.741988426074386">
        <ele>907.4000244140625</ele>
      </trkpt>
      <trkpt lat="42.82531212083995" lon="-6.741983229294419">
        <ele>907.4000244140625</ele>
      </trkpt>
      <trkpt lat="42.82529762014747" lon="-6.741976775228977">
        <ele>907.4000244140625</ele>
      </trkpt>
      <trkpt lat="42.825285298749804" lon="-6.741969399154186">
        <ele>907.4000244140625</ele>
      </trkpt>
      <trkpt lat="42.82526912167668" lon="-6.741958335042">
        <ele>907.5999755859375</ele>
      </trkpt>
      <trkpt lat="42.825251184403896" lon="-6.741948528215289">
        <ele>907.7999877929688</ele>
      </trkpt>
      <trkpt lat="42.82523735426366" lon="-6.741937715560198">
        <ele>907.7999877929688</ele>
      </trkpt>
      <trkpt lat="42.82521614804864" lon="-6.74192413687706">
        <ele>907.7999877929688</ele>
      </trkpt>
      <trkpt lat="42.8252028208226" lon="-6.741910558193922">
        <ele>908</ele>
      </trkpt>
      <trkpt lat="42.82519167289138" lon="-6.74190066754818">
        <ele>908</ele>
      </trkpt>
      <trkpt lat="42.825181698426604" lon="-6.741890776902437">
        <ele>908.2000122070312</ele>
      </trkpt>
      <trkpt lat="42.825173484161496" lon="-6.74188164062798">
        <ele>908.2000122070312</ele>
      </trkpt>
      <trkpt lat="42.825167533010244" lon="-6.74187476746738">
        <ele>908.2000122070312</ele>
      </trkpt>
      <trkpt lat="42.825157307088375" lon="-6.741868061944842">
        <ele>908.4000244140625</ele>
      </trkpt>
      <trkpt lat="42.825149511918426" lon="-6.741865547373891">
        <ele>908.4000244140625</ele>
      </trkpt>
      <trkpt lat="42.825138699263334" lon="-6.741860518231988">
        <ele>908.5999755859375</ele>
      </trkpt>
      <trkpt lat="42.825127467513084" lon="-6.741854902356863">
        <ele>908.7999877929688</ele>
      </trkpt>
      <trkpt lat="42.8251127153635" lon="-6.741848699748516">
        <ele>908.7999877929688</ele>
      </trkpt>
      <trkpt lat="42.825096286833286" lon="-6.741841323673725">
        <ele>908.7999877929688</ele>
      </trkpt>
      <trkpt lat="42.82507969066501" lon="-6.74183470197022">
        <ele>909</ele>
      </trkpt>
      <trkpt lat="42.82506376504898" lon="-6.741830678656697">
        <ele>909</ele>
      </trkpt>
      <trkpt lat="42.825047336518764" lon="-6.741822129115462">
        <ele>909.2000122070312</ele>
      </trkpt>
      <trkpt lat="42.825035601854324" lon="-6.741815507411957">
        <ele>909.2000122070312</ele>
      </trkpt>
      <trkpt lat="42.82502319663763" lon="-6.741811651736498">
        <ele>909.5999755859375</ele>
      </trkpt>
      <trkpt lat="42.82501372508705" lon="-6.741809723898768">
        <ele>909.7999877929688</ele>
      </trkpt>
      <trkpt lat="42.82500375062227" lon="-6.7418070416897535">
        <ele>910</ele>
      </trkpt>
      <trkpt lat="42.8249900881201" lon="-6.741802850738168">
        <ele>910</ele>
      </trkpt>
      <trkpt lat="42.824971145018935" lon="-6.7417979054152966">
        <ele>910</ele>
      </trkpt>
      <trkpt lat="42.82495186664164" lon="-6.741792960092425">
        <ele>910</ele>
      </trkpt>
      <trkpt lat="42.82493954524398" lon="-6.7417902778834105">
        <ele>910</ele>
      </trkpt>
      <trkpt lat="42.82492898404598" lon="-6.741785919293761">
        <ele>910</ele>
      </trkpt>
      <trkpt lat="42.82491775229573" lon="-6.741785500198603">
        <ele>910.2000122070312</ele>
      </trkpt>
      <trkpt lat="42.824901323765516" lon="-6.741780722513795">
        <ele>910.4000244140625</ele>
      </trkpt>
      <trkpt lat="42.82488405704498" lon="-6.741777034476399">
        <ele>910.4000244140625</ele>
      </trkpt>
      <trkpt lat="42.824869975447655" lon="-6.741776363924146">
        <ele>910.7999877929688</ele>
      </trkpt>
      <trkpt lat="42.82485262490809" lon="-6.741773346439004">
        <ele>910.7999877929688</ele>
      </trkpt>
      <trkpt lat="42.82483451999724" lon="-6.741769826039672">
        <ele>910.7999877929688</ele>
      </trkpt>
      <trkpt lat="42.82482052221894" lon="-6.741765970364213">
        <ele>911</ele>
      </trkpt>
      <trkpt lat="42.82480870373547" lon="-6.741758594289422">
        <ele>911</ele>
      </trkpt>
      <trkpt lat="42.82479789108038" lon="-6.741750715300441">
        <ele>911</ele>
      </trkpt>
      <trkpt lat="42.8247881680727" lon="-6.74174384213984">
        <ele>911</ele>
      </trkpt>
      <trkpt lat="42.82477777451277" lon="-6.741738980636001">
        <ele>911.2000122070312</ele>
      </trkpt>
      <trkpt lat="42.82476796768606" lon="-6.741734119132161">
        <ele>911.2000122070312</ele>
      </trkpt>
      <trkpt lat="42.8247569873929" lon="-6.741730934008956">
        <ele>911.4000244140625</ele>
      </trkpt>
      <trkpt lat="42.82474659383297" lon="-6.741729844361544">
        <ele>911.4000244140625</ele>
      </trkpt>
      <trkpt lat="42.82473737373948" lon="-6.741727581247687">
        <ele>911.5999755859375</ele>
      </trkpt>
      <trkpt lat="42.824726393446326" lon="-6.741730263456702">
        <ele>911.5999755859375</ele>
      </trkpt>
      <trkpt lat="42.824714072048664" lon="-6.741730682551861">
        <ele>911.5999755859375</ele>
      </trkpt>
      <trkpt lat="42.82470392994583" lon="-6.741733951494098">
        <ele>911.7999877929688</ele>
      </trkpt>
      <trkpt lat="42.82468934543431" lon="-6.741736298426986">
        <ele>912</ele>
      </trkpt>
      <trkpt lat="42.82467635348439" lon="-6.741736717522144">
        <ele>912</ele>
      </trkpt>
      <trkpt lat="42.824662271887064" lon="-6.741736633703113">
        <ele>912</ele>
      </trkpt>
      <trkpt lat="42.82464441843331" lon="-6.741736633703113">
        <ele>912.2000122070312</ele>
      </trkpt>
      <trkpt lat="42.82463042065501" lon="-6.741737220436335">
        <ele>912.2000122070312</ele>
      </trkpt>
      <trkpt lat="42.824618853628635" lon="-6.741738561540842">
        <ele>912.4000244140625</ele>
      </trkpt>
      <trkpt lat="42.8246068675071" lon="-6.741738058626652">
        <ele>912.5999755859375</ele>
      </trkpt>
      <trkpt lat="42.8245965577662" lon="-6.741741914302111">
        <ele>912.7999877929688</ele>
      </trkpt>
      <trkpt lat="42.8245965577662" lon="-6.741741914302111">
        <ele>912.0636401814818</ele>
      </trkpt>
      <trkpt lat="42.824446622606075" lon="-6.742023102450901">
        <ele>919.0053096139359</ele>
      </trkpt>
      <trkpt lat="42.8243386736645" lon="-6.742399887311819">
        <ele>919.4872318908411</ele>
      </trkpt>
      <trkpt lat="42.8243386736645" lon="-6.742399887311819">
        <ele>919.4872318908411</ele>
      </trkpt>
      <trkpt lat="42.8243386736645" lon="-6.742399887311819">
        <ele>919.4872318908411</ele>
      </trkpt>
      <trkpt lat="42.824394807137736" lon="-6.742900304704563">
        <ele>922.1786403435686</ele>
      </trkpt>
      <trkpt lat="42.824394807137736" lon="-6.742900304704563">
        <ele>922.1786403435686</ele>
      </trkpt>
      <trkpt lat="42.82467547373935" lon="-6.7433241876736645">
        <ele>927.1880773545012</ele>
      </trkpt>
      <trkpt lat="42.82493225870124" lon="-6.743827474411639">
        <ele>929.8012951765319</ele>
      </trkpt>
      <trkpt lat="42.824951821148545" lon="-6.743865815910368">
        <ele>929.7175451130531</ele>
      </trkpt>
      <trkpt lat="42.824951821148545" lon="-6.743865815910368">
        <ele>929.7175451130531</ele>
      </trkpt>
      <trkpt lat="42.824951821148545" lon="-6.743865815910368">
        <ele>929.7175451130531</ele>
      </trkpt>
      <trkpt lat="42.82519794201957" lon="-6.744230826243978">
        <ele>929.948963142143</ele>
      </trkpt>
      <trkpt lat="42.82541815459976" lon="-6.744425105937495">
        <ele>930.2197020728546</ele>
      </trkpt>
      <trkpt lat="42.82541815459976" lon="-6.744425105937495">
        <ele>930.2197020728546</ele>
      </trkpt>
      <trkpt lat="42.82563404852493" lon="-6.744601723841782">
        <ele>930.476365977202</ele>
      </trkpt>
      <trkpt lat="42.825962205847134" lon="-6.744937297857604">
        <ele>931.1879759215703</ele>
      </trkpt>
      <trkpt lat="42.82622991184593" lon="-6.745172788396275">
        <ele>931.1232749658693</ele>
      </trkpt>
    </trkseg>
  </trk>
</gpx>
